CASE_ID,ACCIDENT_YEAR,PROC_DATE,JURIS,COLLISION_DATE,COLLISION_TIME,OFFICER_ID,REPORTING_DISTRICT,DAY_OF_WEEK,CHP_SHIFT,POPULATION,CNTY_CITY_LOC,SPECIAL_COND,BEAT_TYPE,CHP_BEAT_TYPE,CITY_DIVISION_LAPD,CHP_BEAT_CLASS,BEAT_NUMBER,PRIMARY_RD,SECONDARY_RD,DISTANCE,DIRECTION,INTERSECTION,WEATHER_1,WEATHER_2,STATE_HWY_IND,CALTRANS_COUNTY,CALTRANS_DISTRICT,STATE_ROUTE,ROUTE_SUFFIX,POSTMILE_PREFIX,POSTMILE,LOCATION_TYPE,RAMP_INTERSECTION,SIDE_OF_HWY,TOW_AWAY,COLLISION_SEVERITY,NUMBER_KILLED,NUMBER_INJURED,PARTY_COUNT,PRIMARY_COLL_FACTOR,PCF_CODE_OF_VIOL,PCF_VIOL_CATEGORY,PCF_VIOLATION,PCF_VIOL_SUBSECTION,HIT_AND_RUN,TYPE_OF_COLLISION,MVIW,PED_ACTION,ROAD_SURFACE,ROAD_COND_1,ROAD_COND_2,LIGHTING,CONTROL_DEVICE,CHP_ROAD_TYPE,PEDESTRIAN_ACCIDENT,BICYCLE_ACCIDENT,MOTORCYCLE_ACCIDENT,TRUCK_ACCIDENT,NOT_PRIVATE_PROPERTY,ALCOHOL_INVOLVED,STWD_VEHTYPE_AT_FAULT,CHP_VEHTYPE_AT_FAULT,COUNT_SEVERE_INJ,COUNT_VISIBLE_INJ,COUNT_COMPLAINT_PAIN,COUNT_PED_KILLED,COUNT_PED_INJURED,COUNT_BICYCLIST_KILLED,COUNT_BICYCLIST_INJURED,COUNT_MC_KILLED,COUNT_MC_INJURED,PRIMARY_RAMP,SECONDARY_RAMP,LATITUDE,LONGITUDE,COUNTY,CITY,POINT_X,POINT_Y
91693578,2022,2022-02-04,9745,2022-01-25,1559,018009,,2,2,9,4000,0,3,5,,2,005,MEHLSCHAU,"THOMPSON ROAD",2112.00,E,N,A,-,N,,,,,,,,,,N,3,0,1,2,A,-,11,21954,A,N,G,B,D,D,H,-,A,D,0,Y,,,,Y,Y,N,60,0,1,0,0,1,0,0,0,0,"- ","- ",35.056751251220703,-120.48107147216797,"SAN LUIS OBISPO",UNINCORPORATED,-120.48136901855469,35.056507110595703
91867830,2022,2022-09-19,9745,2022-09-07,0745,017541,,3,1,9,4000,0,1,2,,2,505,"US 101 NORTHBOUND","LOS BERROS RD.",5280.00,N,N,A,-,Y,SLO,,101,,,9.033,H,,R,Y,3,0,2,4,A,-,08,22107,,N,E,I,A,A,H,-,A,D,0,,,,,Y,Y,A,01,0,1,1,0,0,0,0,0,0,"- ","- ",35.083301544189453,-120.52934265136719,"SAN LUIS OBISPO",UNINCORPORATED,-120.52932739257812,35.083309173583984
91873349,2022,2022-09-26,9745,2022-09-21,1150,017151,,3,1,3,4001,0,1,2,,2,402,"US-101 SOUTHBOUND TO GRAND AVENUE OFFRAMP","GRAND AVE.",50.00,N,N,A,-,Y,,,,,,,,,,Y,3,0,1,2,A,-,03,22350,,M,C,C,A,A,H,-,A,D,0,,,Y,,Y,,C,02,0,1,0,0,0,0,0,0,1,"- ","- ",35.121181488037109,-120.58512878417969,"SAN LUIS OBISPO","ARROYO GRANDE",-120.58512878417969,35.121181488037109
91900041,2022,2022-10-26,9740,2022-10-20,2010,020302,,4,2,9,4000,0,3,5,,2,017,"MAIN ST.","8TH ST.",15.00,S,N,A,-,N,,,,,,,,,,N,4,0,1,2,A,-,03,22350,,N,C,C,A,A,H,-,C,D,0,,,,,Y,,D,22,0,0,1,0,0,0,0,0,0,"- ","- ",35.546379089355469,-120.70796203613281,"SAN LUIS OBISPO",UNINCORPORATED,-120.70785522460938,35.546474456787109
84750545,2025,2025-07-07,4006,2025-05-29,2157,10938,,4,5,4,4006,0,0,0,,0,,"SANTA ROSA ST","MILL ST",0.00,,Y,A,-,N,,,,,,,,,,N,3,0,1,2,D,-,00,,,N,D,G,A,A,H,-,C,A,0,,Y,,,Y,,-,"- ",0,1,0,0,0,0,1,0,0,"- ","- ",35.2841796875,-120.66132354736328,"SAN LUIS OBISPO","SAN LUIS OBISPO",-120.66146850585938,35.284320831298828
84787159,2025,2025-08-04,4006,2025-07-14,1448,98752,,1,5,4,4006,0,0,0,,0,,"HIGUERA ST","SUBURBAN RD",24.00,S,N,A,-,N,,,,,,,,,,N,4,0,2,2,A,-,08,22107,,N,B,C,A,A,H,-,A,D,0,,,,,Y,,A,01,0,0,2,0,0,0,0,0,0,"- ","- ",35.242691040039062,-120.67813110351562,"SAN LUIS OBISPO","SAN LUIS OBISPO",-120.67543792724609,35.243972778320312
84948044,2025,2025-11-26,4004,2025-11-13,1746,1384,,4,5,3,4004,0,0,0,,0,,"RT 46E","RT 101 NB OFFRAMP",44.00,E,N,C,-,Y,,,,,,,,,,Y,3,0,4,2,A,-,09,21800,A,N,C,C,A,B,H,-,C,A,0,,,,,Y,,A,01,0,1,3,0,0,0,0,0,0,"- ","- ",35.642429351806641,-120.68369293212891,"SAN LUIS OBISPO","PASO ROBLES",,
90038318,2015,2015-10-26,9745,2015-10-15,1112,012876,,4,1,9,4000,0,1,2,,1,101,"US-101 SOUTHBOUND","RESERVOIR CANYON RD",1584.00,N,N,B,-,Y,,,101,,,,,,S,Y,3,0,1,1,A,-,01,23152,A,M,F,A,A,A,H,-,A,D,0,,,,,Y,Y,A,01,0,1,0,0,0,0,0,0,0,"- ","- ",35.299599999999998,-120.62642,"SAN LUIS OBISPO",UNINCORPORATED,-120.62636431,35.299571309999997
91361985,2020,2020-12-09,9740,2020-12-05,0855,019800,,6,1,9,4000,0,3,5,,2,022,"NACIMIENTO LAKE DR","CHIMNEY ROCK RD",5808.00,N,N,A,-,N,,,,,,,,,,Y,3,0,1,2,A,-,07,21658,A,F,B,C,A,A,H,-,A,A,0,,,,,Y,,D,22,0,1,0,0,0,0,0,0,0,"- ","- ",35.699440002441406,-120.80928039550781,"SAN LUIS OBISPO",UNINCORPORATED,-120.77886962890625,35.688388824462891
91374297,2020,2020-12-23,9745,2020-12-16,1300,20229,,3,1,9,4000,0,3,5,,2,004,"DIVISION ST","BONITA SCHOOL RD",0.00,,Y,A,-,N,,,,,,,,,,Y,4,0,1,1,A,-,01,23152,F,M,E,I,A,A,H,-,A,A,0,,,,,Y,,A,01,0,0,1,0,0,0,0,0,0,"- ","- ",35.00360107421875,-120.51894378662109,"SAN LUIS OBISPO",UNINCORPORATED,-120.51895141601562,35.003551483154297
81937945,2022,2022-12-09,4006,2022-11-17,1629,89870,,4,5,4,4006,0,0,0,,0,,"MORRO ST","BUCHON ST",0.00,,Y,B,-,N,,,,,,,,,,Y,3,0,1,2,A,-,09,21802,A,N,D,G,A,A,H,-,A,A,0,,Y,,,Y,,A,07,0,1,0,0,0,0,1,0,0,"- ","- ",35.277500152587891,-120.65889739990234,"SAN LUIS OBISPO","SAN LUIS OBISPO",-120.65898132324219,35.277553558349609
84372567,2024,2024-08-28,4006,2024-08-15,2242,10938,,4,5,4,4006,0,0,0,,0,,"BROAD ST","MARSH ST",0.00,,Y,A,-,N,,,,,,,,,,Y,3,0,3,2,A,-,12,21453,A,N,D,C,A,A,H,-,C,A,0,,,,,Y,,A,01,0,3,0,0,0,0,0,0,0,"- ","- ",35.278049468994141,-120.66385650634766,"SAN LUIS OBISPO","SAN LUIS OBISPO",-120.66381072998047,35.278110504150391
84525972,2024,2025-01-06,4006,2024-12-20,1302,89870,,5,5,4,4006,0,0,0,,0,,"CHORRO ST","MEINECKE AVE",166.00,S,N,A,-,N,,,,,,,,,,N,2,0,1,3,A,-,08,22107,,F,G,B,E,A,H,-,A,D,0,Y,,,,Y,,E,22,1,0,0,0,1,0,0,0,0,"- ","- ",35.292530059814453,-120.66983032226562,"SAN LUIS OBISPO","SAN LUIS OBISPO",-120.66972351074219,35.291954040527344
84688183,2025,2025-05-15,4008,2025-03-26,"653 ",1125,,3,5,4,4008,0,0,0,,0,,"SANTA ROSA RD","EL CAMINO REAL",0.00,,Y,B,-,N,,,,,,,,,,N,4,0,2,3,A,-,03,22350,,N,C,C,A,A,H,-,B,A,0,,,,,Y,,A,01,0,0,2,0,0,0,0,0,0,"- ","- ",35.466781616210938,-120.64968109130859,"SAN LUIS OBISPO",ATASCADERO,-120.64957427978516,35.466850280761719
84688197,2025,2025-05-15,4008,2025-04-19,1856,3117,,6,5,4,4008,0,0,0,,0,,"MORRO RD","CAPISTRANO AVE",43.00,S,N,A,-,Y,,,,,,,,,,N,3,0,1,2,A,-,11,21461,5,N,G,B,B,A,H,-,A,A,0,Y,,,,Y,,N,60,0,1,0,0,1,0,0,0,0,"- ","- ",,,"SAN LUIS OBISPO",ATASCADERO,,
84732842,2025,2025-06-20,4001,2025-06-06,2056,P0174,,5,5,3,4001,0,0,0,,0,46-3,"GRAND AVE","BRISCO RD",353.00,E,N,A,-,N,,,,,,,,,,N,4,0,1,2,A,-,09,21804,A,N,D,C,A,A,H,-,C,D,0,,,,,Y,,A,01,0,0,1,0,0,0,0,0,0,"- ","- ",35.120258331298828,-120.59967041015625,"SAN LUIS OBISPO","ARROYO GRANDE",-120.59837341308594,35.120121002197266
6842218,2015,2016-10-19,9740,2015-03-14,1710,016089,,6,2,9,4000,0,1,2,,2,001,"RT 101","SAN RAMON RD",50.00,S,N,A,-,Y,SLO,5,101,-,-,49.310,H,-,N,N,4,0,1,2,A,-,07,21658,A,N,B,C,A,A,H,-,A,A,1,,,,,Y,,A,07,0,0,1,0,0,0,0,0,0,"- ","- ",35.529240000000001,-120.7068,"SAN LUIS OBISPO",UNINCORPORATED,-120.70437644,35.526457090000001
6879933,2015,2016-10-19,9745,2015-03-30,1630,15734,,1,2,2,4005,0,1,2,,2,404,"RT 101","AVILA BEACH DR",75.00,S,N,A,-,Y,SLO,5,101,-,R,21.100,H,-,S,Y,4,0,2,2,A,-,03,22350,,N,C,C,A,A,H,-,A,D,1,,,,,Y,,A,01,0,0,2,0,0,0,0,0,0,"- ","- ",35.179369999999999,-120.69926,"SAN LUIS OBISPO","PISMO BEACH",-120.69934708,35.179517050000001
6928763,2015,2015-06-09,9745,2015-05-13,0720,12601,,3,1,9,4000,0,2,4,,1,025,"LOS OSOS VLY RD","TURRI RD",11088.00,E,N,A,-,N,,,,,,,,,,Y,4,0,2,2,A,-,03,22350,,N,C,C,A,A,H,-,A,D,0,,,,,Y,,A,07,0,0,2,0,0,0,0,0,0,"- ","- ",35.287959999999998,-120.74239,"SAN LUIS OBISPO",UNINCORPORATED,-120.74254381999999,35.288040100000003
7026910,2015,2017-01-13,9745,2015-07-29,0520,013212,,3,3,3,4001,0,1,2,,2,402,"RT 101","OAK PARK BL",1584.00,S,N,B,-,Y,SLO,5,101,-,-,14.310,H,-,N,Y,4,0,1,1,C,-,18,,,N,H,H,A,A,H,-,D,D,1,,,Y,,Y,,-,"- ",0,0,1,0,0,0,0,0,1,"- ","- ",35.127949999999998,-120.60062000000001,"SAN LUIS OBISPO","ARROYO GRANDE",-120.60177018,35.12860878
7187289,2016,2016-03-04,4006,2016-02-07,0732,80908,,7,5,4,4006,0,0,0,,0,,"SANTA ROSA",MONTEREY,0.00,,Y,A,-,N,,,,,,,,,,Y,4,0,1,2,A,-,12,21453,A,N,D,C,A,A,H,-,A,A,0,,,,,Y,,A,01,0,0,1,0,0,0,0,0,0,"- ","- ",,,"SAN LUIS OBISPO","SAN LUIS OBISPO",-120.65995992000001,35.282600080000002
8072471,2016,2017-02-04,4008,2016-06-07,2000,4125,,2,5,4,4008,0,0,0,,0,,"RT 101","CURBARIL AV",0.00,,Y,A,-,Y,SLO,5,101,-,-,45.020,R,4,S,Y,3,0,1,1,A,-,03,22350,,N,E,I,A,A,H,-,B,A,0,,,,,Y,,A,01,0,1,0,0,0,0,0,0,0,SF,"- ",,,"SAN LUIS OBISPO",ATASCADERO,-120.65971355000001,35.47891087
6453986,2014,2014-08-06,4004,2014-04-11,0852,0476,04,5,5,3,4004,0,0,0,,0,048,SHERWOOD,CRESTON,18.00,E,N,B,-,N,,,,,,,,,,N,4,0,1,2,A,-,03,22350,,N,C,C,A,A,H,-,A,A,0,,,,,Y,,A,01,0,0,1,0,0,0,0,0,0,"- ","- ",,,"SAN LUIS OBISPO","PASO ROBLES",-120.65905945,35.615750319999997
6922323,2015,2016-11-03,9745,2015-05-04,2255,016514,,1,3,9,4000,0,1,3,,1,011,"RT 41","TORO CREEK RD",1056.00,N,N,A,-,Y,SLO,5,41,-,-,9.500,H,-,S,Y,4,0,1,1,A,-,08,22107,,N,E,I,A,A,H,-,D,D,0,,,,,Y,,A,01,0,0,1,0,0,0,0,0,0,"- ","- ",35.460340000000002,-120.74684000000001,"SAN LUIS OBISPO",UNINCORPORATED,-120.74689927,35.460219270000003
8018326,2016,2017-02-18,4008,2016-04-03,1214,3054,PRSC,7,5,4,4008,0,0,0,,0,,"DEL RIO RD","RT 101",0.00,,Y,A,-,Y,SLO,5,101,-,-,48.430,R,4,N,N,4,0,2,2,A,-,03,22350,,N,C,-,A,A,H,-,A,A,0,,,,,Y,,-,,0,0,2,0,0,0,0,0,0,"- ",NO,,,"SAN LUIS OBISPO",ATASCADERO,-120.70019154000001,35.514466740000003
9583401,2023,2023-07-20,4005,2023-06-27,"915 ",2626,PBI,2,5,2,4005,0,0,0,,0,,"PRIVATE DRWY - MIRAMAR LN","PALOMA AV",55.00,E,N,A,-,N,,,,,,,,,,N,3,0,1,1,A,-,03,22350,,N,E,I,A,A,H,-,A,D,0,,,,,Y,,A,01,0,1,0,0,0,0,0,0,0,"- ","- ",35.174709320068359,-120.70256805419922,"SAN LUIS OBISPO","PISMO BEACH",-120.70266723632812,35.174705505371094
81820918,2022,2022-07-20,4006,2022-06-13,1627,16380,,1,5,4,4006,0,0,0,,0,,"HWY 1 (SANTA ROSA)",OAK,124.00,S,N,A,-,N,,,,,,,,,,N,4,0,1,2,A,-,03,22350,,N,C,C,A,A,H,-,A,D,0,,,,,Y,,A,01,0,0,1,0,0,0,0,0,0,"- ","- ",35.288829803466797,-120.66533660888672,"SAN LUIS OBISPO","SAN LUIS OBISPO",-120.66536712646484,35.288806915283203
81989253,2023,2023-02-08,4004,2023-01-13,1820,1427,,5,5,3,4004,0,0,0,,0,,"SPRING ST","24TH ST",203.00,N,N,C,-,N,,,,,,,,,,N,4,0,1,2,A,-,03,22350,,N,C,C,A,B,H,-,C,A,0,,,,,Y,,A,01,0,0,1,0,0,0,0,0,0,"- ","- ",35.639259338378906,-120.69246673583984,"SAN LUIS OBISPO","PASO ROBLES",-120.69247436523438,35.639686584472656
92376119,2024,2024-04-26,9740,2024-04-21,1305,020057,,7,1,9,4000,0,1,3,,2,007,SR-41,"WOOD CANYON RD.",200.00,N,N,A,-,Y,SLO,,41," "," ",38.726,H,,R,Y,3,0,1,1,A,-,01,23152,A,N,F,0,A,A,H,-,A,D,0,,,,,Y,Y,A,07,0,1,0,0,0,0,0,0,0,"- ","- ",35.620170593261719,-120.39974212646484,"SAN LUIS OBISPO",UNINCORPORATED,-120.39974975585938,35.620170593261719
93149478,2024,2024-08-01,9740,2024-07-26,1510,023820,,5,2,9,4000,0,1,2,,2,002,"US-101 SOUTHBOUND","MAIN ST.",2429.00,N,N,A,-,Y,SLO,,101," "," ",52.911,H,,L,N,4,0,1,2,A,-,03,22350,,N,C,C,A,A,H,-,A,D,0,,,,,Y,,A,07,0,0,1,0,0,0,0,0,0,"- ","- ",35.572101593017578,-120.69880676269531,"SAN LUIS OBISPO",UNINCORPORATED,-120.69883728027344,35.572109222412109
94612818,2025,2025-03-21,9745,2025-02-07,"957 ",024166,,5,1,9,4000,0,1,3,,1,043,"SR-1 (WILLOW ROAD)","SHERIDAN RD",0.00,,Y,A,-,Y,SLO,,1," "," ",5.568,H,,R,Y,4,0,1,2,A,-,09,21801,A,M,D,C,A,A,H,-,A,D,0,,,,,Y,,D,22,0,0,1,0,0,0,0,0,0,"- ","- ",35.047340393066406,-120.57688903808594,"SAN LUIS OBISPO",UNINCORPORATED,-120.57688903808594,35.04730224609375
94951198,2025,2025-12-01,9740,2025-11-22,"820 ",021145,,6,1,9,4000,0,1,2,,2,002,"US-101 NORTHBOUND",SR-41,1056.00,N,N,B,-,Y,SLO,,101," "," ",45.736,H,,R,Y,4,0,1,1,A,-,08,22107,,N,E,8,A,A,H,-,A,D,0,,,,,Y,,A,07,0,0,1,0,0,0,0,0,0,"- ","- ",35.486751556396484,-120.66751861572266,"SAN LUIS OBISPO",UNINCORPORATED,-120.66748809814453,35.486785888671875
90848029,2018,2018-10-29,9745,2018-10-18,1907,017151,,4,2,9,4000,0,1,2,,1,101,"US-101 NORTHBOUND","STAGE COACH RD",5280.00,N,N,A,-,Y,,,101,,,,,,N,Y,2,0,1,2,A,-,03,22350,,N,C,C,A,A,H,-,D,D,0,,,,Y,Y,Y,A,07,1,0,0,0,0,0,0,0,0,"- ","- ",35.332199096679688,-120.62329864501953,"SAN LUIS OBISPO",UNINCORPORATED,-120.62338256835938,35.332138061523438
90895998,2018,2019-01-02,9745,2018-12-19,1722,016773,,3,2,9,4000,0,1,3,,1,011,SR-41,"MORRO CREEK RANCH RD",792.00,N,N,A,-,Y,,,41,,,,,,,Y,2,0,1,2,A,-,08,22107,,N,B,C,A,A,H,-,B,D,0,,,,,Y,,A,08,1,0,0,0,0,0,0,0,0,"- ","- ",35.400989532470703,-120.82462310791016,"SAN LUIS OBISPO",UNINCORPORATED,-120.82464599609375,35.401050567626953
90940074,2019,2019-03-05,9740,2019-02-23,1945,016816,,6,2,9,4000,0,3,5,,2,019,"ESTRELLA RD","AIRPORT RD",3696.00,W,N,A,-,N,,,,,,,,,,Y,4,0,1,1,A,-,01,23152,A,N,E,I,A,A,H,-,D,D,0,,,,,Y,Y,D,22,0,0,1,0,0,0,0,0,0,"- ","- ",35.721450805664062,-120.64946746826172,"SAN LUIS OBISPO",UNINCORPORATED,-120.64947509765625,35.721260070800781
90964618,2019,2019-04-09,9745,2019-04-05,1710,020417,,5,2,9,4000,0,1,2,,2,505,"US-101 SOUTHBOUND","LOS BERROS RD",1056.00,N,N,B,-,Y,,,101,,,,,,S,Y,4,0,1,2,A,-,03,22350,,N,C,C,A,A,H,-,A,D,0,,,,,Y,,A,07,0,0,1,0,0,0,0,0,0,"- ","- ",35.074069976806641,-120.51902770996094,"SAN LUIS OBISPO",UNINCORPORATED,-120.51905059814453,35.074047088623047
6386749,2014,2014-06-17,4008,2014-02-23,0245,4055,,7,5,4,4008,0,0,0,,0,,"ARDILLA RD","SAN ANSELMO RD",528.00,W,N,A,-,N,,,,,,,,,,Y,4,0,1,1,A,-,01,23152,A,M,B,I,A,A,H,-,D,D,0,,,,,Y,Y,A,01,0,0,1,0,0,0,0,0,0,"- ","- ",35.490400000000001,-120.68539,"SAN LUIS OBISPO",ATASCADERO,-120.68541342,35.490362169999997
6389935,2014,2014-06-13,4004,2014-02-06,1413,0890,03,4,5,3,4004,0,0,0,,0,310,UNION,RIVERGLEN,200.00,W,N,C,-,N,,,,,,,,,,Y,4,0,1,1,A,-,03,22350,,N,F,I,A,B,H,-,A,A,0,,,,,Y,,D,22,0,0,1,0,0,0,0,0,0,"- ","- ",,,"SAN LUIS OBISPO","PASO ROBLES",-120.6801303,35.630857380000002
6397026,2014,2014-06-07,4006,2014-01-22,1451,27940,,3,5,4,4006,0,0,0,,0,,"LOS OSOS VALLEY","CALLE JOAQUIN",0.00,,Y,A,-,N,,,,,,,,,,Y,3,0,3,2,A,-,12,21453,A,N,D,C,A,A,H,-,A,A,0,,,,,Y,,A,01,0,1,2,0,0,0,0,0,0,"- ","- ",,,"SAN LUIS OBISPO","SAN LUIS OBISPO",-120.68302994,35.24673009
6414377,2014,2016-01-11,9745,2014-03-02,0545,011620,,7,3,9,4000,0,1,3,,2,023,"RT 1","STENNER CREEK RD",1584.00,S,N,B,C,Y,SLO,5,1,-,-,20.590,H,-,N,Y,4,0,1,1,A,-,03,22350,,N,E,I,A,B,H,-,B,D,1,,,,,Y,,A,01,0,0,1,0,0,0,0,0,0,"- ","- ",35.340760000000003,-120.6776,"SAN LUIS OBISPO",UNINCORPORATED,-120.71113973,35.31968414
6428103,2014,2015-11-16,9740,2014-03-14,1520,019259,,5,2,3,4004,0,1,2,,2,002,"RT 101","MAIN ST",4224.00,N,N,A,-,Y,SLO,5,101,-,-,53.240,H,-,S,Y,2,0,1,2,A,-,03,22350,,N,C,C,A,A,H,-,A,D,1,,,Y,,Y,,C,02,1,0,0,0,0,0,0,0,1,"- ","- ",35.576079999999997,-120.69745,"SAN LUIS OBISPO","PASO ROBLES",-120.69749462,35.576628919999997
6444584,2014,2014-07-03,4006,2014-03-03,2018,53500,,1,5,4,4006,0,0,0,,0,,"HIGUERA ST",HIGUERA,134.00,W,N,A,-,N,,,,,,,,,,N,3,0,1,2,A,-,08,22107,,N,D,G,A,A,H,-,C,D,0,,Y,,,Y,,-,,0,1,0,0,0,0,1,0,0,"- ","- ",,,"SAN LUIS OBISPO","SAN LUIS OBISPO",-120.67046000000001,35.268270000000001
6463013,2014,2016-03-09,9740,2014-04-12,0020,014543,,6,3,9,4000,0,3,5,,2,022,"ANDERSON RD","RT 46",1056.00,N,N,A,-,N,,,,,,,,,,Y,2,0,1,1,A,-,01,23152,A,N,E,I,A,A,H,-,D,D,0,,,,,Y,Y,D,22,1,0,0,0,0,0,0,0,0,"- ","- ",35.567869999999999,-120.73692,"SAN LUIS OBISPO",UNINCORPORATED,-120.73530494000001,35.575520910000002
6471360,2014,2016-04-09,9745,2014-04-25,1330,012601,,5,1,9,4000,0,2,4,,1,048,"AVILA BEACH DR","RT 101",60.00,E,N,B,-,Y,SLO,5,101,-,R,20.860,R,4,N,N,3,0,1,2,A,-,12,22450,A,N,B,C,A,A,D,-,A,A,1,,,,,Y,,A,01,0,1,0,0,0,0,0,0,0,"- ","- ",35.17998,-120.69889000000001,"SAN LUIS OBISPO",UNINCORPORATED,-120.69747197,35.176170710000001
6471945,2014,2016-04-09,4004,2014-04-13,1646,1062,02,7,5,3,4004,0,0,0,,0,028,"RT 46",THEATRE,65.00,E,N,A,-,Y,SLO,5,46,-,R,21.950,H,-,E,N,4,0,2,2,A,-,03,22350,,N,C,C,A,A,H,-,A,A,0,,,,,Y,,A,01,0,0,2,0,0,0,0,0,0,"- ","- ",,,"SAN LUIS OBISPO","PASO ROBLES",-120.69621708,35.58944151
6479723,2014,2016-04-05,9740,2014-04-28,1207,13952,,1,1,9,4000,0,1,3,,1,006,"RT 229","RT 58",7392.00,N,N,A,-,Y,SLO,5,229,-,-,1.400,H,-,S,N,2,0,1,1,A,-,03,22350,,N,E,I,A,A,H,-,A,D,0,,Y,,,Y,,L,04,1,0,0,0,0,0,1,0,0,"- ","- ",35.441139999999997,-120.54512,"SAN LUIS OBISPO",UNINCORPORATED,-120.54469663,35.441972569999997
6482921,2014,2016-04-07,9740,2014-04-19,0650,14662,,6,1,4,4008,0,1,2,,2,001,"RT 101","SANTA BARBARA RD",1584.00,N,N,B,E,Y,SLO,5,101,-,-,42.700,H,-,S,Y,3,0,2,1,A,-,08,22107,,N,E,I,A,A,H,-,A,-,1,,,,,Y,Y,A,07,0,2,0,0,0,0,0,0,0,"- ","- ",35.4499,-120.6396,"SAN LUIS OBISPO",ATASCADERO,-120.63948250999999,35.449684050000002
6514238,2014,2016-01-11,4003,2014-01-18,1645,P2413,3,6,5,2,4003,0,0,0,,0,001,"MAIN ST","RT 1",0.00,,Y,A,-,Y,SLO,5,1,-,-,29.460,R,4,S,N,3,0,1,2,A,-,08,21717,,N,H,G,A,A,H,-,A,D,0,,Y,,,Y,,A,01,0,1,0,0,0,0,1,0,0,"- ","- ",,,"SAN LUIS OBISPO","MORRO BAY",-120.84902491,35.372251970000001
6533016,2014,2014-07-18,4001,2014-03-11,1228,P069,,2,5,3,4001,0,0,0,,0,CITY,"FAIR OAKS AV","WOODLAND DR",865.00,E,N,A,-,N,,,,,,,,,,Y,4,0,1,1,A,-,03,22350,,N,F,I,A,A,H,-,A,B,0,,,,,Y,,A,01,0,0,1,0,0,0,0,0,0,"- ","- ",,,"SAN LUIS OBISPO","ARROYO GRANDE",-120.58540352,35.112789810000002
6546964,2014,2014-08-22,9745,2014-07-04,2314,017541,,5,3,9,4000,0,2,4,,1,025,"LOS OSOS VALLEY RD","DORIS AV",280.00,E,N,A,-,N,,,,,,,,,,Y,4,0,1,2,A,-,03,22350,,F,C,C,A,A,H,-,D,D,0,,,,,Y,,D,22,0,0,1,0,0,0,0,0,0,"- ","- ",35.312629999999999,-120.84702,"SAN LUIS OBISPO",UNINCORPORATED,-120.84694304,35.312637410000001
6565427,2014,2014-08-26,4006,2014-07-03,1333,10140,4006,4,5,4,4006,0,0,0,,0,,"TANK FARM",BROAD,11.00,W,N,A,-,N,,,,,,,,,,N,4,0,1,2,A,-,10,21950,A,F,G,B,B,A,H,-,A,A,0,Y,,,,Y,,A,01,0,0,1,0,1,0,0,0,0,"- ","- ",,,"SAN LUIS OBISPO","SAN LUIS OBISPO",-120.6430534,35.24833727
6596143,2014,2014-09-10,9740,2014-08-11,1513,14622,,1,2,9,4000,0,3,5,,2,019,"NORTH RIVER RD","WELLSONA RD",6864.00,S,N,A,-,N,,,,,,,,,,Y,2,0,1,1,C,-,18,,,N,H,A,A,A,H,-,A,D,0,,,,,Y,,-,"- ",1,0,0,0,0,0,0,0,0,"- ","- ",35.677819999999997,-120.68598,"SAN LUIS OBISPO",UNINCORPORATED,-120.68095,35.69585
6596454,2014,2016-05-04,9745,2014-08-20,1535,013531,,3,2,4,4006,0,1,2,,2,303,"RT 101","LOS OSOS VALLEY RD",65.00,S,N,A,-,Y,SLO,5,101,-,R,25.630,R,1,N,N,4,0,1,2,A,-,03,22350,,N,C,C,A,A,H,-,A,D,1,,,,,Y,,A,01,0,0,1,0,0,0,0,0,0,TO,"- ",35.243259999999999,-120.68186,"SAN LUIS OBISPO","SAN LUIS OBISPO",-120.68347347,35.241003990000003
6600041,2014,2016-05-04,4008,2014-08-12,2050,3152,,2,5,4,4008,0,0,0,,0,,"MORRO RD","EL CAMINO REAL",61.00,W,N,A,-,Y,SLO,5,41,-,-,15.950,H,-,N,Y,4,0,3,2,A,-,01,23152,A,N,C,C,A,A,H,-,C,A,0,,,,,Y,Y,D,22,0,0,3,0,0,0,0,0,0,"- ","- ",,,"SAN LUIS OBISPO",ATASCADERO,-120.66487152000001,35.48610584
6618200,2014,2015-04-17,4004,2014-07-30,1406,376,01,3,5,3,4004,0,0,0,,0,1-3,24TH,RIVERSIDE,240.00,E,N,A,-,N,,,,,,,,,,Y,4,0,1,2,A,-,09,21804,A,N,D,C,A,A,H,-,A,A,0,,,,,Y,,A,01,0,0,1,0,0,0,0,0,0,"- ","- ",,,"SAN LUIS OBISPO","PASO ROBLES",-120.68753744,35.640262890000002
6623070,2014,2014-09-25,4003,2014-08-09,2032,H9596,6,6,5,2,4003,0,0,0,,0,001,"MAIN ST","HILL ST",0.00,,Y,A,-,N,,,,,,,,,,N,4,0,1,2,A,-,03,22350,,N,C,C,A,A,H,-,C,A,0,,,,,Y,,D,22,0,0,1,0,0,0,0,0,0,"- ","- ",,,"SAN LUIS OBISPO","MORRO BAY",-120.85601988000001,35.382480039999997
6627700,2014,2014-09-29,9740,2014-09-03,2320,019259,,3,3,9,4000,0,3,5,,2,017,"S EL POMAR","CRESTON RD",3432.00,S,N,A,-,N,,,,,,,,,,Y,2,0,1,1,A,-,01,23152,A,N,F,A,A,A,H,-,D,D,0,,,,,Y,Y,A,07,1,0,0,0,0,0,0,0,0,"- ","- ",35.569189999999999,-120.60723,"SAN LUIS OBISPO",UNINCORPORATED,-120.6068612,35.564692749999999
6628672,2014,2016-05-09,9740,2014-09-05,1910,014543,,5,2,9,4000,0,1,3,,2,008,"RT 46","JARDINE RD",2112.00,E,N,A,-,Y,SLO,5,46,-,-,35.040,H,-,E,N,3,0,1,1,C,-,18,,,N,E,H,A,A,H,-,B,D,0,,,,,Y,,-,"- ",0,1,0,0,0,0,0,0,0,"- ","- ",35.659179999999999,-120.59483,"SAN LUIS OBISPO",UNINCORPORATED,-120.59663467999999,35.659306579999999