CASE_ID,ACCIDENT_YEAR,PROC_DATE,JURIS,COLLISION_DATE,COLLISION_TIME,OFFICER_ID,REPORTING_DISTRICT,DAY_OF_WEEK,CHP_SHIFT,POPULATION,CNTY_CITY_LOC,SPECIAL_COND,BEAT_TYPE,CHP_BEAT_TYPE,CITY_DIVISION_LAPD,CHP_BEAT_CLASS,BEAT_NUMBER,PRIMARY_RD,SECONDARY_RD,DISTANCE,DIRECTION,INTERSECTION,WEATHER_1,WEATHER_2,STATE_HWY_IND,CALTRANS_COUNTY,CALTRANS_DISTRICT,STATE_ROUTE,ROUTE_SUFFIX,POSTMILE_PREFIX,POSTMILE,LOCATION_TYPE,RAMP_INTERSECTION,SIDE_OF_HWY,TOW_AWAY,COLLISION_SEVERITY,NUMBER_KILLED,NUMBER_INJURED,PARTY_COUNT,PRIMARY_COLL_FACTOR,PCF_CODE_OF_VIOL,PCF_VIOL_CATEGORY,PCF_VIOLATION,PCF_VIOL_SUBSECTION,HIT_AND_RUN,TYPE_OF_COLLISION,MVIW,PED_ACTION,ROAD_SURFACE,ROAD_COND_1,ROAD_COND_2,LIGHTING,CONTROL_DEVICE,CHP_ROAD_TYPE,PEDESTRIAN_ACCIDENT,BICYCLE_ACCIDENT,MOTORCYCLE_ACCIDENT,TRUCK_ACCIDENT,NOT_PRIVATE_PROPERTY,ALCOHOL_INVOLVED,STWD_VEHTYPE_AT_FAULT,CHP_VEHTYPE_AT_FAULT,COUNT_SEVERE_INJ,COUNT_VISIBLE_INJ,COUNT_COMPLAINT_PAIN,COUNT_PED_KILLED,COUNT_PED_INJURED,COUNT_BICYCLIST_KILLED,COUNT_BICYCLIST_INJURED,COUNT_MC_KILLED,COUNT_MC_INJURED,PRIMARY_RAMP,SECONDARY_RAMP,LATITUDE,LONGITUDE,COUNTY,CITY,POINT_X,POINT_Y
81800528,2022,2022-06-22,4006,2022-06-07,1745,89870,,2,5,4,4006,0,0,0,,0,,"RAMONA DR","PALOMAR AVE",236.00,E,N,A,-,N,,,,,,,,,,N,4,0,1,2,A,-,09,21801,A,N,D,C,A,A,H,-,A,D,0,,,Y,,Y,,A,07,0,0,1,0,0,0,0,0,1,"- ","- ",35.29302978515625,-120.67440795898438,"SAN LUIS OBISPO","SAN LUIS OBISPO",-120.67352294921875,35.292793273925781
81809643,2022,2022-07-04,4006,2022-06-19,1225,98169,,7,5,4,4006,0,0,0,,0,,"OSOS ST","PEACH ST",0.00,,Y,-,-,N,,,,,,,,,,Y,3,0,2,2,A,-,09,21802,A,N,D,C,A,A,H,-,A,A,0,,,,,Y,,A,01,0,2,0,0,0,0,0,0,0,"- ","- ",35.284210205078125,-120.66339874267578,"SAN LUIS OBISPO","SAN LUIS OBISPO",-120.66358947753906,35.2843017578125
81829341,2022,2022-08-01,4006,2022-07-16,1331,98137,,6,5,4,4006,0,0,0,,0,,"TANK FARM RD","MORNING GLORY WAY",370.00,E,N,A,-,N,,,,,,,,,,Y,2,0,1,2,A,-,11,21954,A,N,G,B,D,A,H,-,A,D,0,Y,,,,Y,,N,60,1,0,0,0,1,0,0,0,0,"- ","- ",35.249469757080078,-120.63632965087891,"SAN LUIS OBISPO","SAN LUIS OBISPO",-120.63508605957031,35.249526977539062
81915891,2022,2022-11-14,4004,2022-11-02,0735,1513,,3,5,3,4004,0,0,0,,0,,"NICKERSON DR","CRAZY HORSE DR",0.00,,Y,A,-,N,,,,,,,,,,N,3,0,1,2,A,-,09,21800,A,N,D,G,A,B,H,-,A,D,0,,Y,,,Y,,L,04,0,1,0,0,0,0,1,0,0,"- ","- ",35.621170043945312,-120.67147827148438,"SAN LUIS OBISPO","PASO ROBLES",-120.67140197753906,35.621883392333984
81963969,2022,2023-01-10,4006,2022-12-14,0841,16380,,3,5,4,4006,0,0,0,,0,,"BRIDGE ST","BEEBEE ST",230.00,W,N,A,-,N,,,,,,,,,,N,4,0,1,2,A,-,13,22515,A,N,B,E,A,B,H,-,A,D,0,,,,,Y,,D,22,0,0,1,0,0,0,0,0,0,"- ","- ",35.267669677734375,-120.66803741455078,"SAN LUIS OBISPO","SAN LUIS OBISPO",-120.66874694824219,35.267745971679688
82020251,2023,2023-03-17,4006,2023-02-23,1228,16380,,4,5,4,4006,0,0,0,,0,,"FOOTHILL BLVD","CASA ST",0.00,,Y,B,-,N,,,,,,,,,,N,4,0,1,2,A,-,09,21802,A,N,D,C,A,B,H,-,A,A,0,,,Y,,Y,,A,01,0,0,1,0,0,0,0,0,1,"- ","- ",35.294349670410156,-120.66583251953125,"SAN LUIS OBISPO","SAN LUIS OBISPO",-120.66583251953125,35.2943115234375
8202049,2016,2017-01-19,4008,2016-12-20,1456,3013,,2,5,4,4008,0,0,0,,0,,"CURBARIL AV","VALLE AV",0.00,,Y,A,-,N,,,,,,,,,,N,4,0,2,2,A,-,03,22350,,N,C,C,A,A,H,-,A,A,0,,,,,Y,,D,22,0,0,2,0,0,0,0,0,0,"- ","- ",35.484259999999999,-120.65131,"SAN LUIS OBISPO",ATASCADERO,-120.65153995999999,35.484200059999999
82085248,2023,2023-06-05,4008,2023-05-01,1530,4145,,1,5,4,4008,0,0,0,,0,,"MORRO RD","OLD MORRO RD EAST (E)",0.00,,Y,A,-,Y,SLO,,41," "," ",14.111,H,,R,Y,3,0,1,2,A,-,03,22350,,N,A,C,A,A,H,-,A,D,0,,,Y,,Y,,C,02,0,1,0,0,0,0,0,0,1,"- ","- ",35.461971282958984,-120.67674255371094,"SAN LUIS OBISPO",ATASCADERO,-120.67668914794922,35.461898803710938
82137104,2023,2023-08-09,4008,2023-07-25,"631 ",1112,,2,5,4,4008,0,0,0,,0,,"TRAFFIC WAY","BAJADA AVE",20.00,W,N,A,-,N,,,,,,,,,,Y,3,0,2,4,A,-,03,22350,,N,B,C,A,A,H,-,A,A,0,,,,,Y,,A,01,0,2,0,0,0,0,0,0,0,"- ","- ",,,"SAN LUIS OBISPO",ATASCADERO,-120.66777801513672,35.496200561523438
82161880,2023,2023-09-05,4006,2023-08-19,"154 ",90046,,6,5,4,4006,0,0,0,,0,,"HIGUERA ST","MARSH ST",0.00,,Y,A,-,N,,,,,,,,,,Y,2,0,1,1,A,-,01,23152,A,N,E,I,A,A,H,-,C,A,0,,,Y,,Y,Y,-,"- ",1,0,0,0,0,0,0,0,1,"- ","- ",35.274749755859375,-120.669189453125,"SAN LUIS OBISPO","SAN LUIS OBISPO",-120.66934204101562,35.2747802734375
82250837,2023,2023-12-04,4001,2023-11-15,1237,P0139,,3,5,3,4001,0,0,0,,0,46-3,"HALCYON RD","PARK WAY",0.00,,Y,C,-,N,,,,,,,,,,Y,4,0,1,2,A,-,09,21801,A,N,A,C,A,B,H,-,A,D,0,,,,,Y,,A,01,0,0,1,0,0,0,0,0,0,"- ","- ",,,"SAN LUIS OBISPO","ARROYO GRANDE",-120.59158325195312,35.117568969726562
82263749,2023,2023-12-18,4006,2023-11-24,1036,99295,4006,5,5,4,4006,0,0,0,,0,,"MARSH ST","BROAD ST",0.00,,Y,-,-,N,,,,,,,,,,N,2,0,1,2,D,-,00,,,N,D,G,A,A,H,-,A,A,0,,Y,,,Y,,-,"- ",1,0,0,0,0,0,1,0,0,"- ","- ",35.278049468994141,-120.66385650634766,"SAN LUIS OBISPO","SAN LUIS OBISPO",-120.66381072998047,35.278110504150391
82270099,2023,2023-12-25,4001,2023-12-04,"931 ",P0148,,1,5,3,4001,0,0,0,,0,,"HALCYON RD","TODD LN",0.00,,Y,A,-,N,,,,,,,,,,N,4,0,2,2,A,-,09,21804,A,N,D,C,A,A,H,-,A,A,0,,,,,Y,Y,A,01,0,0,2,0,0,0,0,0,0,"- ","- ",35.112049102783203,-120.59159851074219,"SAN LUIS OBISPO","ARROYO GRANDE",-120.59161376953125,35.111988067626953
82270477,2023,2023-12-26,4006,2023-12-13,1459,99747,,3,5,4,4006,0,0,0,,0,,"BROAD ST","FIERO LN",0.00,,Y,A,-,N,,,,,,,,,,N,3,0,2,3,A,-,03,22350,,N,C,C,A,A,H,-,A,D,0,,,,,Y,,A,01,0,2,0,0,0,0,0,0,0,"- ","- ",35.244640350341797,-120.64128112792969,"SAN LUIS OBISPO","SAN LUIS OBISPO",-120.64115905761719,35.244682312011719
82289803,2023,2024-01-18,4004,2023-12-28,1336,1448,,4,5,3,4004,0,0,0,,0,------,"GOLDEN HILL RD","TRACTOR ST",375.00,S,N,A,-,N,,,,,,,,,,Y,4,0,1,2,A,-,08,22107,,N,C,C,A,A,H,-,A,A,0,,,,,Y,,A,07,0,0,1,0,0,0,0,0,0,"- ","- ",35.647079467773438,-120.65789031982422,"SAN LUIS OBISPO","PASO ROBLES",-120.6580810546875,35.646049499511719
82304886,2024,2024-02-05,4006,2024-01-23,1530,108306,,2,5,4,4006,0,0,0,,0,,"LOS OSOS VALLEY RD","MADONNA RD",0.00,,Y,A,-,N,,,,,,,,,,N,3,0,1,2,A,-,05,21650,1,N,D,G,A,A,H,-,A,D,0,,Y,,,Y,,L,04,0,1,0,0,0,0,1,0,0,"- ","- ",35.256599426269531,-120.69075012207031,"SAN LUIS OBISPO","SAN LUIS OBISPO",-120.69077301025391,35.256626129150391
82316765,2024,2024-02-19,4006,2024-02-02,2248,99106,,5,5,4,4006,0,0,0,,0,,"BROAD ST","EL CAPITAN WAY",70.00,N,N,A,-,N,,,,,,,,,,N,2,0,1,2,A,-,11,21954,A,N,G,B,D,A,H,-,D,D,0,Y,,,,Y,,N,60,1,0,0,0,1,0,0,0,0,"- ","- ",35.246551513671875,-120.64217376708984,"SAN LUIS OBISPO","SAN LUIS OBISPO",-120.64218139648438,35.246738433837891
82328038,2024,2024-03-04,4006,2024-02-12,"708 ",00161,,1,5,4,4006,0,0,0,,0,,"MORRO ST","MONTEREY ST",0.00,,Y,A,-,N,,,,,,,,,,N,3,0,1,2,A,-,09,21800,B,N,B,D,A,A,H,-,A,B,0,,,,,Y,,-,"- ",0,1,0,0,0,0,0,0,0,"- ","- ",35.281150817871094,-120.6622314453125,"SAN LUIS OBISPO","SAN LUIS OBISPO",-120.66232299804688,35.281269073486328
82425586,2024,2024-06-28,4004,2024-03-26,"619 ",1511,,2,5,3,4004,0,0,0,,0,,"SPRING ST","32ND ST",45.00,N,N,A,-,N,,,,,,,,,,Y,4,0,1,2,A,-,21,22106,,F,D,C,A,B,H,-,C,D,0,,,,,Y,,D,22,0,0,1,0,0,0,0,0,0,"- ","- ",35.647281646728516,-120.69232940673828,"SAN LUIS OBISPO","PASO ROBLES",-120.69315338134766,35.647651672363281
82443127,2024,2024-07-19,4008,2024-07-03,"910 ",2114,,3,5,4,4008,0,0,0,,0,,"CAPISTRANO AVE","MORRO ROAD",405.00,N,N,A,-,N,,,,,,,,,,Y,3,0,1,2,A,-,03,22350,,N,C,C,A,A,H,-,A,D,0,,,,,Y,,A,01,0,1,0,0,0,0,0,0,0,"- ","- ",,,"SAN LUIS OBISPO",ATASCADERO,,
8281951,2016,2017-01-24,4006,2016-12-14,1719,16380,,3,5,4,4006,0,0,0,,0,,MADONNA,DALIDIO,442.00,E,N,A,-,N,,,,,,,,,,Y,4,0,2,3,A,-,03,22350,,N,C,C,A,A,H,-,C,A,0,,,,,Y,,A,01,0,0,2,0,0,0,0,0,0,"- ","- ",,,"SAN LUIS OBISPO","SAN LUIS OBISPO",-120.67895315,35.262026380000002
8288796,2017,2017-04-14,4006,2017-02-23,1816,67850,,4,5,4,4006,0,0,0,,0,,RAMONA,VERDE,9.00,W,N,A,-,N,,,,,,,,,,N,4,0,1,2,A,-,03,22350,,N,C,G,A,A,H,-,D,D,0,,Y,,,Y,,A,01,0,0,1,0,0,0,1,0,0,"- ","- ",35.175739999999998,-120.40585,"SAN LUIS OBISPO","SAN LUIS OBISPO",-120.67651015,35.292930390000002
8346253,2017,2017-04-19,4006,2017-03-09,1512,80908,,4,5,4,4006,0,0,0,,0,,FOOTHILL,"SANTA ROSA",277.00,W,N,A,-,N,,,,,,,,,,N,4,0,1,2,A,-,08,21717,,N,B,G,A,A,H,-,A,A,0,,Y,,,Y,,A,01,0,0,1,0,0,0,1,0,0,"- ","- ",35.294150000000002,-120.66913,"SAN LUIS OBISPO","SAN LUIS OBISPO",-120.66898802999999,35.294076410000002
8360985,2017,2018-03-16,4008,2017-05-02,1414,3152,,2,5,4,4008,0,0,0,,0,,"MORRO RD","SAN GABRIEL RD",1127.00,W,N,A,-,Y,SLO,5,41,-,-,14.000,H,-,S,Y,3,0,2,2,A,-,09,21801,A,N,D,C,A,A,H,-,A,D,0,,,,,Y,,A,01,0,1,1,0,0,0,0,0,0,"- ","- ",35.462760000000003,-120.67505,"SAN LUIS OBISPO",ATASCADERO,-120.67839648,35.46090864
8362404,2017,2018-03-16,4004,2017-05-05,1507,0476,01,5,5,3,4004,0,0,0,,0,1-1,"RT 101","36TH ST",282.00,N,N,A,-,Y,SLO,5,101,-,-,59.020,R,1,S,Y,3,0,1,2,A,-,03,22350,,N,C,C,A,A,H,-,A,A,0,,,,,Y,,A,01,0,1,0,0,0,0,0,0,0,SF,"- ",,,"SAN LUIS OBISPO","PASO ROBLES",-120.69619514999999,35.65455686
8371634,2017,2018-03-16,4006,2017-04-28,1143,16380,,5,5,4,4006,0,0,0,,0,,"RT 1",MURRAY,150.00,N,N,A,-,Y,SLO,5,1,-,-,17.140,H,-,S,Y,4,0,1,2,A,-,03,22350,,N,C,C,A,A,H,-,A,A,0,,,,,Y,,A,01,0,0,1,0,0,0,0,0,0,"- ","- ",35.172899999999998,-120.40513,"SAN LUIS OBISPO","SAN LUIS OBISPO",-120.66714340999999,35.29126419
8407264,2017,2017-07-18,4005,2017-06-14,0723,P107,1,3,5,2,4005,0,0,0,,0,,"SHELL BEACH",ENCANTO,20.00,N,N,A,-,N,,,,,,,,,,Y,4,0,1,1,A,-,01,23152,E,N,E,I,A,A,H,-,A,D,0,,,,,Y,,A,07,0,0,1,0,0,0,0,0,0,"- ","- ",,,"SAN LUIS OBISPO","PISMO BEACH",-120.69721903999999,35.173394620000003
8423669,2017,2017-08-30,4006,2017-07-07,2106,88911,,5,5,4,4006,0,0,0,,0,,"S HIGUERA","LOS OSOS VALLEY RD",560.00,S,N,A,-,N,,,,,,,,,,Y,3,0,2,2,A,-,07,21658,A,N,E,-,A,A,H,-,C,D,0,,,,Y,Y,,A,01,0,2,0,0,0,0,0,0,0,"- ","- ",35.142580000000002,-120.40391,"SAN LUIS OBISPO","SAN LUIS OBISPO",-120.67756614,35.240645700000002
84378610,2024,2024-09-03,4006,2024-08-15,1730,16380,,4,5,4,4006,0,0,0,,0,,"MADONNA RD","RT 101 NB ONRAMP",16.00,W,N,A,-,Y,,,,,,,,,,N,4,0,1,2,D,-,00,,,N,C,C,A,A,H,-,B,A,0,,,,,Y,,-,"- ",0,0,1,0,0,0,0,0,0,"- ","- ",35.266559600830078,-120.67304229736328,"SAN LUIS OBISPO","SAN LUIS OBISPO",,
8438995,2017,2017-08-28,4004,2017-08-11,1218,1208,02,5,5,3,4004,0,0,0,,0,022,11TH,SPRING,0.00,,Y,A,-,N,,,,,,,,,,Y,4,0,1,2,A,-,03,22350,,N,C,C,A,A,H,-,A,D,0,,,,,Y,,A,01,0,0,1,0,0,0,0,0,0,"- ","- ",,,"SAN LUIS OBISPO","PASO ROBLES",-120.69130989,35.625610049999999
84437950,2024,2024-10-21,4006,2024-10-07,1345,16380,,1,5,4,4006,0,0,0,,0,,"SACRAMENTO DR","CAPITOLIO WAY",21.00,N,N,A,-,N,,,,,,,,,,Y,2,0,1,2,A,-,09,21802,A,N,D,C,A,A,H,-,A,A,0,,,Y,,Y,,A,07,1,0,0,0,0,0,0,0,1,"- ","- ",35.257099151611328,-120.64452362060547,"SAN LUIS OBISPO","SAN LUIS OBISPO",-120.64462280273438,35.257160186767578
84482339,2024,2024-11-25,4002,2024-11-21,2040,477,,4,5,3,4002,0,0,0,,0,GROVER,"LONGBRANCH AVE","16TH ST",29.00,W,-,A,-,N,,,,,,,,,,N,4,0,1,2,A,-,09,21800,A,N,D,C,A,A,H,-,D,A,0,,,,,Y,,D,72,0,0,1,0,0,0,0,0,0,"- ","- ",35.119010925292969,-120.61173248291016,"SAN LUIS OBISPO","GROVER BEACH",-120.61180114746094,35.118995666503906
84518401,2024,2024-12-27,4002,2024-12-22,1306,992,,7,5,3,4002,0,0,0,,0,GROVER,"SARATOGA AVE","WCLP OF N 14TH ST",120.00,W,-,A,-,N,,,,,,,,,,Y,3,0,1,1,A,-,08,22107,,N,C,C,A,A,H,-,A,D,0,,,,,Y,,A,01,0,1,0,0,0,0,0,0,0,"- ","- ",35.126289367675781,-120.61424255371094,"SAN LUIS OBISPO","GROVER BEACH",-120.61418151855469,35.126029968261719
84520950,2024,2024-12-31,4001,2024-12-16,"934 ",P0173,,1,5,3,4001,0,0,0,,0,46-1,"FAIR OAKS AVE","CALIFORNIA ST",177.00,W,N,A,-,N,,,,,,,,,,N,4,0,1,2,A,-,09,21804,A,N,B,C,A,A,H,-,A,D,0,,,,,Y,,A,01,0,0,1,0,0,0,0,0,0,"- ","- ",35.117988586425781,-120.57978057861328,"SAN LUIS OBISPO","ARROYO GRANDE",-120.58012390136719,35.117767333984375
84525839,2024,2025-01-06,4006,2024-11-02,"515 ",68370,,6,5,4,4006,0,0,0,,0,,"ORCUTT RD","LAUREL LN",400.00,E,N,A,-,N,,,,,,,,,,N,4,0,1,3,A,-,08,22107,,N,C,E,A,A,H,-,C,D,0,,,,,Y,,A,01,0,0,1,0,0,0,0,0,0,"- ","- ",35.261589050292969,-120.64354705810547,"SAN LUIS OBISPO","SAN LUIS OBISPO",-120.64214324951172,35.261363983154297
84570572,2025,2025-02-10,4006,2025-01-23,1810,68370,,4,5,4,4006,0,0,0,,0,,"MEADOW ST","SOUTH ST",0.00,,Y,A,-,N,,,,,,,,,,N,3,0,1,2,A,-,10,21950,A,F,G,B,B,A,H,-,B,D,0,Y,,,,Y,,A,01,0,1,0,0,1,0,0,0,0,"- ","- ",35.269618988037109,-120.65809631347656,"SAN LUIS OBISPO","SAN LUIS OBISPO",-120.65818786621094,35.26953125
8458665,2017,2017-09-29,4004,2017-09-15,2150,0376,02,5,5,3,4004,0,0,0,,0,041,"CRESTON RD",BOLEN,55.00,W,N,A,-,N,,,,,,,,,,Y,4,0,4,3,A,-,03,22350,,N,C,C,A,A,H,-,C,A,0,,,,,Y,,A,01,0,0,4,0,0,0,0,0,0,"- ","- ",,,"SAN LUIS OBISPO","PASO ROBLES",-120.67392073000001,35.627418089999999
84671060,2025,2025-05-01,4004,2025-04-17,1144,1351,,4,5,3,4004,0,0,0,,0,,"SPRING ST","30TH ST",123.00,N,N,A,-,N,,,,,,,,,,Y,2,0,1,2,A,-,03,22350,,N,C,E,A,A,H,-,A,D,0,,,,,Y,,A,01,1,0,0,0,0,0,0,0,0,"- ","- ",35.645389556884766,-120.69290161132812,"SAN LUIS OBISPO","PASO ROBLES",-120.69297790527344,35.645767211914062
84688123,2025,2025-05-15,4008,2025-01-03,1324,1125,,5,5,4,4008,0,0,0,,0,,"SANTA BARBARA RD","EL CAMINO REAL",0.00,,Y,A,-,N,,,,,,,,,,N,4,0,1,2,A,-,03,22350,,F,C,C,A,A,H,-,A,A,0,,,,Y,Y,,A,01,0,0,1,0,0,0,0,0,0,"- ","- ",35.446338653564453,-120.63490295410156,"SAN LUIS OBISPO",ATASCADERO,-120.63420867919922,35.448390960693359
84688143,2025,2025-05-15,4008,2025-02-05,1841,2115,,3,5,4,4008,0,0,0,,0,,"EL CAMINO REAL","ASH ST",111.00,S,N,A,-,N,,,,,,,,,,Y,3,0,1,1,A,-,07,21658,A,N,E,I,A,A,H,-,C,D,0,,,,,Y,Y,-,"- ",0,1,0,0,0,0,0,0,0,"- ","- ",35.462799072265625,-120.64582061767578,"SAN LUIS OBISPO",ATASCADERO,-120.64565277099609,35.462528228759766
84691354,2025,2025-05-19,4006,2025-05-06,2318,100014,,2,5,4,4006,0,0,0,,0,,"BROAD ST","INDUSTRIAL WAY",1079.00,S,N,-,-,N,,,,,,,,,,N,2,0,1,2,A,-,10,21950,A,N,G,B,F,A,H,-,D,D,0,Y,,,,Y,,A,01,1,0,0,0,1,0,0,0,0,"- ","- ",35.251148223876953,-120.64453887939453,"SAN LUIS OBISPO","SAN LUIS OBISPO",-120.64305877685547,35.248416900634766
8472469,2017,2017-10-27,4001,2017-09-18,1958,P0123,"46 3",1,5,3,4001,0,0,0,,0,OPERAT,"EAST GRAND AV","JUNIPER ST",0.00,,Y,A,-,N,,,,,,,,,,N,3,0,1,2,A,-,10,21950,A,N,G,B,B,A,H,-,C,D,0,Y,,,,Y,,A,01,0,1,0,0,1,0,0,0,0,"- ","- ",,,"SAN LUIS OBISPO","ARROYO GRANDE",-120.60408991,35.1207201
8473391,2017,2017-11-06,4004,2017-09-29,2007,1305,02,5,5,3,4004,0,0,0,,0,2-4,"SPRING ST","3RD ST",10.00,N,N,A,-,N,,,,,,,,,,N,4,0,1,2,A,-,09,21802,A,N,B,C,A,A,H,-,C,D,0,,,,,Y,,A,08,0,0,1,0,0,0,0,0,0,"- ","- ",35.622169999999997,-120.69061000000001,"SAN LUIS OBISPO","PASO ROBLES",-120.69061254,35.617457389999998
84762954,2025,2025-07-16,4004,2025-07-01,1623,1351,,2,5,3,4004,0,0,0,,0,,"PINE ST","17TH ST",0.00,,Y,A,-,N,,,,,,,,,,Y,3,0,1,2,A,-,01,23152,A,N,E,I,A,A,H,-,A,D,0,,,,,Y,Y,A,01,0,1,0,0,0,0,0,0,0,"- ","- ",35.631980895996094,-120.68921661376953,"SAN LUIS OBISPO","PASO ROBLES",-120.68927001953125,35.632007598876953
8481595,2017,2017-11-14,4006,2017-10-16,1746,80908,,1,5,4,4006,0,0,0,,0,,MORRO,PACIFIC,0.00,,Y,A,-,N,,,,,,,,,,N,3,0,1,2,A,-,09,21801,A,N,A,G,A,A,H,-,A,A,0,,Y,,,Y,,A,01,0,1,0,0,0,0,1,0,0,"- ","- ",35.279089999999997,-120.66034999999999,"SAN LUIS OBISPO","SAN LUIS OBISPO",-120.66035991,35.279090019999998
84865370,2025,2025-09-30,4001,2025-09-13,1326,P0163,,6,5,3,4001,0,0,0,,0,46-3,"ASPEN ST","CEDAR ST",314.00,S,N,A,-,N,,,,,,,,,,Y,3,0,2,2,A,-,09,21804,A,N,D,C,A,A,H,-,A,D,0,,,,,Y,,A,01,0,1,1,0,0,0,0,0,0,"- ","- ",35.116981506347656,-120.60160064697266,"SAN LUIS OBISPO","ARROYO GRANDE",-120.60154724121094,35.116447448730469
84918348,2025,2025-11-10,4004,2025-10-23,1512,1384,,4,5,3,4004,0,0,0,,0,,"13TH ST","PARK ST",0.00,,Y,A,-,N,,,,,,,,,,N,3,0,1,2,A,-,09,21802,A,N,D,C,A,A,H,-,A,A,0,,,,,Y,,A,01,0,1,0,0,0,0,0,0,0,"- ","- ",35.627769470214844,-120.69029235839844,"SAN LUIS OBISPO","PASO ROBLES",-120.69020080566406,35.627796173095703
84967070,2025,2025-12-11,4004,2025-11-23,1338,1644,,7,5,3,4004,0,0,0,,0,,"RIVER RD","CARY ST",216.00,S,N,A,-,N,,,,,,,,,,Y,3,0,2,2,A,-,09,21804,A,N,D,C,A,A,H,-,A,D,0,,,,,Y,,D,22,0,2,0,0,0,0,0,0,0,"- ","- ",35.616439819335938,-120.68044281005859,"SAN LUIS OBISPO","PASO ROBLES",-120.68039703369141,35.616374969482422
8510689,2017,2018-01-20,4004,2017-11-30,0751,1062,04,4,5,3,4004,0,0,0,,0,042,NIBLICK,MELODY,0.00,,Y,A,-,N,,,,,,,,,,N,4,0,2,2,A,-,08,22107,,N,B,C,A,A,H,-,A,A,0,,,,,Y,,A,01,0,0,2,0,0,0,0,0,0,"- ","- ",,,"SAN LUIS OBISPO","PASO ROBLES",-120.66622989,35.615750089999999
8512913,2017,2018-06-08,4005,2017-10-28,1315,P090,5,6,5,2,4005,0,0,0,,0,,"PRICE ST","MATTIE RD",572.00,S,N,A,-,N,,,,,,,,,,N,4,0,1,2,A,-,03,22350,,N,C,C,A,A,H,-,A,D,0,,,,,Y,,A,01,0,0,1,0,0,0,0,0,0,"- ","- ",,,"SAN LUIS OBISPO","PISMO BEACH",-120.6530875,35.149552800000002
8517251,2017,2018-01-04,4006,2017-12-08,1752,10817,SLO,5,5,4,4006,0,0,0,,0,,MONTEREY,"SANTA ROSA",0.00,,Y,A,-,N,,,,,,,,,,N,3,0,2,3,A,-,10,21950,A,N,G,B,B,A,H,-,C,A,0,Y,,,,Y,,D,22,0,1,1,0,2,0,0,0,0,"- ","- ",35.282539999999997,-120.65989999999999,"SAN LUIS OBISPO","SAN LUIS OBISPO",-120.65995992000001,35.282600080000002
8525232,2017,2018-01-27,4004,2017-12-21,2241,1306,04,4,5,3,4004,0,0,0,,0,048,CRESTON,"STONEY CREEK",180.00,N,N,A,-,N,,,,,,,,,,Y,4,0,1,2,A,-,01,23152,A,M,C,C,A,A,H,-,C,D,0,,,,,Y,Y,D,22,0,0,1,0,0,0,0,0,0,"- ","- ",,,"SAN LUIS OBISPO","PASO ROBLES",-120.65898794,35.605754310000002
8546255,2018,2018-02-08,4006,2018-01-20,1623,80908,,6,5,4,4006,0,0,0,,0,,FOOTHILL,BROAD,215.00,W,N,A,-,N,,,,,,,,,,N,4,0,1,2,A,-,03,22350,,N,C,C,A,A,H,-,C,D,0,,,,,Y,,A,01,0,0,1,0,0,0,0,0,0,"- ","- ",35.294109344482422,-120.67234039306641,"SAN LUIS OBISPO","SAN LUIS OBISPO",-120.67241668701172,35.294101715087891
8567482,2018,2018-03-13,4006,2018-02-18,0842,15913,,7,5,4,4006,0,0,0,,0,,OSOS,LEFF,30.00,S,N,A,-,N,,,,,,,,,,Y,4,0,1,1,A,-,08,22107,,N,E,I,A,A,H,-,A,D,0,,,,,Y,,A,01,0,0,1,0,0,0,0,0,0,"- ","- ",35.276409149169922,-120.65653228759766,"SAN LUIS OBISPO","SAN LUIS OBISPO",-120.65664672851562,35.276485443115234
8567490,2018,2018-03-14,4006,2018-02-10,1410,1515,,6,5,4,4006,0,0,0,,0,554,"OCEANO DUNES SVRA","POST ST",5.00,E,N,A,-,N,,,,,,,,,,N,3,0,1,1,A,-,03,38305,,N,E,J,A,A,H,-,A,D,0,,,Y,,Y,,-,"- ",0,1,0,0,0,0,0,0,1,"- ","- ",,,"SAN LUIS OBISPO","SAN LUIS OBISPO",,
8583813,2018,2018-07-27,4006,2018-03-13,1624,80908,,2,5,4,4006,0,0,0,,0,,MADONNA,"RT 101",100.00,W,N,C,-,Y,SLO,5,101,-,-,27.180,R,4,S,N,3,0,1,2,A,-,03,22350,,N,C,C,A,B,H,-,A,A,0,,,,,Y,,A,01,0,1,0,0,0,0,0,0,0,"- ",SO,35.264179229736328,-120.67595672607422,"SAN LUIS OBISPO","SAN LUIS OBISPO",-120.67359924316406,35.261360168457031
8599996,2018,2018-08-23,4004,2018-06-10,1613,0890,03,7,5,3,4004,0,0,0,,0,039,"RT 46 E","UNION RD",0.00,,Y,A,-,Y,SLO,5,46,-,-,38.610,I,6,W,Y,4,0,1,2,A,-,09,21802,B,N,D,C,A,A,H,-,A,A,0,,,,,Y,,A,01,0,0,1,0,0,0,0,0,0,"- ","- ",,,"SAN LUIS OBISPO","PASO ROBLES",-120.53399658203125,35.655387878417969
8651923,2018,2018-10-19,4003,2018-09-05,1850,F2780,5,3,5,2,4003,0,0,0,,0,001,"KINGS AV","FAIRWAY AV",237.00,S,N,A,-,N,,,,,,,,,,N,3,0,1,2,A,-,11,21954,A,N,H,A,E,A,H,-,A,D,0,Y,,,,Y,,N,60,0,1,0,0,1,0,0,0,0,"- ","- ",,,"SAN LUIS OBISPO","MORRO BAY",,
8665791,2018,2018-08-10,4002,2018-07-12,1621,311,102,4,5,3,4002,0,0,0,,0,,"GRAND AV","9TH ST",50.00,W,N,A,-,N,,,,,,,,,,N,4,0,1,2,A,-,05,21650,1,N,A,D,A,A,H,-,A,A,0,,Y,,,Y,,L,04,0,0,1,0,0,0,1,0,0,"- ","- ",,,"SAN LUIS OBISPO","GROVER BEACH",-120.62039947509766,35.121498107910156