CASE_ID,ACCIDENT_YEAR,PROC_DATE,JURIS,COLLISION_DATE,COLLISION_TIME,OFFICER_ID,REPORTING_DISTRICT,DAY_OF_WEEK,CHP_SHIFT,POPULATION,CNTY_CITY_LOC,SPECIAL_COND,BEAT_TYPE,CHP_BEAT_TYPE,CITY_DIVISION_LAPD,CHP_BEAT_CLASS,BEAT_NUMBER,PRIMARY_RD,SECONDARY_RD,DISTANCE,DIRECTION,INTERSECTION,WEATHER_1,WEATHER_2,STATE_HWY_IND,CALTRANS_COUNTY,CALTRANS_DISTRICT,STATE_ROUTE,ROUTE_SUFFIX,POSTMILE_PREFIX,POSTMILE,LOCATION_TYPE,RAMP_INTERSECTION,SIDE_OF_HWY,TOW_AWAY,COLLISION_SEVERITY,NUMBER_KILLED,NUMBER_INJURED,PARTY_COUNT,PRIMARY_COLL_FACTOR,PCF_CODE_OF_VIOL,PCF_VIOL_CATEGORY,PCF_VIOLATION,PCF_VIOL_SUBSECTION,HIT_AND_RUN,TYPE_OF_COLLISION,MVIW,PED_ACTION,ROAD_SURFACE,ROAD_COND_1,ROAD_COND_2,LIGHTING,CONTROL_DEVICE,CHP_ROAD_TYPE,PEDESTRIAN_ACCIDENT,BICYCLE_ACCIDENT,MOTORCYCLE_ACCIDENT,TRUCK_ACCIDENT,NOT_PRIVATE_PROPERTY,ALCOHOL_INVOLVED,STWD_VEHTYPE_AT_FAULT,CHP_VEHTYPE_AT_FAULT,COUNT_SEVERE_INJ,COUNT_VISIBLE_INJ,COUNT_COMPLAINT_PAIN,COUNT_PED_KILLED,COUNT_PED_INJURED,COUNT_BICYCLIST_KILLED,COUNT_BICYCLIST_INJURED,COUNT_MC_KILLED,COUNT_MC_INJURED,PRIMARY_RAMP,SECONDARY_RAMP,LATITUDE,LONGITUDE,COUNTY,CITY,POINT_X,POINT_Y
6883379,2015,2016-09-29,9745,2015-04-07,2215,017144,,2,3,9,4000,0,1,3,,1,021,"RT 1","OLD CREEK RD",1584.00,S,N,A,-,Y,SLO,5,1,-,-,34.160,H,-,S,Y,3,0,1,1,A,-,08,22107,,N,F,A,A,A,H,-,D,D,5,,,,,Y,Y,A,07,0,1,0,0,0,0,0,0,0,"- ","- ",35.425089999999997,-120.87951,"SAN LUIS OBISPO",UNINCORPORATED,-120.88511745,35.43233927
6901641,2015,2017-01-04,9745,2015-04-12,1600,013212,,7,2,2,4005,0,1,2,,2,404,"RT 101","SPYGLASS DR",4224.00,S,N,A,-,Y,SLO,5,101,-,R,19.010,H,-,S,Y,4,0,1,2,A,-,03,22350,,N,C,C,A,A,H,-,A,D,1,,,,,Y,,A,07,0,0,1,0,0,0,0,0,0,"- ","- ",35.158909999999999,-120.67462,"SAN LUIS OBISPO","PISMO BEACH",-120.67431504,35.158743379999997
6906208,2015,2015-05-11,9745,2015-04-21,2219,020229,,2,3,9,4000,0,3,5,,2,005,"JOSHUA ST","ORCHARD RD",528.00,E,N,B,-,N,,,,,,,,,,Y,3,0,2,1,A,-,01,23152,A,N,E,I,A,A,H,-,D,D,0,,,,,Y,Y,A,01,0,2,0,0,0,0,0,0,0,"- ","- ",35.005850000000002,-120.45289,"SAN LUIS OBISPO",UNINCORPORATED,-120.45573649000001,35.003696249999997
6907239,2015,2015-05-20,4008,2015-04-19,1308,2030,,7,5,4,4008,0,0,0,,0,48A19,"EL CAMINO REAL","SANTA BARBARA RD",108.00,S,N,A,-,N,,,,,,,,,,Y,4,0,2,2,A,-,00,23153,E,N,C,C,A,A,H,-,A,A,0,,,,,Y,,-,,0,0,2,0,0,0,0,0,0,"- ","- ",,,"SAN LUIS OBISPO",ATASCADERO,-120.63405732,35.448120940000003
6908250,2015,2015-05-11,4006,2015-04-14,0858,16380,,2,5,4,4006,0,0,0,,0,,CAPITOLIO,SACRAMENTO,350.00,E,N,A,-,N,,,,,,,,,,Y,3,0,1,4,A,-,08,22107,,N,B,E,A,A,H,-,A,D,0,,,,,Y,,A,01,0,1,0,0,0,0,0,0,0,"- ","- ",,,"SAN LUIS OBISPO","SAN LUIS OBISPO",-120.6436245,35.257686820000004
6913512,2015,2017-01-05,9745,2015-05-02,0755,013212,,6,1,3,4001,0,1,2,,2,402,"RT 101","FAIR OAKS AV",3168.00,S,N,A,-,Y,SLO,5,101,-,-,11.480,H,-,N,Y,4,0,1,1,A,-,08,22107,,N,E,I,A,A,H,-,A,D,0,,,,,Y,,A,01,0,0,1,0,0,0,0,0,0,"- ","- ",35.11327,-120.56847999999999,"SAN LUIS OBISPO","ARROYO GRANDE",-120.5583881,35.109190220000002
6913516,2015,2017-01-06,9745,2015-05-03,1335,020689,,7,1,9,4000,0,1,3,,1,040,"RT 227","MONTECITO RIDGE DR",1584.00,N,N,A,-,Y,SLO,5,227,-,-,3.650,H,-,N,Y,2,0,1,1,A,-,03,22350,,N,F,A,A,A,H,-,A,D,0,,,Y,,Y,,C,02,1,0,0,0,0,0,0,0,1,"- ","- ",35.162080000000003,-120.57774999999999,"SAN LUIS OBISPO",UNINCORPORATED,-120.57794158999999,35.16217417
6925428,2015,2015-06-18,9740,2015-05-24,1525,16849,,7,2,9,4000,0,3,5,,2,017,"EL POMAR DR","MOSS LN",68.00,E,N,A,-,N,,,,,,,,,,Y,3,0,3,1,A,-,08,22107,,N,E,J,A,A,H,-,A,D,0,,,,,Y,,D,22,0,3,0,0,0,0,0,0,0,"- ","- ",35.543559999999999,-120.70095000000001,"SAN LUIS OBISPO",UNINCORPORATED,-120.70093481000001,35.543616870000001
6930386,2015,2017-01-04,9745,2015-05-19,0850,012876,,2,1,9,4000,0,1,2,,2,202,"RT 101","LOS OSOS VALLEY RD",1056.00,N,N,B,-,Y,SLO,5,101,-,-,26.110,H,-,S,Y,4,0,2,2,A,-,03,22350,,N,C,C,A,A,H,-,A,D,1,,,,,Y,,D,22,0,0,2,0,0,0,0,0,0,"- ","- ",35.247990000000001,-120.68040999999999,"SAN LUIS OBISPO",UNINCORPORATED,-120.68071136,35.247331039999999
6934769,2015,2017-01-05,9745,2015-06-23,0312,9745,,2,3,4,4006,0,1,2,,2,202,"RT 101","MADONNA RD",1584.00,S,N,A,-,Y,SLO,5,101,-,-,27.200,H,-,S,Y,2,0,1,1,A,-,08,22107,,N,E,I,A,A,H,-,C,D,1,,,,,Y,,A,07,1,0,0,0,0,0,0,0,0,"- ","- ",35.259909999999998,-120.67359,"SAN LUIS OBISPO","SAN LUIS OBISPO",-120.67361449000001,35.26165116
6934793,2015,2015-07-13,9745,2015-06-23,2010,14996,,2,2,9,4000,0,2,4,,1,052,"THOMPSON AV","WINEMAN RD",1584.00,N,N,A,-,N,,,,,,,,,,Y,3,0,4,2,A,-,08,22107,,N,A,C,A,A,H,-,B,D,0,,,,,Y,,A,07,0,1,3,0,0,0,0,0,0,"- ","- ",35.002600000000001,-120.43839,"SAN LUIS OBISPO",UNINCORPORATED,-120.43838357,35.002544640000004
6936377,2015,2015-06-17,4006,2015-05-10,1108,27940,,7,5,4,4006,0,0,0,,0,,HIGUERA,MARSH,248.00,E,N,A,-,N,,,,,,,,,,Y,4,0,1,2,A,-,07,21658,A,N,D,C,A,A,H,-,A,A,0,,,,,Y,,A,01,0,0,1,0,0,0,0,0,0,"- ","- ",,,"SAN LUIS OBISPO","SAN LUIS OBISPO",-120.66934000000001,35.27478
6939585,2015,2015-06-01,4005,2015-04-26,1405,P085,5,7,5,2,4005,0,0,0,,0,,"4TH ST","FIVE CITIES DR",0.00,,Y,A,-,N,,,,,,,,,,N,2,0,1,2,A,-,12,21453,A,N,D,G,A,A,H,-,A,A,0,,Y,,,Y,,L,04,1,0,0,0,0,0,1,0,0,"- ","- ",,,"SAN LUIS OBISPO","PISMO BEACH",-120.62207986999999,35.135720030000002
6940955,2015,2016-09-29,9745,2015-06-28,0720,017238,,7,1,9,4000,0,1,3,,2,023,"RT 1","HARMONY VALLEY RD",1584.00,S,N,B,-,Y,SLO,5,1,-,-,43.790,H,-,S,Y,4,0,1,1,A,-,08,22107,,N,F,A,A,A,H,-,A,D,0,,,,,Y,,D,22,0,0,1,0,0,0,0,0,0,"- ","- ",35.50226,-120.01417000000001,"SAN LUIS OBISPO",UNINCORPORATED,-121.0178942,35.504620369999998
6941271,2015,2015-07-08,4006,2015-05-11,1104,14848,,1,5,4,4006,0,0,0,,0,,HIGH,LEFF,47.00,W,N,A,-,N,,,,,,,,,,N,4,0,1,2,A,-,09,21802,A,N,B,G,A,A,H,-,A,A,0,,Y,,,Y,,L,04,0,0,1,0,0,0,1,0,0,"- ","- ",,,"SAN LUIS OBISPO","SAN LUIS OBISPO",-120.66391743,35.272219999999997
6941279,2015,2015-07-08,4006,2015-05-06,0826,16380,,3,5,4,4006,0,0,0,,0,,FOOTHILL,CUESTA,467.00,E,N,A,-,N,,,,,,,,,,Y,4,0,1,2,A,-,09,21804,A,N,B,C,A,A,H,-,A,D,0,,,,,Y,,A,01,0,0,1,0,0,0,0,0,0,"- ","- ",,,"SAN LUIS OBISPO","SAN LUIS OBISPO",-120.67566557000001,35.294119999999999
6941419,2015,2015-06-30,4004,2015-05-21,1504,1208,03,4,5,3,4004,0,0,0,,0,3-10,CRESTON,"NORTH RIVER",121.00,E,N,A,-,N,,,,,,,,,,Y,4,0,1,1,A,-,01,23152,A,N,E,I,A,A,H,-,A,D,0,,,,,Y,Y,A,07,0,0,1,0,0,0,0,0,0,"- ","- ",,,"SAN LUIS OBISPO","PASO ROBLES",-120.68277786,35.629158889999999
6943841,2015,2016-11-03,9740,2015-05-26,1718,14622,,2,2,9,4000,0,1,3,,2,007,"RT 41","TEMPLETON RD",0.00,,Y,A,-,Y,SLO,5,41,-,R,17.501,I,5,N,Y,4,0,2,2,A,-,09,21802,A,N,D,C,A,A,H,-,A,A,0,,,,,Y,,A,08,0,0,2,0,0,0,0,0,0,"- ","- ",35.504370000000002,-120.65259,"SAN LUIS OBISPO",UNINCORPORATED,-120.65243522,35.504342970000003
6953104,2015,2016-11-03,9740,2015-05-17,0958,13246,,7,1,9,4000,0,1,3,,2,007,"RT 41","SHEDD CANYON RD",13728.00,N,N,B,-,Y,SLO,5,41,-,-,38.300,H,-,N,Y,4,0,1,1,A,-,08,22107,,N,E,J,A,A,H,-,A,D,0,,,,,Y,,A,01,0,0,1,0,0,0,0,0,0,"- ","- ",35.615900000000003,-120.404,"SAN LUIS OBISPO",UNINCORPORATED,-120.40502745000001,35.614694999999998
6953165,2015,2015-06-17,4006,2015-05-19,1433,69585,,2,5,4,4006,0,0,0,,0,,"SANTA ROSA","MURRAY AV",57.00,S,N,A,-,N,,,,,,,,,,N,4,0,1,2,A,-,03,22350,,N,C,C,A,A,H,-,A,A,0,,,,,Y,,A,07,0,0,1,0,0,0,0,0,0,"- ","- ",,,"SAN LUIS OBISPO","SAN LUIS OBISPO",-120.66683292,35.290742960000003
6958988,2015,2017-01-04,9745,2015-06-14,1550,017930,,7,2,9,4000,0,1,2,,2,505,"RT 101","TEFFT ST",2640.00,S,N,A,-,Y,SLO,5,101,-,-,4.350,H,-,S,N,4,0,1,2,A,-,03,22350,,N,C,C,A,A,H,-,A,D,1,,,,,Y,,A,07,0,0,1,0,0,0,0,0,0,"- ","- ",35.032040000000002,-120.47965000000001,"SAN LUIS OBISPO",UNINCORPORATED,-120.47877362,35.03130273
6960326,2015,2015-07-03,4008,2015-05-24,1406,4080,,7,5,4,4008,0,0,0,,0,,"EL CAMINO REAL","EL BORDO AV",71.00,S,N,A,-,N,,,,,,,,,,Y,4,0,1,2,A,-,09,21804,A,N,D,-,A,A,H,-,A,D,0,,,,,Y,,A,01,0,0,1,0,0,0,0,0,0,"- ","- ",,,"SAN LUIS OBISPO",ATASCADERO,-120.64674451,35.463819549999997
6966762,2015,2016-11-03,9740,2015-05-18,1120,013246,,1,1,9,4000,0,1,3,,2,008,"RT 46","BRANCH RD",0.00,,Y,A,-,Y,SLO,5,46,-,-,30.040,I,5,E,Y,3,0,1,2,A,-,09,21801,A,N,D,C,A,A,H,-,A,D,0,,,Y,,Y,,D,22,0,1,0,0,0,0,0,0,1,"- ","- ",35.659399999999998,-120.5788,"SAN LUIS OBISPO",UNINCORPORATED,-120.67985552,35.644256220000003
6973316,2015,2015-10-23,4001,2015-05-21,0742,P0106,461,4,5,3,4001,0,0,0,,0,OPERAT,"E BRANCH ST","GARDEN ST",85.00,W,N,A,-,N,,,,,,,,,,Y,3,0,2,2,A,-,03,22350,,N,C,C,A,A,H,-,-,D,0,,,,,Y,,A,01,0,1,1,0,0,0,0,0,0,"- ","- ",35.123249999999999,-120.57049000000001,"SAN LUIS OBISPO","ARROYO GRANDE",-120.57243808,35.125401869999997
6974232,2015,2017-01-04,9745,2015-06-16,1703,17017,,2,2,9,4000,0,3,5,,2,005,"WILLOW RD","RT 101",0.00,,Y,A,-,Y,SLO,5,101,-,-,6.586,R,4,N,Y,3,0,1,2,A,-,09,21801,A,N,D,C,A,A,H,-,A,D,1,,,,,Y,,A,07,0,1,0,0,0,0,0,0,0,"- ","- ",35.055489999999999,-120.50093,"SAN LUIS OBISPO",UNINCORPORATED,-120.50272200000001,35.057202420000003
6974235,2015,2017-01-04,9745,2015-06-20,1713,17541,,6,2,9,4000,0,1,2,,2,404,"RT 101","SPYGLASS DR",1584.00,N,N,A,-,Y,SLO,5,101,-,R,20.130,H,-,S,Y,4,0,1,2,A,-,03,22350,,N,C,C,A,A,H,-,A,D,1,,,,,Y,,A,07,0,0,1,0,0,0,0,0,0,"- ","- ",35.166029999999999,-120.68953999999999,"SAN LUIS OBISPO",UNINCORPORATED,-120.69064117000001,35.167561560000003
6974475,2015,2015-07-08,4006,2015-06-05,1334,14848,,5,5,4,4006,0,0,0,,0,,"S HIGUERA","LOS OSOS VALLEY RD",380.00,S,N,A,-,N,,,,,,,,,,Y,4,0,1,3,A,-,03,22350,,N,C,C,A,A,H,-,A,A,0,,,,,Y,,A,01,0,0,1,0,0,0,0,0,0,"- ","- ",,,"SAN LUIS OBISPO","SAN LUIS OBISPO",-120.67728827000001,35.241084450000002
6976618,2015,2016-11-03,9740,2015-06-14,1430,13133,,7,2,9,4000,0,1,3,,2,007,"RT 41","AMBER HILLS WY",13.00,S,N,A,-,Y,SLO,5,41,-,-,33.030,H,-,S,N,3,0,2,1,A,-,08,22107,,N,F,A,A,A,H,-,A,D,0,,,Y,,Y,,C,02,0,2,0,0,0,0,0,0,2,"- ","- ",,,"SAN LUIS OBISPO",UNINCORPORATED,-120.46687574000001,35.57552725
6981196,2015,2017-01-04,9745,2015-06-25,0600,13937,,4,1,4,4006,0,1,2,,2,202,"RT 101","MADONNA RD",528.00,S,N,B,-,Y,SLO,5,101,-,-,27.400,H,-,S,Y,4,0,2,2,A,-,03,22350,,N,C,C,A,A,H,-,A,D,1,,,,,Y,,A,01,0,0,2,0,0,0,0,0,0,"- ","- ",35.2654,-120.67375,"SAN LUIS OBISPO","SAN LUIS OBISPO",-120.67378853,35.264549930000001
6984818,2015,2015-07-14,4003,2015-04-20,1610,S6616,3,1,5,2,4003,0,0,0,,0,001,"DUNES ST","SHASTA AV",116.00,E,N,A,-,N,,,,,,,,,,Y,3,0,1,1,D,-,00,,,N,A,I,A,A,H,-,A,D,0,,,,,Y,Y,-,"- ",0,1,0,0,0,0,0,0,0,"- ","- ",,,"SAN LUIS OBISPO","MORRO BAY",-120.84615409,35.367887690000003
6987958,2015,2016-11-03,4004,2015-06-19,0958,1260,03,5,5,3,4004,0,0,0,,0,"3 4","RT 46 E","GOLDEN HILL",310.00,E,N,A,-,Y,SLO,5,46,-,-,31.370,H,-,W,Y,4,0,2,3,A,-,03,22350,,N,C,C,A,A,H,-,A,D,0,,,,,Y,,A,01,0,0,2,0,0,0,0,0,0,"- ","- ",,,"SAN LUIS OBISPO","PASO ROBLES",-120.65702659,35.644625789999999
6989645,2015,2015-07-18,4006,2015-06-23,1217,16380,,2,5,4,4006,0,0,0,,0,,"HIGUERA S",SUBURBAN,13.00,N,N,A,-,N,,,,,,,,,,Y,4,0,1,2,A,-,03,22350,,N,C,C,A,A,H,-,A,A,0,,,,,Y,,A,01,0,0,1,0,0,0,0,0,0,"- ","- ",,,"SAN LUIS OBISPO","SAN LUIS OBISPO",-120.67538082,35.244062059999997
6994200,2015,2015-07-30,9745,2015-07-16,1825,014996,,4,2,9,4000,0,3,5,,2,005,"MARY AV","TEFFT ST",357.00,N,N,A,-,N,,,,,,,,,,Y,4,0,2,2,A,-,09,21804,A,N,D,C,A,A,H,-,A,A,0,,,,,Y,,A,01,0,0,2,0,0,0,0,0,0,"- ","- ",,,"SAN LUIS OBISPO",UNINCORPORATED,-120.4873206,35.036539310000002
6994216,2015,2015-07-30,9740,2015-07-16,1820,15854,,4,2,9,4000,0,3,5,,2,024,"BURTON DR","RODEO GROUNDS RD",18.00,N,N,A,-,N,,,,,,,,,,Y,3,0,1,1,A,-,01,23152,A,N,E,I,A,A,H,-,A,D,0,,,,,Y,Y,A,01,0,1,0,0,0,0,0,0,0,"- ","- ",,,"SAN LUIS OBISPO",UNINCORPORATED,-121.08187088,35.56168641
6994220,2015,2015-07-30,9740,2015-07-12,1200,13952,,7,1,9,4000,0,3,5,,2,022,"VINEYARD DR","JACK CREEK RD",13200.00,N,N,A,-,N,,,,,,,,,,Y,4,0,1,1,C,-,18,,,N,E,H,A,A,H,-,A,D,0,,,Y,,Y,,-,"- ",0,0,1,0,0,0,0,0,1,"- ","- ",,,"SAN LUIS OBISPO",UNINCORPORATED,-120.80324532,35.581714849999997
7006011,2015,2015-07-27,9745,2015-06-13,2120,20144,,6,2,9,4000,0,1,2,,2,505,"RT 101","TEFFT ST",7445.00,S,N,A,-,Y,SLO,5,101,-,-,3.150,H,-,S,N,1,1,0,2,A,-,11,21954,A,F,G,B,E,A,H,-,D,D,1,Y,,,,Y,,N,60,0,0,0,1,0,0,0,0,0,"- ","- ",35.021450000000002,-120.46821,"SAN LUIS OBISPO",UNINCORPORATED,-120.46446192000001,35.018083179999998
7007257,2015,2017-01-13,9745,2015-07-20,0715,017238,,1,1,9,4000,0,1,2,,1,101,"RT 101","STAGE COACH RD",2112.00,N,N,A,-,Y,SLO,5,101,-,-,35.420,H,-,S,N,4,0,1,4,A,-,03,22350,,N,C,C,A,A,H,-,A,D,5,,,,,Y,,A,01,0,0,1,0,0,0,0,0,0,"- ","- ",35.329689999999999,-120.62147,"SAN LUIS OBISPO",UNINCORPORATED,-120.63408344,35.35188806
7016676,2015,2015-08-18,4004,2015-07-14,1728,1186,04,2,5,3,4004,0,0,0,,0,047,"STONEY CREEK",CRESTON,400.00,W,N,A,-,N,,,,,,,,,,N,3,0,1,2,A,-,09,21801,A,N,D,C,A,A,H,-,A,D,0,,,,,Y,,A,01,0,1,0,0,0,0,0,0,0,"- ","- ",,,"SAN LUIS OBISPO","PASO ROBLES",-120.66034524,35.605253130000001
7016688,2015,2015-08-17,4004,2015-07-09,2025,0901,02,4,5,3,4004,0,0,0,,0,028,"THEATER DR","THEATRE DR 2000 BLK",0.00,,N,A,-,N,,,,,,,,,,N,3,0,1,3,A,-,09,21804,A,M,H,A,A,A,H,-,A,D,0,,,Y,,Y,,A,01,0,1,0,0,0,0,0,0,1,"- ","- ",35.587130000000002,-120.69635,"SAN LUIS OBISPO","PASO ROBLES",-120.69635,35.587130000000002
7016986,2015,2017-01-12,9740,2015-07-24,1528,15854,,5,2,9,4000,0,1,3,,2,007,"RT 41","RT 229",0.00,,Y,A,-,Y,SLO,5,41,-,-,27.975,I,5,N,Y,3,0,2,2,A,-,09,21801,A,N,D,C,A,A,H,-,A,A,0,,,,,Y,,A,01,0,1,1,0,0,0,0,0,0,"- ","- ",35.534529999999997,-120.5262,"SAN LUIS OBISPO",UNINCORPORATED,-120.52728697000001,35.534344249999997
7017814,2015,2015-08-18,9745,2015-07-27,1245,020689,,1,1,9,4000,0,3,5,,2,005,"LIVE OAK RIDGE RD","HETRICK AV",1056.00,W,N,A,-,N,,,,,,,,,,N,3,0,1,1,C,-,18,,,N,F,A,A,A,H,-,A,D,0,,Y,,,Y,,-,"- ",0,1,0,0,0,0,1,0,0,"- ","- ",35.044530000000002,-120.51551000000001,"SAN LUIS OBISPO",UNINCORPORATED,-120.51574397,35.044589119999998
7025752,2015,2017-01-14,4002,2015-07-10,1328,555,213,5,5,3,4002,0,0,0,,0,002,"RT 1","W GRAND AV",250.00,N,N,A,-,Y,SLO,5,1,-,-,14.150,H,-,S,N,4,0,1,2,B,-,22,,,N,B,G,A,A,H,-,A,A,0,,Y,,,Y,,L,04,0,0,1,0,0,0,1,0,0,"- ","- ",,,"SAN LUIS OBISPO","GROVER BEACH",-120.63018182,35.122664069999999
7026574,2015,2017-01-13,9745,2015-08-08,1555,16514,,6,2,9,4000,0,1,2,,2,303,"RT 101","AVILA BEACH DR",528.00,S,N,A,-,Y,SLO,5,101,-,R,21.010,H,-,S,Y,3,0,1,2,A,-,03,22350,,N,C,C,A,A,H,-,A,D,1,,,,,Y,,A,01,0,1,0,0,0,0,0,0,0,"- ","- ",35.178379999999997,-120.69849000000001,"SAN LUIS OBISPO",UNINCORPORATED,-120.69849349,35.178375389999999
7032371,2015,2015-09-14,4006,2015-08-06,1730,80908,,4,5,4,4006,0,0,0,,0,,INDUSTRIAL,BROAD,0.00,,Y,A,-,N,,,,,,,,,,N,4,0,1,2,A,-,05,21650,1,F,G,B,F,A,H,-,A,A,0,Y,Y,,,Y,,L,04,0,0,1,0,1,0,0,0,0,"- ","- ",,,"SAN LUIS OBISPO","SAN LUIS OBISPO",-120.64458996,35.25110007
7034819,2015,2017-01-13,9740,2015-08-14,2115,15854,,5,2,9,4000,0,1,3,,2,007,"RT 41","VIA VISTA WY",1056.00,S,N,A,-,Y,SLO,5,41,-,-,21.540,H,-,S,Y,3,0,1,1,A,-,01,23152,A,N,E,I,A,A,H,-,D,D,0,,,,,Y,Y,D,22,0,1,0,0,0,0,0,0,0,"- ","- ",35.508609999999997,-120.62309,"SAN LUIS OBISPO",UNINCORPORATED,-120.62319263000001,35.508763379999998
7039393,2015,2017-01-14,9745,2015-08-13,1850,017151,,4,2,9,4000,0,1,3,,2,023,"RT 1","COLONY DR",90.00,S,N,A,-,Y,SLO,5,1,-,-,19.780,H,-,N,Y,3,0,1,4,A,-,03,22350,,N,C,C,A,A,H,-,A,A,1,,,Y,,Y,,A,01,0,1,0,0,0,0,0,0,1,"- ","- ",35.319499999999998,-120.69683000000001,"SAN LUIS OBISPO",UNINCORPORATED,-120.69661404,35.319506859999997
7039397,2015,2017-01-13,9745,2015-08-16,1340,020229,,7,1,4,4006,0,1,2,,2,303,"RT 101","LOS OSOS VALLEY RD",500.00,N,N,A,-,Y,SLO,5,101,-,-,26.000,H,-,S,N,4,0,2,2,A,-,03,22350,,N,C,C,A,A,H,-,A,D,1,,,,,Y,,A,07,0,0,2,0,0,0,0,0,0,"- ","- ",35.223410000000001,-120.69329,"SAN LUIS OBISPO","SAN LUIS OBISPO",-120.68155173,35.245933290000004
7039980,2015,2015-09-02,9745,2015-07-29,0045,17061,,3,3,9,4000,0,3,5,,2,002,"W FOOTHILL BL","O CONNOR WY",2640.00,N,N,A,-,N,,,,,,,,,,N,3,0,1,1,A,-,08,22107,,N,F,A,A,A,H,-,D,D,0,,Y,,,Y,Y,L,04,0,1,0,0,0,0,1,0,0,"- ","- ",35.284640000000003,-120.70254,"SAN LUIS OBISPO",UNINCORPORATED,-120.70116108000001,35.28570388
7048115,2015,2015-09-19,4006,2015-08-21,1249,16380,,5,5,4,4006,0,0,0,,0,,"LOS OSOS VALLEY",DIABLO,0.00,,Y,A,-,N,,,,,,,,,,Y,3,0,1,2,A,-,09,21802,A,N,D,C,A,A,H,-,A,A,0,,,,,Y,,D,22,0,1,0,0,0,0,0,0,0,"- ","- ",,,"SAN LUIS OBISPO","SAN LUIS OBISPO",-120.70282994999999,35.267240049999998
7052155,2015,2017-01-13,4004,2015-08-09,1659,1186,03,7,5,3,4004,0,0,0,,0,3-3,"RT 46","GOLDEN HILL",1023.00,W,N,A,-,Y,SLO,5,46,-,-,31.120,H,-,E,Y,4,0,2,3,A,-,03,22350,,N,C,C,A,A,H,-,A,D,0,,,,,Y,,A,01,0,0,2,0,0,0,0,0,0,"- ","- ",,,"SAN LUIS OBISPO","PASO ROBLES",-120.66134695,35.644412879999997
7064975,2015,2015-09-21,4006,2015-09-08,1543,16380,,2,5,4,4006,0,0,0,,0,,TAFT,CALIFORNIA,0.00,,Y,A,-,N,,,,,,,,,,Y,4,0,2,2,A,-,09,21801,A,N,D,C,A,A,H,-,A,A,0,,,,,Y,,A,01,0,0,2,0,0,0,0,0,0,"- ","- ",,,"SAN LUIS OBISPO","SAN LUIS OBISPO",-120.66029998,35.29090008
7070408,2015,2015-09-21,4008,2015-08-26,1743,3152,,3,5,4,4008,0,0,0,,0,,"SOMBRILLA AV","ROBLES AV",231.00,S,N,A,-,N,,,,,,,,,,N,3,0,1,2,A,-,05,21650,,F,G,B,E,A,H,-,A,D,0,Y,,,,Y,,A,01,0,1,0,0,1,0,0,0,0,"- ","- ",,,"SAN LUIS OBISPO",ATASCADERO,-120.65864812,35.484877709999999
7071899,2015,2015-09-24,4004,2015-09-02,1758,0890,02,3,5,3,4004,0,0,0,,0,"2    7",THEATER,ALEXA,5280.00,S,N,A,-,N,,,,,,,,,,N,3,0,1,2,A,-,05,21650,1,N,D,G,A,A,H,-,A,A,0,,Y,,,Y,,L,04,0,1,0,0,0,0,1,0,0,"- ","- ",,,"SAN LUIS OBISPO","PASO ROBLES",-120.69875389000001,35.572805559999999
7074085,2015,2016-01-08,4001,2015-08-25,0925,P0106,46-3,2,5,3,4001,0,0,0,,0,OPERAT,"THE PIKE","S HALCYON RD",0.00,,Y,A,-,N,,,,,,,,,,N,4,0,1,2,A,-,03,22350,,F,C,C,A,A,H,-,A,A,0,,,,,Y,,-,,0,0,1,0,0,0,0,0,0,"- ","- ",,,"SAN LUIS OBISPO","ARROYO GRANDE",-120.59164994,35.106350069999998
7081085,2015,2015-10-17,4006,2015-09-02,2132,64920,,3,5,4,4006,0,0,0,,0,,"SANTA ROSA",MARSH,0.00,,Y,A,-,N,,,,,,,,,,Y,3,0,2,2,A,-,01,23152,A,F,D,D,A,A,H,-,C,A,0,,,,,Y,Y,A,01,0,1,1,0,0,0,0,0,0,"- ","- ",,,"SAN LUIS OBISPO","SAN LUIS OBISPO",-120.65868988,35.281240080000003
7097211,2015,2015-10-21,4006,2015-09-18,1553,69585,,5,5,4,4006,0,0,0,,0,,PRADO,"HIGUERA DR",399.00,W,N,A,-,N,,,,,,,,,,,3,0,1,2,A,-,03,22350,,N,C,C,A,A,H,-,A,A,0,,,,,Y,,A,01,0,1,0,0,0,0,0,0,0,"- ","- ",,,"SAN LUIS OBISPO","SAN LUIS OBISPO",-120.67022516,35.255093279999997
7103007,2015,2017-01-28,4006,2015-10-02,0925,88908,,5,5,4,4006,0,0,0,,0,,"SANTA ROSA",OLIVE,125.00,N,N,A,-,Y,SLO,5,1,-,-,16.920,I,6,N,N,3,0,1,2,A,-,08,22107,,N,B,G,A,A,H,-,A,D,0,,Y,,,Y,,A,01,0,1,0,0,0,0,1,0,0,"- ","- ",,,"SAN LUIS OBISPO","SAN LUIS OBISPO",-120.66497357999999,35.288348280000001
7120010,2015,2015-11-20,4004,2015-11-01,2315,1277,02,7,5,3,4004,0,0,0,,0,027,"SOUTH VINE","KILER CANYON",1125.00,S,N,A,-,N,,,,,,,,,,Y,4,0,1,1,A,-,01,23152,A,N,E,I,A,A,H,-,C,D,0,,,,,Y,Y,A,01,0,0,1,0,0,0,0,0,0,"- ","- ",,,"SAN LUIS OBISPO","PASO ROBLES",-120.69283837,35.611094039999998
7124777,2015,2017-01-28,4001,2015-10-28,0721,P0106,"46 2",3,5,3,4001,0,0,0,,0,OPS,"N OAK PARK BL","WEST BRANCH ST",0.00,,Y,B,-,Y,SLO,5,101,-,-,14.304,R,4,S,Y,3,0,1,3,A,-,09,21801,A,N,D,C,A,A,H,-,A,A,0,,,,,Y,,A,01,0,1,0,0,0,0,0,0,0,"- ","- ",,,"SAN LUIS OBISPO","ARROYO GRANDE",-120.60175947,35.128368330000001
7124797,2015,2016-02-03,4001,2015-10-20,1437,P0106,"46 3",2,5,3,4001,0,0,0,,0,OPS,"ALDER ST","FAIR OAKS AV",12.00,N,N,A,-,N,,,,,,,,,,N,4,0,1,2,A,-,03,22350,,N,C,E,A,A,H,-,A,D,0,,,,,Y,,A,01,0,0,1,0,0,0,0,0,0,"- ","- ",,,"SAN LUIS OBISPO","ARROYO GRANDE",-120.59372983,35.112782959999997