CASE_ID,ACCIDENT_YEAR,PROC_DATE,JURIS,COLLISION_DATE,COLLISION_TIME,OFFICER_ID,REPORTING_DISTRICT,DAY_OF_WEEK,CHP_SHIFT,POPULATION,CNTY_CITY_LOC,SPECIAL_COND,BEAT_TYPE,CHP_BEAT_TYPE,CITY_DIVISION_LAPD,CHP_BEAT_CLASS,BEAT_NUMBER,PRIMARY_RD,SECONDARY_RD,DISTANCE,DIRECTION,INTERSECTION,WEATHER_1,WEATHER_2,STATE_HWY_IND,CALTRANS_COUNTY,CALTRANS_DISTRICT,STATE_ROUTE,ROUTE_SUFFIX,POSTMILE_PREFIX,POSTMILE,LOCATION_TYPE,RAMP_INTERSECTION,SIDE_OF_HWY,TOW_AWAY,COLLISION_SEVERITY,NUMBER_KILLED,NUMBER_INJURED,PARTY_COUNT,PRIMARY_COLL_FACTOR,PCF_CODE_OF_VIOL,PCF_VIOL_CATEGORY,PCF_VIOLATION,PCF_VIOL_SUBSECTION,HIT_AND_RUN,TYPE_OF_COLLISION,MVIW,PED_ACTION,ROAD_SURFACE,ROAD_COND_1,ROAD_COND_2,LIGHTING,CONTROL_DEVICE,CHP_ROAD_TYPE,PEDESTRIAN_ACCIDENT,BICYCLE_ACCIDENT,MOTORCYCLE_ACCIDENT,TRUCK_ACCIDENT,NOT_PRIVATE_PROPERTY,ALCOHOL_INVOLVED,STWD_VEHTYPE_AT_FAULT,CHP_VEHTYPE_AT_FAULT,COUNT_SEVERE_INJ,COUNT_VISIBLE_INJ,COUNT_COMPLAINT_PAIN,COUNT_PED_KILLED,COUNT_PED_INJURED,COUNT_BICYCLIST_KILLED,COUNT_BICYCLIST_INJURED,COUNT_MC_KILLED,COUNT_MC_INJURED,PRIMARY_RAMP,SECONDARY_RAMP,LATITUDE,LONGITUDE,COUNTY,CITY,POINT_X,POINT_Y
81779673,2022,2022-05-25,4006,2022-04-29,1046,98137,,5,5,4,4006,0,0,0,,0,,"OSOS ST","LEFF ST",100.00,N,N,A,-,N,,,,,,,,,,N,3,0,1,2,A,-,17,22517,,N,D,G,A,A,H,-,A,D,0,,Y,,,Y,,A,01,0,1,0,0,0,0,1,0,0,"- ","- ",35.276710510253906,-120.65669250488281,"SAN LUIS OBISPO","SAN LUIS OBISPO",-120.65688323974609,35.276782989501953
81800525,2022,2022-06-22,4006,2022-06-01,1821,89870,,3,5,4,4006,0,0,0,,0,,"OSOS ST","PISMO ST",22.00,S,N,B,-,N,,,,,,,,,,Y,3,0,2,2,A,-,03,22350,,N,C,C,A,A,H,-,A,A,0,,,,,Y,,A,01,0,1,1,0,0,0,0,0,0,"- ","- ",35.278671264648438,-120.65876770019531,"SAN LUIS OBISPO","SAN LUIS OBISPO",-120.65872192382812,35.278812408447266
81800526,2022,2022-06-22,4006,2022-06-03,0825,16380,,5,5,4,4006,0,0,0,,0,,"ARCHER ST","PISMO ST",0.00,,Y,A,-,N,,,,,,,,,,Y,4,0,2,3,A,-,09,21802,A,N,D,E,A,A,H,-,B,A,0,,,,,Y,,A,01,0,0,2,0,0,0,0,0,0,"- ","- ",35.273429870605469,-120.66771697998047,"SAN LUIS OBISPO","SAN LUIS OBISPO",-120.66777038574219,35.273422241210938
81802447,2022,2022-06-24,4006,2022-06-11,0020,27552,,6,5,4,4006,0,0,0,,0,,"MARSH ST","CARMEL ST",20.00,W,N,A,-,N,,,,,,,,,,Y,3,0,1,5,A,-,01,23153,A,N,A,E,A,A,H,-,C,D,0,,,,Y,Y,Y,A,01,0,1,0,0,0,0,0,0,0,"- ","- ",35.275760650634766,-120.66786956787109,"SAN LUIS OBISPO","SAN LUIS OBISPO",-120.66781616210938,35.275707244873047
81809280,2022,2022-07-04,4006,2022-06-15,0822,16380,,3,5,4,4006,0,0,0,,0,,"PRADO RD","HIGUERA ST",24.00,S,N,A,-,N,,,,,,,,,,Y,4,0,2,2,A,-,12,21453,A,N,A,C,A,A,H,-,A,A,0,,,,,Y,,A,01,0,0,2,0,0,0,0,0,0,"- ","- ",35.254589080810547,-120.66948699951172,"SAN LUIS OBISPO","SAN LUIS OBISPO",-120.66895294189453,35.254581451416016
81818525,2022,2022-07-18,4006,2022-06-30,1955,59980,,4,5,4,4006,0,0,0,,0,,"PRADO RD","HIGUERA ST",467.00,W,N,A,-,N,,,,,,,,,,N,3,0,1,2,A,-,11,21956,A,N,G,B,E,A,H,-,A,A,0,Y,,,,Y,,N,60,0,1,0,0,1,0,0,0,0,"- ","- ",35.254589080810547,-120.66948699951172,"SAN LUIS OBISPO","SAN LUIS OBISPO",-120.67043304443359,35.255172729492188
81837697,2022,2022-08-11,4006,2022-07-28,1613,48750,,4,5,4,4006,0,0,0,,0,,"SOUTH HIGUERA","NCLP OF MARGARITA",35.00,S,N,A,-,N,,,,,,,,,,Y,3,0,1,2,A,-,09,21801,A,N,H,C,A,A,H,-,A,A,0,,,Y,,Y,,A,01,0,1,0,0,0,0,0,0,1,"- ","- ",35.257308959960938,-120.66869354248047,"SAN LUIS OBISPO","SAN LUIS OBISPO",-120.66867065429688,35.256965637207031
81853791,2022,2022-08-31,4006,2022-08-06,2152,99295,,6,5,4,4006,0,0,0,,0,,"PACIFIC ST","BEACH ST",23.00,N,N,-,-,N,,,,,,,,,,Y,3,0,3,2,A,-,01,23152,B,N,D,C,A,A,H,-,D,A,0,,,,,Y,Y,A,01,0,3,0,0,0,0,0,0,0,"- ","- ",35.275821685791016,-120.66587066650391,"SAN LUIS OBISPO","SAN LUIS OBISPO",-120.66572570800781,35.275897979736328
81860440,2022,2022-09-09,4006,2022-08-23,1540,16380,,2,5,4,4006,0,0,0,,0,,"HWY 1 (SANTA ROSA)",BOYSEN,626.00,N,N,A,-,Y,SLO,,1,,,17.623,H,,R,N,4,0,2,2,A,-,03,22350,,N,C,C,A,A,H,-,A,D,0,,,,,Y,,D,22,0,0,2,0,0,0,0,0,0,"- ","- ",35.296768188476562,-120.67134094238281,"SAN LUIS OBISPO","SAN LUIS OBISPO",-120.67123413085938,35.296916961669922
81873961,2022,2022-09-27,4006,2022-09-05,2108,99310,,1,5,4,4006,0,0,0,,0,,"LOS OSOS VALLEY RD","AUTO PARK WAY",460.00,N,N,A,-,N,,,,,,,,,,N,4,0,1,2,A,-,05,21650,1,N,D,G,A,A,H,-,D,D,0,,Y,,,Y,,L,04,0,0,1,0,0,0,1,0,0,"- ","- ",35.249748229980469,-120.68537139892578,"SAN LUIS OBISPO","SAN LUIS OBISPO",-120.68600463867188,35.250900268554688
81890879,2022,2022-10-17,4006,2022-10-01,1413,68370,,6,5,4,4006,0,0,0,,0,,"BROAD ST","CHURCH ST",130.00,S,N,B,-,N,,,,,,,,,,Y,3,0,1,3,A,-,01,23152,A,N,B,E,A,A,H,-,A,D,0,,,,,Y,Y,A,01,0,1,0,0,0,0,0,0,0,"- ","- ",35.273658752441406,-120.65949249267578,"SAN LUIS OBISPO","SAN LUIS OBISPO",-120.65940856933594,35.273231506347656
81894790,2022,2022-10-20,4004,2022-09-08,2137,1381,-----,4,5,3,4004,0,0,0,,0,------,"RT 46E","UNION RD",0.00,,Y,A,-,Y,,,,,,,,,,Y,2,0,3,2,A,-,09,21801,A,N,D,C,A,A,H,-,C,D,0,,,,,Y,Y,A,01,1,0,2,0,0,0,0,0,0,"- ","- ",35.643280029296875,-120.64872741699219,"SAN LUIS OBISPO","PASO ROBLES",-120.64942169189453,35.644447326660156
81910310,2022,2022-11-07,4006,2022-10-18,1653,89870,,2,5,4,4006,0,0,0,,0,,"HIGUERA ST","HIND LN",0.00,,Y,A,-,N,,,,,,,,,,N,3,0,1,2,A,-,11,21966,,N,G,B,D,A,H,-,A,A,0,Y,,,,Y,,N,60,0,1,0,0,1,0,0,0,0,"- ","- ",35.249298095703125,-120.6719970703125,"SAN LUIS OBISPO","SAN LUIS OBISPO",-120.67227935791016,35.249149322509766
81913311,2022,2022-11-09,4004,2022-10-22,1255,1427,,6,5,3,4004,0,0,0,,0,,"RT 46E","RT 101 NB OFFRAMP",122.00,W,N,A,-,Y,SLO,,46,,,29.810,H,,R,N,3,0,1,1,A,-,03,22350,,N,F,A,A,A,H,-,A,D,0,,,Y,,Y,,C,02,0,1,0,0,0,0,0,0,1,"- ","- ",35.642768859863281,-120.68425750732422,"SAN LUIS OBISPO","PASO ROBLES",-120.68427276611328,35.642799377441406
81914345,2022,2022-11-10,4004,2022-09-19,1640,1472,,1,5,3,4004,0,0,0,,0,,"NIBLICK RD","MELODY DR",0.00,,Y,B,-,N,,,,,,,,,,N,3,0,1,2,A,-,08,22107,,N,D,C,A,B,H,-,A,D,0,,,,,Y,,D,22,0,1,0,0,0,0,0,0,0,"- ","- ",35.615749359130859,-120.66628265380859,"SAN LUIS OBISPO","PASO ROBLES",-120.66622924804688,35.615753173828125
81915409,2022,2022-11-11,4008,2022-10-21,1704,2133,C,5,5,4,4008,0,0,0,,0,,"EL CAMINO REAL","PALOMAR AVE",233.00,N,N,A,-,N,,,,,,,,,,N,4,0,2,2,A,-,09,21804,A,N,D,C,A,A,H,-,A,D,0,,,,Y,Y,,A,01,0,0,2,0,0,0,0,0,0,"- ","- ",35.474838256835938,-120.65448760986328,"SAN LUIS OBISPO",ATASCADERO,-120.65496063232422,35.475471496582031
81919793,2022,2022-11-17,4006,2022-08-11,1628,89870,,4,5,4,4006,0,0,0,,0,,"SANTA ROSA ST","PEACH ST",10.00,S,N,A,-,N,,,,,,,,,,N,3,0,1,2,A,-,10,21950,A,N,G,B,B,A,H,-,A,A,0,Y,,,,Y,,A,01,0,1,0,0,1,0,0,0,0,"- ","- ",35.285289764404297,-120.66213226318359,"SAN LUIS OBISPO","SAN LUIS OBISPO",-120.66216278076172,35.285106658935547
81919797,2022,2022-11-17,4006,2022-09-09,1316,89870,,5,5,4,4006,0,0,0,,0,,"HIGUERA ST","GRANADA DR",218.00,N,N,B,-,N,,,,,,,,,,N,4,0,1,2,A,-,03,22350,,N,C,C,A,A,H,-,A,D,0,,,,,Y,,D,22,0,0,1,0,0,0,0,0,0,"- ","- ",35.251800537109375,-120.67060089111328,"SAN LUIS OBISPO","SAN LUIS OBISPO",-120.67076873779297,35.251667022705078
81922026,2022,2022-11-21,4006,2022-11-03,1857,89870,,4,5,4,4006,0,0,0,,0,,"JOHNSON AVE","MARSH ST",0.00,,Y,B,-,N,,,,,,,,,,Y,4,0,1,2,A,-,09,21801,A,N,D,C,A,A,H,-,C,A,0,,,,,Y,,A,07,0,0,1,0,0,0,0,0,0,"- ","- ",35.283000946044922,-120.65589904785156,"SAN LUIS OBISPO","SAN LUIS OBISPO",-120.65594482421875,35.282997131347656
81929764,2022,2022-11-30,4006,2022-11-16,1654,89870,,3,5,4,4006,0,0,0,,0,,"TANK FARM RD","LONG ST",0.00,,Y,A,-,N,,,,,,,,,,Y,3,0,1,2,A,-,09,21801,A,N,A,C,A,A,H,-,B,A,0,,,,,Y,,A,07,0,1,0,0,0,0,0,0,0,"- ","- ",35.246601104736328,-120.67099761962891,"SAN LUIS OBISPO","SAN LUIS OBISPO",-120.671142578125,35.246807098388672
8196242,2016,2017-03-04,4006,2016-11-20,1057,32625,,7,5,4,4006,0,0,0,,0,,"RT 1",MEINECKE,0.00,,Y,B,C,Y,SLO,5,1,-,-,17.220,I,5,N,Y,4,0,1,2,A,-,09,21802,A,N,D,C,A,B,H,-,A,A,0,,,,,Y,,A,07,0,0,1,0,0,0,0,0,0,"- ","- ",35.292400000000001,-120.66745,"SAN LUIS OBISPO","SAN LUIS OBISPO",-120.66732804,35.292425450000003
81977554,2023,2023-01-26,4004,2023-01-04,1602,1349,-----,3,5,3,4004,0,0,0,,0,------,"RT 46E","MILL RD",4559.00,E,N,B,C,Y,,,,,,,,,,Y,2,0,4,2,A,-,09,21804,A,N,D,C,A,B,H,-,B,A,0,,,,,Y,,A,07,1,3,0,0,0,0,0,0,0,"- ","- ",35.643730163574219,-120.63337707519531,"SAN LUIS OBISPO","PASO ROBLES",-120.62110900878906,35.651870727539062
81991254,2023,2023-02-10,4006,2023-01-26,1737,89870,,4,5,4,4006,0,0,0,,0,,"OSOS ST","LEFF ST",126.00,N,N,A,-,N,,,,,,,,,,Y,4,0,1,4,A,-,08,22107,,N,B,E,A,A,H,-,B,D,0,,,,,Y,,A,01,0,0,1,0,0,0,0,0,0,"- ","- ",35.276798248291016,-120.65699768066406,"SAN LUIS OBISPO","SAN LUIS OBISPO",-120.65693664550781,35.276840209960938
81999495,2023,2023-02-22,4004,2023-02-09,1600,1349,,4,5,3,4004,0,0,0,,0,,"NIBLICK RD","SPRING ST",900.00,E,N,A,-,N,,,,,,,,,,N,4,0,2,2,A,-,03,22350,,N,C,C,A,A,H,-,A,D,0,,,,,Y,,A,07,0,0,2,0,0,0,0,0,0,"- ","- ",35.615238189697266,-120.69051361083984,"SAN LUIS OBISPO","PASO ROBLES",-120.68743133544922,35.615177154541016
82001841,2023,2023-02-24,4006,2023-02-11,1936,99747,,6,5,4,4006,0,0,0,,0,,"BROAD ST","ORCUTT RD",0.00,,Y,-,-,N,,,,,,,,,,N,2,0,1,2,A,-,03,22350,,N,C,C,A,A,H,-,C,A,0,,,,,Y,,A,01,1,0,0,0,0,0,0,0,0,"- ","- ",35.26129150390625,-120.65025329589844,"SAN LUIS OBISPO","SAN LUIS OBISPO",-120.64994812011719,35.261280059814453
82018132,2023,2023-03-15,4004,2023-02-24,1823,1492,-----,5,5,3,4004,0,0,0,,0,------,"24TH ST","RT 101 SB OFFRAMP",0.00,,Y,C,-,Y,SLO,,101," "," ",57.917,H,,L,Y,3,0,1,2,A,-,12,21453,A,N,D,C,A,B,H,-,C,A,0,,,,,Y,,A,01,0,1,0,0,0,0,0,0,0,"- ","- ",35.642368316650391,-120.68547821044922,"SAN LUIS OBISPO","PASO ROBLES",-120.68519592285156,35.642475128173828
82027546,2023,2023-03-24,4006,2023-03-10,2145,98137,,5,5,4,4006,0,0,0,,0,,"SANTA ROSA ST","MONTEREY ST",0.00,,Y,A,-,N,,,,,,,,,,N,3,0,1,2,A,-,10,21950,A,F,G,B,B,B,H,-,C,A,0,Y,,,,Y,,A,01,0,1,0,0,1,0,0,0,0,"- ","- ",35.282440185546875,-120.65988159179688,"SAN LUIS OBISPO","SAN LUIS OBISPO",-120.65995788574219,35.282600402832031
82057443,2023,2023-05-01,4006,2023-04-14,1237,89870,,5,5,4,4006,0,0,0,,0,,"ARCHER ST","BUCHON ST",0.00,,Y,A,-,N,,,,,,,,,,Y,3,0,2,2,A,-,12,22450,A,N,D,C,A,A,H,-,A,A,0,,,,,Y,,A,07,0,2,0,0,0,0,0,0,0,"- ","- ",35.272571563720703,-120.66712188720703,"SAN LUIS OBISPO","SAN LUIS OBISPO",-120.66706085205078,35.272647857666016
82067290,2023,2023-05-12,4006,2023-04-29,1035,67850,,6,5,4,4006,0,0,0,,0,,"MARSH ST","NCL OF MARSH",12.00,S,N,A,-,N,,,,,,,,,,N,3,0,1,2,A,-,03,22350,,F,C,C,A,A,H,-,A,D,0,,,,,Y,,A,01,0,1,0,0,0,0,0,0,0,"- ","- ",35.276538848876953,-120.66544342041016,"SAN LUIS OBISPO","SAN LUIS OBISPO",,
82072443,2023,2023-05-19,4006,2023-05-05,2246,98539,,5,5,4,4006,0,0,0,,0,,"GRAND AVE","LOOMIS ST",0.00,,Y,A,-,N,,,,,,,,,,N,4,0,1,2,A,-,09,21802,A,N,D,C,A,A,H,-,C,A,0,,,,,Y,,A,01,0,0,1,0,0,0,0,0,0,"- ","- ",35.292140960693359,-120.65328979492188,"SAN LUIS OBISPO","SAN LUIS OBISPO",-120.65328979492188,35.292385101318359
82075888,2023,2023-05-24,4004,2023-03-19,1904,1472,,7,5,3,4004,0,0,0,,0,,"CRESTON RD","WALNUT DR",0.00,,Y,A,-,N,,,,,,,,,,Y,3,0,3,3,A,-,01,23152,A,F,D,E,A,A,H,-,B,D,0,,,,,Y,Y,A,07,0,2,1,0,0,0,0,0,0,"- ","- ",35.626888275146484,-120.67392730712891,"SAN LUIS OBISPO","PASO ROBLES",-120.67411041259766,35.627552032470703
82079757,2023,2023-05-29,4006,2023-05-11,1533,89870,,4,5,4,4006,0,0,0,,0,,"HIGUERA ST","SUBURBAN RD",0.00,,Y,A,-,N,,,,,,,,,,Y,3,0,2,2,A,-,09,21801,A,N,A,C,A,A,H,-,A,A,0,,,,,Y,,A,01,0,2,0,0,0,0,0,0,0,"- ","- ",35.244178771972656,-120.67508697509766,"SAN LUIS OBISPO","SAN LUIS OBISPO",-120.67539978027344,35.244026184082031
82088723,2023,2023-06-08,4004,2023-05-30,1025,1349,,2,5,3,4004,0,0,0,,0,,"SPRING ST","13TH ST",0.00,,Y,B,-,N,,,,,,,,,,N,3,0,1,2,A,-,10,21950,A,N,G,B,B,A,H,-,A,A,0,Y,,,,Y,,D,22,0,1,0,0,1,0,0,0,0,"- ","- ",35.627731323242188,-120.69155883789062,"SAN LUIS OBISPO","PASO ROBLES",-120.69149017333984,35.627731323242188
82091012,2023,2023-06-12,4001,2023-05-31,"725 ",P0148,,3,5,3,4001,0,0,0,,0,,"HALCYON RD","DODSON WAY",0.00,,Y,A,-,N,,,,,,,,,,N,4,0,1,2,A,-,09,21802,A,N,D,C,A,A,H,-,A,C,0,,,,,Y,Y,A,01,0,0,1,0,0,0,0,0,0,"- ","- ",35.115001678466797,-120.59171295166016,"SAN LUIS OBISPO","ARROYO GRANDE",-120.59159088134766,35.115505218505859
82109442,2023,2023-07-05,4008,2023-06-15,1410,2114,,4,5,4,4008,0,0,0,,0,,"EL CAMINO REAL","LA LINIA AVE",0.00,,Y,A,-,N,,,,,,,,,,N,4,0,1,2,A,-,08,22107,,N,D,C,A,A,H,-,A,D,0,,,,,Y,,A,01,0,0,1,0,0,0,0,0,0,"- ","- ",35.47003173828125,-120.65254211425781,"SAN LUIS OBISPO",ATASCADERO,-120.65254211425781,35.470043182373047
82116491,2023,2023-07-14,4008,2023-06-24,1614,2133,C,6,5,4,4008,0,0,0,,0,,"MORRO RD","LOS ALTOS RD",0.00,,Y,A,-,Y,,,,,,,,,,Y,3,0,2,2,A,-,09,21803,A,N,D,D,A,A,H,-,A,A,0,,,Y,,Y,,A,01,0,2,0,0,0,0,0,0,2,"- ","- ",35.455398559570312,-120.71537017822266,"SAN LUIS OBISPO",ATASCADERO,-120.71498107910156,35.455780029296875
82135883,2023,2023-08-04,4004,2023-07-06,1301,1381,-----,4,5,3,4004,0,0,0,,0,------,"RT 46E","UNION RD",216.00,W,N,A,-,Y,SLO,,46," "," ",31.798,H,,L,Y,2,0,2,3,A,-,03,22350,,N,C,C,A,A,H,-,A,D,0,,,,Y,Y,,A,01,1,1,0,0,0,0,0,0,0,"- ","- ",35.644779205322266,-120.64945220947266,"SAN LUIS OBISPO","PASO ROBLES",-120.64945220947266,35.644645690917969
82135886,2023,2023-08-04,4004,2023-07-15,"815 ",1541,-----,6,5,3,4004,0,0,0,,0,------,"SPRING ST","10TH ST",0.00,,Y,A,-,N,,,,,,,,,,N,4,0,1,2,A,-,10,21950,A,N,G,B,B,A,H,-,A,A,0,Y,,,,Y,,D,22,0,0,1,0,1,0,0,0,0,"- ","- ",35.624660491943359,-120.69126892089844,"SAN LUIS OBISPO","PASO ROBLES",-120.69122314453125,35.624584197998047
82147895,2023,2023-08-21,4006,2023-06-14,2139,10938,,3,5,4,4006,0,0,0,,0,,"NIPOMO ST","MONTEREY ST",0.00,,Y,A,-,N,,,,,,,,,,N,3,0,1,2,A,-,01,23152,A,N,D,E,A,A,H,-,C,D,0,,,,,Y,Y,D,22,0,1,0,0,0,0,0,0,0,"- ","- ",35.278968811035156,-120.66648864746094,"SAN LUIS OBISPO","SAN LUIS OBISPO",-120.66651916503906,35.27899169921875
82150518,2023,2023-08-23,4004,2023-07-28,1753,1349,,5,5,3,4004,0,0,0,,0,,"RT 46E","GOLDEN HILL RD",909.00,E,N,A,-,Y,SLO,,46," "," ",31.316,H,,R,N,4,0,1,2,A,-,03,22350,,N,C,C,A,A,H,-,A,A,0,,,,,Y,,A,07,0,0,1,0,0,0,0,0,0,"- ","- ",35.644428253173828,-120.657958984375,"SAN LUIS OBISPO","PASO ROBLES",-120.657958984375,35.64447021484375
82154822,2023,2023-08-28,4006,2023-07-28,1320,100043,,5,5,4,4006,0,0,0,,0,,"LOS OSOS VALLEY RD","LAGUNA LN",0.00,,Y,A,-,N,,,,,,,,,,Y,3,0,1,2,A,-,12,21453,A,N,D,C,A,A,H,-,A,A,0,,,,,Y,,A,07,0,1,0,0,0,0,0,0,0,"- ","- ",35.261070251464844,-120.69870758056641,"SAN LUIS OBISPO","SAN LUIS OBISPO",-120.69654846191406,35.261981964111328
82161874,2023,2023-09-05,4006,2023-08-13,1502,100160,,7,5,4,4006,0,0,0,,0,,"MARSH ST","OSOS ST",30.00,E,N,A,-,N,,,,,,,,,,N,3,0,1,2,A,-,17,21208,A,N,C,G,A,A,H,-,A,A,0,,Y,,,Y,,L,04,0,1,0,0,0,0,1,0,0,"- ","- ",35.278701782226562,-120.66165924072266,"SAN LUIS OBISPO","SAN LUIS OBISPO",-120.66001892089844,35.280403137207031
82161889,2023,2023-09-05,4006,2023-08-25,1222,89870,,5,5,4,4006,0,0,0,,0,,"BROAD ST","PALM ST",0.00,,Y,A,-,N,,,,,,,,,,N,3,0,1,2,A,-,09,21804,A,N,D,G,A,A,H,-,A,A,0,,Y,,,Y,,L,04,0,1,0,0,0,0,1,0,0,"- ","- ",35.280818939208984,-120.66548919677734,"SAN LUIS OBISPO","SAN LUIS OBISPO",-120.66533660888672,35.280811309814453
82165164,2023,2023-09-08,4001,2023-08-20,1449,P0101,,7,5,3,4001,0,0,0,,0,46-1,"E. BRANCH ST","SHORT ST",46.00,W,N,A,-,N,,,,,,,,,,N,3,0,1,2,A,-,00,20001,B,F,B,G,A,A,H,-,A,D,0,,Y,,,Y,,L,04,0,1,0,0,0,0,1,0,0,"- ","- ",35.124279022216797,-120.57663726806641,"SAN LUIS OBISPO","ARROYO GRANDE",-120.57778167724609,35.123905181884766
82191501,2023,2023-10-05,4008,2023-09-22,1806,2151,,5,5,4,4008,0,0,0,,0,,"MORRO RD","CURBARIL AVE",0.00,,Y,A,-,N,,,,,,,,,,N,3,0,1,2,A,-,10,21950,A,N,A,G,A,A,H,-,A,A,0,,Y,,,Y,,A,01,0,1,0,0,0,0,1,0,0,"- ","- ",35.472869873046875,-120.66815185546875,"SAN LUIS OBISPO",ATASCADERO,-120.66830444335938,35.474227905273438
82191541,2023,2023-10-05,4004,2023-09-13,2120,1425,-----,3,5,3,4004,0,0,0,,0,------,"24TH ST","MOUNTAIN SPRINGS RD",0.00,E,Y,A,-,N,,,,,,,,,,Y,4,0,1,1,A,-,01,23152,A,N,E,I,A,A,H,-,D,A,0,,,,,Y,Y,A,01,0,0,1,0,0,0,0,0,0,"- ","- ",35.640010833740234,-120.69876098632812,"SAN LUIS OBISPO","PASO ROBLES",-120.69871520996094,35.639980316162109
82194919,2023,2023-10-10,4004,2023-08-23,2233,1565,,3,5,3,4004,0,0,0,,0,,"LINNE RD","LINNE ROAD",40.00,S,N,A,-,N,,,,,,,,,,Y,2,0,2,2,A,-,05,21460,A,N,D,C,A,A,H,-,C,B,0,,,,,Y,,A,01,1,1,0,0,0,0,0,0,0,"- ","- ",35.610660552978516,-120.64475250244141,"SAN LUIS OBISPO","PASO ROBLES",,
82228014,2023,2023-11-06,4006,2023-10-17,1721,80908,,2,5,4,4006,0,0,0,,0,,"SANTA ROSA ST",OLIVE,112.00,N,N,A,-,N,,,,,,,,,,Y,4,0,1,2,A,-,09,21804,A,N,D,C,A,A,H,-,A,D,0,,,,,Y,,D,22,0,0,1,0,0,0,0,0,0,"- ","- ",35.287788391113281,-120.66461944580078,"SAN LUIS OBISPO","SAN LUIS OBISPO",-120.66448211669922,35.287769317626953
82233351,2023,2023-11-13,4006,2023-10-24,"854 ",99747,,2,5,4,4006,0,0,0,,0,,"SANTA ROSA ST","PEACH ST",0.00,,Y,A,-,N,,,,,,,,,,N,3,0,1,2,A,-,09,21802,A,N,D,C,A,A,H,-,A,A,0,,,,,Y,,A,01,0,1,0,0,0,0,0,0,0,"- ","- ",35.284988403320312,-120.66200256347656,"SAN LUIS OBISPO","SAN LUIS OBISPO",-120.66217803955078,35.285129547119141
82239681,2023,2023-11-20,4006,2023-11-06,1529,20008,,1,5,4,4006,0,0,0,,0,,"1655 DALIDIO",MADONNA,237.00,S,N,A,-,N,,,,,,,,,,N,3,0,1,2,A,-,21,22106,,F,G,B,E,A,H,-,A,D,0,Y,,,,Y,,A,07,0,1,0,0,1,0,0,0,0,"- ","- ",35.260700225830078,-120.67936706542969,"SAN LUIS OBISPO","SAN LUIS OBISPO",-120.67954254150391,35.260879516601562
82244404,2023,2023-11-27,4006,2023-10-28,2037,98219,,6,5,4,4006,0,0,0,,0,,"FOOTHILL BLVD","WCLP ON CHORRO",400.00,E,N,A,-,N,,,,,,,,,,Y,4,0,1,3,A,-,03,22350,,N,C,C,A,A,H,-,C,D,0,,,,,Y,,A,01,0,0,1,0,0,0,0,0,0,"- ","- ",35.294059753417969,-120.66960144042969,"SAN LUIS OBISPO","SAN LUIS OBISPO",-120.66961669921875,35.294075012207031
82259336,2023,2023-12-12,4006,2023-11-30,1820,68370,,4,5,4,4006,0,0,0,,0,,"BOB JONES TRAIL","LOS OSOS VALLEY",1800.00,N,N,A,-,N,,,,,,,,,,N,2,0,2,2,A,-,03,22350,,N,A,G,A,A,H,-,D,D,0,,Y,,,Y,,L,04,2,0,0,0,0,0,2,0,0,"- ","- ",35.248249053955078,-120.67865753173828,"SAN LUIS OBISPO","SAN LUIS OBISPO",,
82273196,2023,2023-12-28,4004,2023-11-20,1929,1541,,1,5,3,4004,0,0,0,,0,,"NIBLICK RD","SPRING ST",55.00,E,N,A,-,N,,,,,,,,,,N,4,0,1,2,A,-,01,23152,A,F,C,C,A,A,H,-,C,A,0,,,,,Y,Y,A,01,0,0,1,0,0,0,0,0,0,"- ","- ",35.615238189697266,-120.69051361083984,"SAN LUIS OBISPO","PASO ROBLES",-120.69027709960938,35.615245819091797
82286447,2023,2024-01-15,4006,2023-12-26,1602,16380,,2,5,4,4006,0,0,0,,0,,"FROOM RANCH","LOS OSOS VALLEY RD",1005.00,N,N,A,-,N,,,,,,,,,,N,4,0,1,2,A,-,03,22350,,N,C,C,A,A,H,-,A,D,0,,,,,Y,,A,01,0,0,1,0,0,0,0,0,0,"- ","- ",35.252719879150391,-120.68734741210938,"SAN LUIS OBISPO","SAN LUIS OBISPO",-120.68747711181641,35.252609252929688
82306223,2024,2024-02-06,4006,2024-01-20,1811,88911,SLO,6,5,4,4006,0,0,0,,0,,"OSOS ST","SANTA BARBARA ST (N)",0.00,,Y,B,-,N,,,,,,,,,,Y,3,0,1,2,A,-,07,21658,A,N,D,C,A,A,H,-,C,D,0,,,,,Y,,A,01,0,1,0,0,0,0,0,0,0,"- ","- ",35.276710510253906,-120.65669250488281,"SAN LUIS OBISPO","SAN LUIS OBISPO",-120.65653991699219,35.276092529296875
82308536,2024,2024-02-08,4004,2024-01-08,1640,1427,,1,5,3,4004,0,0,0,,0,,"NIBLICK RD","WOODLAND PLAZA",958.00,W,N,A,-,N,,,,,,,,,,N,4,0,1,2,A,-,03,22350,,N,C,C,A,A,H,-,A,D,0,,,,,Y,,A,01,0,0,1,0,0,0,0,0,0,"- ","- ",35.614589691162109,-120.68232727050781,"SAN LUIS OBISPO","PASO ROBLES",,