CASE_ID,ACCIDENT_YEAR,PROC_DATE,JURIS,COLLISION_DATE,COLLISION_TIME,OFFICER_ID,REPORTING_DISTRICT,DAY_OF_WEEK,CHP_SHIFT,POPULATION,CNTY_CITY_LOC,SPECIAL_COND,BEAT_TYPE,CHP_BEAT_TYPE,CITY_DIVISION_LAPD,CHP_BEAT_CLASS,BEAT_NUMBER,PRIMARY_RD,SECONDARY_RD,DISTANCE,DIRECTION,INTERSECTION,WEATHER_1,WEATHER_2,STATE_HWY_IND,CALTRANS_COUNTY,CALTRANS_DISTRICT,STATE_ROUTE,ROUTE_SUFFIX,POSTMILE_PREFIX,POSTMILE,LOCATION_TYPE,RAMP_INTERSECTION,SIDE_OF_HWY,TOW_AWAY,COLLISION_SEVERITY,NUMBER_KILLED,NUMBER_INJURED,PARTY_COUNT,PRIMARY_COLL_FACTOR,PCF_CODE_OF_VIOL,PCF_VIOL_CATEGORY,PCF_VIOLATION,PCF_VIOL_SUBSECTION,HIT_AND_RUN,TYPE_OF_COLLISION,MVIW,PED_ACTION,ROAD_SURFACE,ROAD_COND_1,ROAD_COND_2,LIGHTING,CONTROL_DEVICE,CHP_ROAD_TYPE,PEDESTRIAN_ACCIDENT,BICYCLE_ACCIDENT,MOTORCYCLE_ACCIDENT,TRUCK_ACCIDENT,NOT_PRIVATE_PROPERTY,ALCOHOL_INVOLVED,STWD_VEHTYPE_AT_FAULT,CHP_VEHTYPE_AT_FAULT,COUNT_SEVERE_INJ,COUNT_VISIBLE_INJ,COUNT_COMPLAINT_PAIN,COUNT_PED_KILLED,COUNT_PED_INJURED,COUNT_BICYCLIST_KILLED,COUNT_BICYCLIST_INJURED,COUNT_MC_KILLED,COUNT_MC_INJURED,PRIMARY_RAMP,SECONDARY_RAMP,LATITUDE,LONGITUDE,COUNTY,CITY,POINT_X,POINT_Y
90997642,2019,2019-05-29,9750,2019-05-22,0610,017379,,3,1,9,4000,0,1,3,,1,065,"SR-166 (W/B)","KIRSCHENMANN RD",10560.00,E,N,B,-,Y,,,166,,,,,,,Y,3,0,3,2,A,-,08,22107,,N,C,C,A,A,H,-,A,D,0,,,,,Y,,A,01,0,2,1,0,0,0,0,0,0,"- ","- ",34.934310913085938,-119.56120300292969,"SAN LUIS OBISPO",UNINCORPORATED,-119.56120300292969,34.934295654296875
90998050,2019,2019-05-29,9745,2019-05-24,1513,014713,,5,2,4,4006,0,1,2,,2,202,"US-101 SOUTHBOUND","MARSH ST",42.00,N,N,A,-,Y,,,101,,,,,,S,Y,4,0,3,2,A,-,03,22350,,N,C,C,A,A,H,-,A,D,0,,,,,Y,,D,22,0,0,3,0,0,0,0,0,0,"- ","- ",35.274559020996094,-120.67143249511719,"SAN LUIS OBISPO","SAN LUIS OBISPO",-120.67144775390625,35.274566650390625
90998852,2019,2019-05-30,9740,2019-05-27,1430,015167,,1,2,9,4000,0,1,2,,2,002,"US-101 NORTHBOUND","SAN RAMON RD",1320.00,N,N,A,-,Y,,,101,,,,,,N,Y,4,0,4,3,A,-,03,22350,,N,C,C,A,A,H,-,A,D,0,,,,,Y,,A,01,0,0,4,0,0,0,0,0,0,"- ","- ",35.529270172119141,-120.70686340332031,"SAN LUIS OBISPO",UNINCORPORATED,-120.70686340332031,35.529266357421875
91002758,2019,2019-06-04,9740,2019-06-02,0142,019700,,7,3,9,4000,0,3,5,,2,018,"CRESTON ROAD","SOUTH EL POMAR ROAD",760.00,E,N,A,-,N,,,,,,,,,,Y,3,0,1,1,A,-,01,23152,A,N,E,I,A,A,H,-,D,D,0,,,,,Y,Y,A,01,0,1,0,0,0,0,0,0,0,"- ","- ",35.572780609130859,-120.606201171875,"SAN LUIS OBISPO",UNINCORPORATED,-120.60634613037109,35.572803497314453
91003316,2019,2019-06-04,9745,2019-05-29,1520,019400,,3,2,9,4000,0,3,5,,2,005,"CASA REAL PLACE","CAMINO DEL ORO",0.00,,Y,A,-,N,,,,,,,,,,N,3,0,1,2,A,-,12,22450,A,N,D,G,A,A,H,-,A,A,0,,Y,,,Y,,L,04,0,1,0,0,0,0,1,0,0,"- ","- ",35.013771057128906,-120.51246643066406,"SAN LUIS OBISPO",UNINCORPORATED,-120.51236724853516,35.013828277587891
91004387,2019,2019-06-05,9740,2019-05-31,1232,016849,,5,1,9,4000,0,3,5,,2,016,"SODA LAKE RD","BELMONT TRL",6864.00,N,N,A,-,N,,,,,,,,,,Y,4,0,1,1,C,-,18,,,N,E,I,A,A,H,-,A,D,0,,,,,Y,,-,"- ",0,0,1,0,0,0,0,0,0,"- ","- ",35.321678161621094,-120.00312805175781,"SAN LUIS OBISPO",UNINCORPORATED,-120.00302886962891,35.321735382080078
91006354,2019,2019-06-10,9740,2019-06-08,2005,020773,,6,2,9,4000,0,1,3,,2,011,SR-46,"ARBOR RD",0.00,,Y,A,-,Y,,,46,,,,,,,Y,2,0,2,2,A,-,01,23152,A,N,D,C,A,A,H,-,A,D,0,,,,,Y,Y,D,22,1,1,0,0,0,0,0,0,0,"- ","- ",35.583721160888672,-120.7147216796875,"SAN LUIS OBISPO",UNINCORPORATED,-120.71469116210938,35.583629608154297
91007092,2019,2019-06-10,9745,2019-06-01,1015,016714,,6,1,9,4000,0,1,2,,2,303,"US-101 N/B","SAN LUIS BAY DR.",8.00,N,N,A,-,Y,,,101,,,,,,N,Y,3,0,1,2,A,-,08,22107,,N,C,E,A,A,H,-,A,A,0,,,,Y,Y,,D,22,0,1,0,0,0,0,0,0,0,"- ","- ",35.196178436279297,-120.69924926757812,"SAN LUIS OBISPO",UNINCORPORATED,-120.69920349121094,35.196159362792969
91010612,2019,2019-06-14,9745,2019-06-10,1325,019400,,1,1,9,4000,0,2,4,,1,038,"ORCUTT RD","CROSS CREEK WAY",0.00,,Y,A,-,N,,,,,,,,,,Y,4,0,1,2,A,-,05,21752,D,N,D,C,A,A,H,-,A,D,0,,,,,Y,,A,07,0,0,1,0,0,0,0,0,0,"- ","- ",35.215381622314453,-120.59336853027344,"SAN LUIS OBISPO",UNINCORPORATED,-120.59337615966797,35.215549468994141
91013501,2019,2019-06-19,9745,2019-06-15,0830,016714,,6,1,9,4000,0,1,3,,1,032,"SR-227, (EDNA RD.)","LOS RANCHOS RD.",0.00,,Y,A,-,Y,,,227,,,,,,,Y,4,0,1,2,A,-,03,22350,,N,C,C,A,A,H,-,A,A,0,,,,,Y,,A,01,0,0,1,0,0,0,0,0,0,"- ","- ",35.223888397216797,-120.62541198730469,"SAN LUIS OBISPO",UNINCORPORATED,-120.62535858154297,35.223945617675781
91017828,2019,2019-06-26,9745,2019-06-10,1237,014910,,1,1,9,4000,0,1,3,,1,011,SR-41,"CALL BOX 41 SLO 082",44.00,N,N,A,-,Y,,,41,,,,,,,Y,2,0,4,2,A,-,05,21460,A,N,A,C,A,A,H,-,A,D,0,,,,,Y,,D,22,4,0,0,0,0,0,0,0,0,"- ","- ",35.436630249023438,-120.75287628173828,"SAN LUIS OBISPO",UNINCORPORATED,-120.75276184082031,35.436695098876953
91017966,2019,2019-06-26,9745,2019-06-21,2130,019400,,5,2,9,4000,0,1,2,,1,101,"US-101 NORTHBOUND","RESERVOIR CANYON RD",0.00,,Y,A,-,Y,,,101,,,,,,N,Y,4,0,1,2,A,-,09,21802,A,M,D,C,A,A,H,-,D,A,0,,,,,Y,,A,01,0,0,1,0,0,0,0,0,0,"- ","- ",35.297050476074219,-120.62928009033203,"SAN LUIS OBISPO",UNINCORPORATED,-120.62919616699219,35.296897888183594
91018379,2019,2019-06-26,9745,2019-06-24,0725,014543,,1,1,9,4000,0,1,2,,1,101,"US-101 SOUTHBOUND","TASSAJARA CREEK ROAD",6864.00,S,N,B,-,Y,,,101,,,,,,S,Y,3,0,1,4,A,-,04,21703,,N,C,C,A,A,H,-,A,D,0,,,,,Y,,A,07,0,1,0,0,0,0,0,0,0,"- ","- ",35.351909637451172,-120.63398742675781,"SAN LUIS OBISPO",UNINCORPORATED,-120.63405609130859,35.351852416992188
91026473,2019,2019-07-08,9745,2019-07-05,1517,019809,,5,2,9,4000,0,3,5,,2,005,"LOS BERROS RD","EL CAMPO RD",1056.00,N,N,B,-,N,,,,,,,,,,Y,3,0,3,2,A,-,01,23152,F,N,B,C,A,A,H,-,A,D,0,,,,,Y,,A,08,0,1,2,0,0,0,0,0,0,"- ","- ",35.096141815185547,-120.56623840332031,"SAN LUIS OBISPO",UNINCORPORATED,-120.56511688232422,35.095458984375
91028946,2019,2019-07-11,9750,2019-06-24,0230,020765,,1,3,9,4000,0,1,3,,1,063,SR-166,"CHIMINEAS RANCH RD",9240.00,W,N,A,-,Y,,,166,,,,,,,Y,3,0,3,1,A,-,01,23152,A,N,F,A,A,A,H,-,D,D,0,,,,,Y,Y,A,01,0,2,1,0,0,0,0,0,0,"- ","- ",35.060588836669922,-119.96597290039062,"SAN LUIS OBISPO",UNINCORPORATED,-119.96598815917969,35.060482025146484
91032905,2019,2019-07-17,9740,2019-07-14,1410,016849,,7,2,9,4000,0,3,5,,2,018,"RAMADA DR","VOLPI YSABEL RD",1241.00,N,N,A,-,N,,,,,,,,,,Y,4,0,1,2,A,-,03,22350,,N,C,C,A,A,H,-,A,D,0,,,,,Y,,A,07,0,0,1,0,0,0,0,0,0,"- ","- ",35.584209442138672,-120.69597625732422,"SAN LUIS OBISPO",UNINCORPORATED,-120.69595336914062,35.584194183349609
91036898,2019,2019-07-24,9745,2019-07-18,2500,017968,,4,4,9,4000,0,3,5,,2,003,"SEE CANYON ROAD","MEADOWBROOK LANE",2112.00,N,N,A,-,N,,,,,,,,,,Y,4,0,1,1,A,-,08,22107,,N,F,A,A,A,H,-,A,D,0,,,,,Y,,A,01,0,0,1,0,0,0,0,0,0,"- ","- ",35.229198455810547,-120.74269866943359,"SAN LUIS OBISPO",UNINCORPORATED,-120.73709869384766,35.226791381835938
91039779,2019,2019-07-26,9745,2019-07-20,1145,017541,,6,1,9,4000,0,3,5,,2,004,"STANTON RD","GRANT AVE",250.00,S,N,A,-,N,,,,,,,,,,Y,3,0,1,1,A,-,08,22107,,N,E,I,A,A,H,-,A,D,0,,,,,Y,,A,07,0,1,0,0,0,0,0,0,0,"- ","- ",35.077079772949219,-120.54969024658203,"SAN LUIS OBISPO",UNINCORPORATED,-120.54936218261719,35.077487945556641
91039791,2019,2019-09-23,9745,2019-07-08,1602,020211,,1,2,9,4000,0,2,4,,1,053,"POMEROY ROAD","SANDYDALE DR",249.00,W,N,A,-,N,,,,,,,,,,Y,1,1,1,2,A,-,01,23152,F,N,A,C,A,A,H,-,A,D,0,,,,,Y,,A,01,1,0,0,0,0,0,0,0,0,"- ","- ",35.038719177246094,-120.50347137451172,"SAN LUIS OBISPO",UNINCORPORATED,-120.50343322753906,35.0386962890625
91041035,2019,2019-07-29,9740,2019-07-23,2018,014716,,2,2,9,4000,0,1,3,,1,014,SR-1,"VISTA DEL MAR AVENUE",0.00,,Y,A,-,Y,,,1,,,,,,,Y,4,0,1,2,A,-,09,21802,A,N,D,C,A,A,H,-,C,A,0,,,,,Y,,D,22,0,0,1,0,0,0,0,0,0,"- ","- ",35.610530853271484,-121.14134216308594,"SAN LUIS OBISPO",UNINCORPORATED,-121.14134216308594,35.610527038574219
91041951,2019,2019-07-30,9740,2019-07-25,1525,015167,,4,2,9,4000,0,3,5,,2,017,"EL POMAR DR","ALMOND DR",0.00,,Y,A,-,N,,,,,,,,,,Y,4,0,1,2,A,-,09,21802,A,N,D,C,A,A,H,-,A,A,0,,,,,Y,,D,22,0,0,1,0,0,0,0,0,0,"- ","- ",35.555858612060547,-120.62500762939453,"SAN LUIS OBISPO",UNINCORPORATED,-120.62516021728516,35.555931091308594
91048492,2019,2019-08-08,9750,2019-08-03,1348,017496,,6,1,9,4000,0,1,3,,1,063,"SR-166 W/B","MPM 166SLO46.00",2700.00,W,N,A,-,Y,,,166,,,,,,W,N,3,0,1,1,A,-,08,22107,,N,F,A,A,A,H,-,A,D,0,,,Y,,Y,,C,02,0,1,0,0,0,0,0,0,1,"- ","- ",35.064659118652344,-119.97798919677734,"SAN LUIS OBISPO",UNINCORPORATED,-119.97801971435547,35.064544677734375
91049034,2019,2019-08-09,9745,2019-08-01,1810,017817,,4,2,9,4000,0,2,4,,1,048,"US-101 SOUTHBOUND TO AVILA BEACH DR.","AVILA BEACH DR.",0.00,,Y,A,-,Y,,,101,,,,R,,S,Y,4,0,1,2,A,-,09,21802,A,N,D,C,A,A,H,-,A,A,0,,,,,Y,,A,01,0,0,1,0,0,0,0,0,0,"- ","- ",35.179710388183594,-120.700439453125,"SAN LUIS OBISPO",UNINCORPORATED,-120.700439453125,35.179710388183594
91050731,2019,2019-08-13,9745,2019-08-05,1748,017857,,1,2,9,4000,0,1,3,,1,032,SR-227,"BUCKLEY ROAD",197.00,S,N,A,-,Y,,,227,,,,,,,Y,4,0,2,2,A,-,03,22350,,N,C,C,A,A,H,-,A,D,0,,,,,Y,,A,01,0,0,2,0,0,0,0,0,0,"- ","- ",35.230201721191406,-120.62940216064453,"SAN LUIS OBISPO",UNINCORPORATED,-120.62947082519531,35.23016357421875
91051988,2019,2019-08-14,9740,2019-07-30,2324,020226,,2,3,9,4000,0,1,S,,2,904,"US-101  NORTHBOUND",SR-58,13200.00,N,N,A,-,Y,,,101,,,,,,N,Y,2,0,1,2,A,-,01,23152,A,N,D,C,A,A,H,-,D,D,0,,,,,Y,Y,A,01,1,0,0,0,0,0,0,0,0,"- ","- ",35.417648315429688,-120.62850952148438,"SAN LUIS OBISPO",UNINCORPORATED,-120.62856292724609,35.417625427246094
91052010,2019,2019-08-14,9740,2019-07-13,1820,016154,,6,2,9,4000,0,3,5,,2,018,"UNION ROAD","BRANCH ROAD",4782.00,W,N,A,-,N,,,,,,,,,,Y,1,1,1,1,A,-,01,23152,G,N,E,I,A,A,H,-,A,D,0,,,,,Y,Y,A,01,1,0,0,0,0,0,0,0,0,"- ","- ",35.6380615234375,-120.59696197509766,"SAN LUIS OBISPO",UNINCORPORATED,-120.59531402587891,35.637832641601562
91054703,2019,2019-08-19,9745,2019-08-12,0743,017541,,1,1,2,4005,0,1,2,,2,404,"US-101 NORTHBOUND","PRICE ST",1150.00,S,N,A,-,Y,,,101,,,,,,N,Y,4,0,1,4,A,-,03,22350,,N,C,C,A,A,H,-,A,D,0,,,,,Y,,D,22,0,0,1,0,0,0,0,0,0,"- ","- ",35.138530731201172,-120.63179779052734,"SAN LUIS OBISPO","PISMO BEACH",-120.63179016113281,35.138565063476562
91055596,2019,2019-08-20,9745,2019-08-11,1730,017151,,7,2,9,4000,0,3,5,,2,002,"11TH STREET","PACIFIC AVE",150.00,E,N,A,-,N,,,,,,,,,,N,3,0,1,2,A,-,21,22106,,N,H,A,E,A,H,-,A,D,0,Y,,,,Y,,A,01,0,1,0,0,1,0,0,0,0,"- ","- ",35.441299438476562,-120.89399719238281,"SAN LUIS OBISPO",UNINCORPORATED,-120.89413452148438,35.441207885742188
91059329,2019,2019-08-26,9740,2019-07-15,0154,018988,,1,3,3,4004,0,1,2,,2,003,"US-101 NORTHBOUND","NIBLICK RD",4752.00,S,N,A,-,Y,,,101,,,,,,N,Y,1,1,1,2,A,-,01,23152,F,F,A,C,A,A,H,-,C,D,0,,,,,Y,,A,07,1,0,0,0,0,0,0,0,0,"- ","- ",35.602069854736328,-120.69243621826172,"SAN LUIS OBISPO","PASO ROBLES",-120.69247436523438,35.602073669433594
91067552,2019,2019-09-04,9750,2019-08-28,2010,017709,,3,2,9,4000,0,1,3,,2,061,SR-166,"TWITCHELL DAM RD",7392.00,E,N,A,-,Y,,,166,,,,,,,Y,4,0,1,1,A,-,08,22107,,N,F,A,A,A,H,-,D,D,0,,,,,Y,,A,01,0,0,1,0,0,0,0,0,0,"- ","- ",35.016220092773438,-120.33390808105469,"SAN LUIS OBISPO",UNINCORPORATED,-120.33387756347656,35.016311645507812
91068674,2019,2019-09-05,9745,2019-08-27,0453,016514,,2,3,3,4001,0,1,2,,2,402,"US-101 NORTHBOUND","BRISCO RD",1056.00,N,N,A,-,Y,,,101,,,,,,N,Y,2,0,1,2,A,-,08,22107,,N,C,E,A,A,H,-,D,D,0,,,,,Y,,A,01,1,0,0,0,0,0,0,0,0,"- ","- ",35.126201629638672,-120.59709930419922,"SAN LUIS OBISPO","ARROYO GRANDE",-120.59710693359375,35.126190185546875
91069502,2019,2019-09-06,9745,2019-08-30,1700,019400,,5,2,2,4005,0,1,2,,2,404,"US-101 SOUTHBOUND","SPYGLASS DR",4224.00,S,N,A,-,Y,,,101,,,,,,S,N,4,0,2,2,A,-,03,22350,,N,C,C,A,A,H,-,A,D,0,,,,,Y,,I,20,0,0,2,0,0,0,0,0,0,"- ","- ",35.159160614013672,-120.67537689208984,"SAN LUIS OBISPO","PISMO BEACH",-120.67537689208984,35.159156799316406
91070642,2019,2019-09-09,9745,2019-09-08,1230,018454,,7,1,9,4000,0,2,S,,2,054,"LOPEZ DR","ORCUTT RD",18480.00,E,N,A,-,N,,,,,,,,,,N,4,0,1,1,A,-,08,22107,,N,F,A,A,A,H,-,A,D,0,,,Y,,Y,,C,02,0,0,1,0,0,0,0,0,1,"- ","- ",35.188468933105469,-120.48931121826172,"SAN LUIS OBISPO",UNINCORPORATED,-120.4786376953125,35.185104370117188
91072271,2019,2019-09-11,9745,2019-09-02,2330,020417,,1,3,9,4000,0,2,4,,1,046,"PRICE CANYON RD.","THOUSAND HILLS RD.",50.00,W,N,B,-,N,,,,,,,,,,Y,4,0,2,1,A,-,08,22107,,N,E,I,A,A,H,-,D,D,0,,,,,Y,,A,01,0,0,2,0,0,0,0,0,0,"- ","- ",35.164058685302734,-120.63495635986328,"SAN LUIS OBISPO",UNINCORPORATED,-120.63492584228516,35.164047241210938
91073312,2019,2019-09-12,9740,2019-09-04,0715,017426,,3,1,9,4000,0,3,5,,2,019,"HOG CANYON RD","VON DOLLEN RD",2112.00,E,N,A,-,N,,,,,,,,,,Y,4,0,1,1,A,-,03,22350,,N,F,A,A,A,H,-,A,D,0,,,,Y,Y,,G,25,0,0,1,0,0,0,0,0,0,"- ","- ",35.740848541259766,-120.56548309326172,"SAN LUIS OBISPO",UNINCORPORATED,-120.56467437744141,35.742717742919922
91076307,2019,2019-09-17,9745,2019-09-12,1924,017151,,4,2,9,4000,0,1,3,,1,021,"SR-1 SOUTHBOUND","VILLA CREEK RD",500.00,S,N,A,-,Y,,,1,,,,,,S,Y,3,0,1,1,A,-,01,23152,A,N,E,I,A,A,H,-,B,D,0,,,,,Y,Y,A,07,0,1,0,0,0,0,0,0,0,"- ","- ",35.468399047851562,-120.97650146484375,"SAN LUIS OBISPO",UNINCORPORATED,-120.97648620605469,35.468418121337891
91078480,2019,2019-09-19,9740,2019-09-12,1859,014622,,4,2,9,4000,0,1,3,,2,007,SR-41,"HOMESTEAD ROAD",0.00,,Y,A,-,Y,,,41,,,,,,,Y,2,0,2,2,A,-,09,21801,A,N,A,C,A,A,H,-,A,D,0,,,,,Y,,A,07,1,0,1,0,0,0,0,0,0,"- ","- ",35.510650634765625,-120.63813781738281,"SAN LUIS OBISPO",UNINCORPORATED,-120.63813781738281,35.510650634765625
91081831,2019,2019-09-24,9745,2019-09-19,0750,017144,,4,1,9,4000,0,3,5,,2,002,"O'CONNER WAY","FOOTHILL BLVD",486.00,N,N,A,-,N,,,,,,,,,,Y,3,0,1,2,A,-,09,21804,A,N,D,C,A,A,H,-,A,D,0,,,Y,,Y,,A,01,0,1,0,0,0,0,0,0,1,"- ","- ",35.282909393310547,-120.70931243896484,"SAN LUIS OBISPO",UNINCORPORATED,-120.70926666259766,35.282814025878906
91082659,2019,2019-09-25,9745,2019-09-22,1740,017151,,7,2,9,4000,0,1,3,,1,011,"SR-41 SOUTHBOUND","CERRO ALTO RD",2640.00,S,N,A,-,Y,,,41,,,,,,S,Y,4,0,1,1,A,-,08,22107,,N,E,I,A,A,H,-,A,D,0,,,,,Y,,A,01,0,0,1,0,0,0,0,0,0,"- ","- ",35.427898406982422,-120.76249694824219,"SAN LUIS OBISPO",UNINCORPORATED,-120.76248168945312,35.427845001220703
91083586,2019,2019-09-26,9740,2019-09-24,2203,016154,,2,3,9,4000,0,1,3,,1,014,SR-1,"WINDSOR BLVD",0.00,,Y,A,-,Y,,,,,,,,,,N,3,0,1,2,A,-,12,21453,A,N,D,C,A,A,H,-,C,A,0,,,,,Y,,A,01,0,1,0,0,0,0,0,0,0,"- ","- ",35.56890869140625,-120.10404968261719,"SAN LUIS OBISPO",UNINCORPORATED,-121.10389709472656,35.568889617919922
9108601,2020,2020-08-06,4005,2020-04-30,1341,P090,4,4,5,2,4005,0,0,0,,0,,"PRICE ST","CLIFF AV",492.00,S,N,A,-,N,,,,,,,,,,Y,3,0,1,2,A,-,03,22350,,N,C,C,A,A,H,-,A,D,0,,,,,Y,,A,01,0,1,0,0,0,0,0,0,0,"- ","- ",,,"SAN LUIS OBISPO","PISMO BEACH",-120.66448211669922,35.154472351074219
91093577,2019,2019-10-17,9740,2019-09-29,0200,013984,,7,3,9,4000,0,1,3,,2,011,SR-46,"GREEN VALLEY RD.",20592.00,E,N,A,-,Y,,,46,,,,,,,Y,2,0,2,1,A,-,01,23152,A,N,E,I,A,A,H,-,D,D,0,,,,,Y,Y,D,22,2,0,0,0,0,0,0,0,0,"- ","- ",35.550498962402344,-120.9464111328125,"SAN LUIS OBISPO",UNINCORPORATED,-120.94641876220703,35.550563812255859
91095485,2019,2019-10-11,9745,2019-10-09,0650,013531,,3,1,9,4000,0,1,2,,2,505,"US-101 NORTHBOUND","NIPOMO CREEK",100.00,N,N,B,-,Y,,,101,,,,,,N,N,4,0,1,2,A,-,03,22350,,N,C,C,A,A,H,-,B,D,0,,,,,Y,,A,07,0,0,1,0,0,0,0,0,0,"- ","- ",35.003280639648438,-120.43914031982422,"SAN LUIS OBISPO",UNINCORPORATED,-120.43921661376953,35.003211975097656
91095708,2019,2019-10-11,9750,2019-10-01,1657,015916,,2,2,9,4000,0,1,3,,2,061,"SR-166 (CUYAMA HIGHWAY)","ALAMO CREEK ROAD",1320.00,W,N,A,-,Y,,,166,,,,,,,Y,2,0,1,1,A,-,03,22350,,N,E,I,A,A,H,-,A,D,0,,,,,Y,,A,01,1,0,0,0,0,0,0,0,0,"- ","- ",35.019908905029297,-120.31529998779297,"SAN LUIS OBISPO",UNINCORPORATED,-120.31529998779297,35.019931793212891
91096985,2019,2019-10-14,9745,2019-10-12,2145,017857,,6,2,9,4000,0,1,3,,1,041,SR-1,"PIER AVENUE",36.00,N,N,A,-,Y,,,1,,,,,,,Y,4,0,1,2,A,-,01,23152,A,N,C,C,A,A,H,-,C,A,0,,,,,Y,Y,A,01,0,0,1,0,0,0,0,0,0,"- ","- ",35.107498168945312,-120.62349700927734,"SAN LUIS OBISPO",UNINCORPORATED,-120.62350463867188,35.107498168945312
91098090,2019,2019-10-15,9745,2019-10-10,0933,017541,,4,1,9,4000,0,3,5,,2,004,"NOYES RD","LA TEENA PL",50.00,S,N,A,-,N,,,,,,,,,,Y,3,0,1,1,C,-,18,,,N,E,H,A,A,H,-,A,D,0,,,Y,,Y,,-,"- ",0,1,0,0,0,0,0,0,1,"- ","- ",35.149269104003906,-120.58767700195312,"SAN LUIS OBISPO",UNINCORPORATED,-120.58688354492188,35.150348663330078
91099387,2019,2019-10-17,9740,2019-10-08,0140,013984,,2,3,9,4000,0,1,2,,2,002,"US-101 SOUTHBOUND","SAN RAMON RD",600.00,N,N,A,-,Y,,,101,,,,,,S,Y,2,0,1,1,A,-,08,22107,,N,E,I,A,A,H,-,D,D,0,,,,,Y,,A,07,1,0,0,0,0,0,0,0,0,"- ","- ",35.530120849609375,-120.70867919921875,"SAN LUIS OBISPO",UNINCORPORATED,-120.70845031738281,35.530391693115234
91099920,2019,2019-10-18,9745,2019-10-16,0545,013531,,3,3,9,4000,0,1,2,,2,505,"US-101 NORTHBOUND","LOS BERROS ROAD",150.00,N,N,B,-,Y,,,,,,,,,,Y,4,0,1,2,A,-,03,22350,,N,C,C,A,A,H,-,D,D,0,,,,,Y,,D,22,0,0,1,0,0,0,0,0,0,"- ","- ",35.724578857421875,-120.51661682128906,"SAN LUIS OBISPO",UNINCORPORATED,-120.5164794921875,35.072261810302734
91100058,2019,2019-10-17,9745,2019-10-10,1359,018253,,4,1,4,4006,0,1,2,,2,202,"US-101 NORTHBOUND","PRADO RD",150.00,S,N,A,-,Y,,,101,,,,,,N,Y,3,0,1,2,A,-,07,21658,A,N,E,I,A,A,H,-,A,D,0,,,,Y,Y,,G,25,0,1,0,0,0,0,0,0,0,"- ","- ",35.255840301513672,-120.67537689208984,"SAN LUIS OBISPO","SAN LUIS OBISPO",-120.67534637451172,35.255821228027344
91102211,2019,2019-10-21,9745,2019-10-15,0555,015716,,2,3,9,4000,0,2,4,,1,025,"LOS OSOS VALLEY ROAD E/B","PALISADES AVE",75.00,E,N,B,-,N,,,,,,,,,,N,3,0,1,2,A,-,11,21954,A,N,G,B,D,A,H,-,D,A,0,Y,,,,Y,,N,60,0,1,0,0,1,0,0,0,0,"- ","- ",35.311859130859375,-120.83640289306641,"SAN LUIS OBISPO",UNINCORPORATED,-120.83631134033203,35.311840057373047
91108745,2019,2019-10-29,9740,2019-10-02,0745,010820,,3,1,9,4000,0,3,5,,2,021,"LAS TABLAS RD","US-101 S/B FROM LAS TABLAS RD. E/B",0.00,,Y,A,-,Y,,,,,,,,,,N,2,0,1,2,A,-,10,21950,A,N,G,B,B,A,H,-,A,A,0,Y,,,,Y,,A,01,1,0,0,0,1,0,0,0,0,"- ","- ",35.5543212890625,-120.71299743652344,"SAN LUIS OBISPO",UNINCORPORATED,-120.71275300000001,35.554352999999999
91109677,2019,2019-10-30,9740,2019-10-29,1500,016849,,2,2,9,4000,0,3,5,,2,021,"VINEYARD DRIVE","ROSSI ROAD",0.00,,Y,A,-,N,,,,,,,,,,Y,4,0,1,2,A,-,09,21802,A,N,D,C,A,A,H,-,A,A,0,,,,,Y,,A,07,0,0,1,0,0,0,0,0,0,"- ","- ",35.543350219726562,-120.71659851074219,"SAN LUIS OBISPO",UNINCORPORATED,-120.71652984619141,35.543449401855469
91111507,2019,2019-11-01,9745,2019-10-26,1227,015716,,6,1,9,4000,0,3,5,,2,005,"JUPITER DRIVE","STARLITE DRIVE",169.00,S,N,A,-,N,,,,,,,,,,Y,4,0,1,4,A,-,08,22107,,N,C,E,A,A,H,-,A,D,0,,,,,Y,,A,01,0,0,1,0,0,0,0,0,0,"- ","- ",35.019840240478516,-120.49217987060547,"SAN LUIS OBISPO",UNINCORPORATED,-120.49221038818359,35.019809722900391
91111700,2019,2019-11-01,9745,2019-10-28,1620,016390,,1,2,3,4001,0,1,2,,2,402,"US-101 S/B","GRAND AVE.",130.00,N,N,A,-,Y,,,101,,,,,,S,Y,4,0,3,2,A,-,03,22350,,N,C,C,A,A,H,-,A,D,0,,,,,Y,,A,01,0,0,3,0,0,0,0,0,0,"- ","- ",35.121509552001953,-120.58439636230469,"SAN LUIS OBISPO","ARROYO GRANDE",-120.58441162109375,35.121475219726562