CASE_ID,ACCIDENT_YEAR,PROC_DATE,JURIS,COLLISION_DATE,COLLISION_TIME,OFFICER_ID,REPORTING_DISTRICT,DAY_OF_WEEK,CHP_SHIFT,POPULATION,CNTY_CITY_LOC,SPECIAL_COND,BEAT_TYPE,CHP_BEAT_TYPE,CITY_DIVISION_LAPD,CHP_BEAT_CLASS,BEAT_NUMBER,PRIMARY_RD,SECONDARY_RD,DISTANCE,DIRECTION,INTERSECTION,WEATHER_1,WEATHER_2,STATE_HWY_IND,CALTRANS_COUNTY,CALTRANS_DISTRICT,STATE_ROUTE,ROUTE_SUFFIX,POSTMILE_PREFIX,POSTMILE,LOCATION_TYPE,RAMP_INTERSECTION,SIDE_OF_HWY,TOW_AWAY,COLLISION_SEVERITY,NUMBER_KILLED,NUMBER_INJURED,PARTY_COUNT,PRIMARY_COLL_FACTOR,PCF_CODE_OF_VIOL,PCF_VIOL_CATEGORY,PCF_VIOLATION,PCF_VIOL_SUBSECTION,HIT_AND_RUN,TYPE_OF_COLLISION,MVIW,PED_ACTION,ROAD_SURFACE,ROAD_COND_1,ROAD_COND_2,LIGHTING,CONTROL_DEVICE,CHP_ROAD_TYPE,PEDESTRIAN_ACCIDENT,BICYCLE_ACCIDENT,MOTORCYCLE_ACCIDENT,TRUCK_ACCIDENT,NOT_PRIVATE_PROPERTY,ALCOHOL_INVOLVED,STWD_VEHTYPE_AT_FAULT,CHP_VEHTYPE_AT_FAULT,COUNT_SEVERE_INJ,COUNT_VISIBLE_INJ,COUNT_COMPLAINT_PAIN,COUNT_PED_KILLED,COUNT_PED_INJURED,COUNT_BICYCLIST_KILLED,COUNT_BICYCLIST_INJURED,COUNT_MC_KILLED,COUNT_MC_INJURED,PRIMARY_RAMP,SECONDARY_RAMP,LATITUDE,LONGITUDE,COUNTY,CITY,POINT_X,POINT_Y
6511725,2014,2014-07-30,9740,2014-05-16,0620,014662,,5,1,9,4000,0,3,5,,2,021,"OLD CREEK RD","COTTONTAIL CREEK RD",8976.00,N,N,A,-,N,,,,,,,,,,Y,2,0,1,1,A,-,08,22107,,N,F,A,A,A,H,-,A,D,0,,,Y,,Y,,C,02,1,0,0,0,0,0,0,0,1,"- ","- ",35.494700000000002,-120.8439,"SAN LUIS OBISPO",UNINCORPORATED,-120.84530916999999,35.494068679999998
6511757,2014,2016-04-07,9740,2014-05-21,1110,011452,,3,1,4,4008,0,1,2,,2,002,"RT 101","RT 41",350.00,N,N,A,-,Y,SLO,5,101,-,-,45.660,H,-,S,Y,4,0,3,3,A,-,03,22350,,N,C,C,A,A,D,-,A,A,1,,,,,Y,,A,01,0,0,3,0,0,0,0,0,0,"- ","- ",35.485979999999998,-120.66643999999999,"SAN LUIS OBISPO",ATASCADERO,-120.66647085,35.485993379999996
6511758,2014,2014-09-08,9740,2014-05-30,2325,014947,,5,3,4,4008,0,1,2,,2,001,"RT 101","SANTA ROSA RD",5280.00,S,N,A,-,Y,,,101,,,,,,,Y,2,0,1,2,A,-,01,23152,A,N,B,C,A,A,H,-,D,D,0,,,Y,,Y,,C,02,1,0,0,0,0,0,0,0,1,"- ","- ",35.453989999999997,-120.64178,"SAN LUIS OBISPO",ATASCADERO,-120.64183174999999,35.453949639999998
6513600,2014,2014-08-09,9745,2014-06-15,1741,016514,,7,2,9,4000,0,2,4,,1,026,"PERFUMO CANYON RD","CASTILLO CT",7920.00,S,N,B,-,N,,,,,,,,,,Y,3,0,1,1,A,-,08,22107,,N,F,A,A,A,H,-,A,D,0,,,,,Y,,A,01,0,1,0,0,0,0,0,0,0,"- ","- ",35.265509999999999,-120.72812,"SAN LUIS OBISPO",UNINCORPORATED,-120.69840000000001,35.263530000000003
6514234,2014,2016-01-11,4003,2014-01-23,1247,P1281,11,4,5,2,4003,0,0,0,,0,001,"RT 1","YERBA BUENA ST",0.00,,Y,-,-,Y,SLO,5,1,-,-,31.980,H,-,S,Y,4,0,2,3,A,-,03,22350,,N,-,-,A,-,-,-,-,-,0,,,,,Y,,A,01,0,0,2,0,0,0,0,0,0,"- ","- ",,,"SAN LUIS OBISPO","MORRO BAY",-120.86785379,35.404213540000001
6514274,2014,2014-08-11,4006,2014-06-14,1654,10140,4006,6,5,4,4006,0,0,0,,0,,"MADONNA RD",ETO,151.00,E,N,A,-,N,,,,,,,,,,Y,4,0,1,2,A,-,08,22103,,N,D,C,A,A,H,-,A,D,0,,,,,Y,,A,01,0,0,1,0,0,0,0,0,0,"- ","- ",,,"SAN LUIS OBISPO","SAN LUIS OBISPO",-120.69510549,35.254751800000001
6514700,2014,2016-04-09,9745,2014-04-20,0448,17968,,7,3,2,4005,0,1,2,,2,404,"RT 101","AVILA BEACH DR",1056.00,S,N,A,-,Y,SLO,5,101,-,R,20.910,H,-,N,Y,4,0,1,2,D,-,00,,,N,C,C,A,A,H,-,D,D,1,,,,,Y,,-,"- ",0,0,1,0,0,0,0,0,0,"- ","- ",35.174370000000003,-120.69647000000001,"SAN LUIS OBISPO","PISMO BEACH",-120.69768689,35.176909109999997
6515495,2014,2014-08-05,4006,2014-05-25,2019,33665,,7,5,4,4006,0,0,0,,0,,LINCOLN,"MOUNTAIN VIEW",100.00,S,N,A,-,N,,,,,,,,,,N,3,0,1,2,A,-,17,21208,B,M,B,G,A,A,H,-,B,D,0,,Y,,,Y,Y,L,04,0,1,0,0,0,0,1,0,0,"- ","- ",,,"SAN LUIS OBISPO","SAN LUIS OBISPO",-120.66695964,35.285815450000001
6515499,2014,2014-08-05,4006,2014-05-26,1455,10140,4006,1,5,4,4006,0,0,0,,0,,"MONTEREY ST","GROVE ST",2961.00,E,N,A,-,N,,,,,,,,,,Y,4,0,1,2,A,-,03,22350,,N,C,E,A,A,H,-,A,D,0,,,,,Y,,A,,0,0,1,0,0,0,0,0,0,"- ","- ",,,"SAN LUIS OBISPO","SAN LUIS OBISPO",-120.64667,35.291710000000002
6517367,2014,2016-04-07,9740,2014-05-28,0855,011452,,3,1,4,4008,0,1,2,,2,002,"RT 101","SAN ANSELMO RD",2640.00,N,N,A,-,Y,SLO,5,101,-,-,47.370,H,-,S,Y,4,0,1,1,C,-,18,,,N,E,I,A,A,H,-,A,D,1,,,,,Y,,-,"- ",0,0,1,0,0,0,0,0,0,"- ","- ",35.519539999999999,-120.7037,"SAN LUIS OBISPO",ATASCADERO,-120.68974142,35.501718910000001
6517373,2014,2014-08-01,4008,2014-05-28,2127,4055,,3,5,4,4008,0,0,0,,0,,"EL CAMINO REAL","CURBARIL AV",0.00,,Y,A,-,N,,,,,,,,,,Y,4,0,1,2,A,-,12,21453,A,N,D,C,A,A,H,-,C,A,0,,,,,Y,,A,01,0,0,1,0,0,0,0,0,0,"- ","- ",,,"SAN LUIS OBISPO",ATASCADERO,-120.65626999,35.477520069999997
6517480,2014,2016-04-07,9740,2014-06-07,0510,14662,,6,3,4,4008,0,1,2,,2,001,"RT 101","SANTA BARBARA RD",2640.00,N,N,A,-,Y,SLO,5,101,-,-,42.770,H,-,S,Y,4,0,2,1,A,-,01,23152,A,M,E,I,A,A,H,-,B,D,1,,,,,Y,Y,A,01,0,0,2,0,0,0,0,0,0,"- ","- ",35.450699999999998,-120.6399,"SAN LUIS OBISPO",ATASCADERO,-120.6398583,35.450638499999997
6517499,2014,2014-08-11,9740,2014-06-08,1715,019259,,7,2,9,4000,0,3,5,,2,019,"BUENA VISTA DR","CIRCLE B RD",15840.00,N,N,A,-,N,,,,,,,,,,Y,3,0,1,2,A,-,05,21650,,N,B,C,A,A,H,-,A,D,0,,,,,Y,,A,07,0,1,0,0,0,0,0,0,0,"- ","- ",35.669370000000001,-120.66544,"SAN LUIS OBISPO",UNINCORPORATED,-120.63935051999999,35.673846490000003
6517577,2014,2014-08-08,4008,2014-06-05,1508,3013,,4,5,4,4008,0,0,0,,0,,"SAN BENITO RD","LA LUZ RD",0.00,,Y,A,-,N,,,,,,,,,,N,3,0,1,2,A,-,12,22450,A,N,D,G,A,A,H,-,A,A,0,,Y,,,Y,,L,04,0,1,0,0,0,0,1,0,0,"- ","- ",,,"SAN LUIS OBISPO",ATASCADERO,-120.68651,35.512900029999997
6523463,2014,2016-04-05,9750,2014-04-28,0505,015514,,1,3,9,4000,0,1,3,,1,065,"RT 166","RT 33",2112.00,E,N,A,-,Y,SLO,5,166,-,-,75.120,H,-,E,Y,3,0,2,1,A,-,08,22107,,N,F,A,A,A,H,-,D,D,0,,,,,Y,,A,01,0,1,1,0,0,0,0,0,0,"- ","- ",34.936990000000002,-119.50467,"SAN LUIS OBISPO",UNINCORPORATED,-119.50502148,34.936919930000002
6528257,2014,2014-08-13,4006,2014-06-13,0627,59000,,5,5,4,4006,0,0,0,,0,,"LOS OSOS VALLEY RD","CALLE JOAQUIN",30.00,N,N,A,-,N,,,,,,,,,,N,4,0,1,2,A,-,03,22350,,N,C,C,A,A,H,-,A,A,0,,,,,Y,,A,01,0,0,1,0,0,0,0,0,0,"- ","- ",,,"SAN LUIS OBISPO","SAN LUIS OBISPO",-120.68306812,35.246806239999998
6528261,2014,2014-08-26,4006,2014-06-06,1540,10140,4006,5,5,4,4006,0,0,0,,0,,"TANK FARM",LONG,0.00,,Y,A,-,N,,,,,,,,,,N,2,0,1,2,D,-,00,,,N,D,C,A,A,H,-,A,D,0,,,Y,,Y,,-,"- ",1,0,0,0,0,0,0,0,1,"- ","- ",,,"SAN LUIS OBISPO","SAN LUIS OBISPO",-120.67113994,35.246810089999997
6529932,2014,2014-08-08,9745,2014-06-13,2207,13937,,5,3,9,4000,0,2,4,,1,053,"POMEROY RD","ROLLING OAKS",97.00,S,N,A,-,N,,,,,,,,,,Y,2,0,1,1,A,-,01,23152,A,N,E,I,A,A,H,-,D,D,0,,,,,Y,Y,D,22,1,0,0,0,0,0,0,0,0,"- ","- ",35.311,-120.31399999999999,"SAN LUIS OBISPO",UNINCORPORATED,-120.52768,35.05461356
6530549,2014,2016-04-09,9745,2014-06-12,1620,013531,,4,2,9,4000,0,3,5,,2,003,"HIGUERA ST","SAN LUIS OBISPO CREEK",21.00,S,N,A,-,Y,SLO,5,101,-,R,24.840,R,4,N,Y,2,0,1,1,A,-,08,22107,,N,E,I,A,A,H,-,A,D,1,,,,,Y,,A,01,1,0,0,0,0,0,0,0,0,"- ","- ",35.231479999999998,-120.68957,"SAN LUIS OBISPO",UNINCORPORATED,-120.68998883,35.231822049999998
6532995,2014,2014-07-09,4005,2014-02-07,1420,P085,5,5,5,2,4005,0,0,0,,0,,"4TH ST","FIVE CITIES DR",0.00,,Y,B,-,N,,,,,,,,,,N,4,0,1,2,A,-,03,22350,,N,C,C,A,A,H,-,A,A,0,,,,,Y,,A,01,0,0,1,0,0,0,0,0,0,"- ","- ",,,"SAN LUIS OBISPO","PISMO BEACH",-120.62207986999999,35.135720030000002
6533012,2014,2014-07-18,4001,2014-03-07,2500,P069,,5,5,3,4001,0,0,0,,0,CITY,"N OAK PARK BL","JAMES WY",725.00,N,N,A,-,N,,,,,,,,,,Y,4,0,1,1,A,-,03,22350,,N,F,A,A,A,H,-,A,A,0,,,Y,,Y,,C,02,0,0,1,0,0,0,0,0,1,"- ","- ",,,"SAN LUIS OBISPO","ARROYO GRANDE",-120.60458097999999,35.135886339999999
6533020,2014,2014-07-18,4001,2014-03-17,1455,P0121,1,1,5,3,4001,0,0,0,,0,CITY,"EAST GRAND AV","SOUTH ELM ST",279.00,W,N,A,-,N,,,,,,,,,,Y,3,0,1,2,A,-,03,22350,,N,D,C,A,A,H,-,A,A,0,,,Y,,Y,,C,02,0,1,0,0,0,0,0,0,1,"- ","- ",,,"SAN LUIS OBISPO","ARROYO GRANDE",-120.60138069,35.120580769999997
6533055,2014,2014-07-23,4001,2014-04-25,0302,P0122,4,5,5,3,4001,0,0,0,,0,CITY,"TALLY HO RD","VIA LA BARRANCA",63.00,S,N,A,-,N,,,,,,,,,,N,4,0,2,1,A,-,03,22350,,M,F,A,A,A,H,-,D,D,0,,,,,Y,,A,01,0,0,2,0,0,0,0,0,0,"- ","- ",,,"SAN LUIS OBISPO","ARROYO GRANDE",-120.57627613,35.128165629999998
6533145,2014,2014-08-06,4001,2014-05-12,0630,P0101,6,1,5,3,4001,0,0,0,,0,CITY,"BRANCH MILL RD","NEWSOM SPRINGS RD",0.00,,Y,A,-,N,,,,,,,,,,Y,3,0,1,2,A,-,09,21802,A,N,D,C,A,A,H,-,A,A,0,,,,,Y,,A,01,0,1,0,0,0,0,0,0,0,"- ","- ",,,"SAN LUIS OBISPO","ARROYO GRANDE",-120.55728997999999,35.122210070000001
6534526,2014,2016-04-07,4004,2014-06-08,0620,1201,01,7,5,3,4004,0,0,0,,0,014,"RT 46","RT 101",0.00,,Y,A,F,Y,SLO,5,46,-,-,29.800,H,-,E,Y,4,0,2,2,A,-,03,22350,,N,C,C,A,A,H,-,A,A,0,,,,,Y,,A,01,0,0,2,0,0,0,0,0,0,"- ","- ",,,"SAN LUIS OBISPO","PASO ROBLES",-120.68374647,35.642959040000001
6536289,2014,2016-04-09,4005,2014-05-24,0047,P096,4,6,5,2,4005,0,0,0,,0,,WADSWORTH,BELLO,87.00,W,N,A,-,Y,SLO,5,101,-,-,16.790,R,4,N,Y,4,0,1,1,A,-,01,23152,B,N,F,I,A,A,H,-,D,A,0,,,,,Y,Y,A,01,0,0,1,0,0,0,0,0,0,"- ","- ",,,"SAN LUIS OBISPO","PISMO BEACH",-120.64073958,35.143450450000003
6537263,2014,2016-04-07,4004,2014-05-09,1610,0430,03,5,5,3,4004,0,0,0,,0,032,"RT 46","BUENA VISTA",1056.00,W,N,A,-,Y,SLO,5,46,-,-,30.310,H,-,W,Y,4,0,1,4,A,-,03,22350,,N,C,C,A,A,H,-,A,D,0,,,,Y,Y,,A,01,0,0,1,0,0,0,0,0,0,"- ","- ",,,"SAN LUIS OBISPO","PASO ROBLES",-120.67524996,35.644633489999997
6538517,2014,2015-12-16,4006,2014-06-29,0739,10140,4006,7,5,4,4006,0,0,0,,0,,"RT 1",MEINECKE,0.00,,Y,A,-,Y,SLO,5,1,-,-,17.220,I,5,N,N,4,0,1,2,A,-,03,22350,,N,C,C,A,A,H,-,A,D,0,,,,,Y,,-,,0,0,1,0,0,0,0,0,0,"- ","- ",,,"SAN LUIS OBISPO","SAN LUIS OBISPO",-120.66732804,35.292425450000003
6544488,2014,2014-08-12,4006,2014-06-24,1700,69585,,2,5,4,4006,0,0,0,,0,,"LOS OSOS VALLEY RD","AUTO PARK WY",0.00,,Y,A,-,N,,,,,,,,,,N,4,0,1,2,A,-,05,21650,1,N,D,G,A,A,H,-,A,A,0,,Y,,,Y,,L,04,0,0,1,0,0,0,1,0,0,"- ","- ",,,"SAN LUIS OBISPO","SAN LUIS OBISPO",-120.68513996999999,35.249860030000001
6544520,2014,2014-08-12,4006,2014-06-03,1821,53500,,2,5,4,4006,0,0,0,,0,,"CALIFORNIA BL",HATHWAY,426.00,N,N,A,-,N,,,,,,,,,,Y,4,0,1,2,A,-,08,22107,,N,D,C,A,A,H,-,A,D,0,,,,,Y,,-,,0,0,1,0,0,0,0,0,0,"- ","- ",,,"SAN LUIS OBISPO","SAN LUIS OBISPO",-120.66235134999999,35.293281149999999
6544524,2014,2016-04-09,9745,2014-06-21,0105,017541,,6,3,3,4001,0,1,2,,2,402,"RT 101","GRAND AV",500.00,S,N,A,-,Y,SLO,5,101,-,-,13.080,H,-,S,Y,3,0,1,2,A,-,01,23152,A,N,F,A,A,A,H,-,D,D,1,,,,,Y,Y,A,07,0,1,0,0,0,0,0,0,0,"- ","- ",35.122230000000002,-120.5859,"SAN LUIS OBISPO","ARROYO GRANDE",-120.5823001,35.120840149999999
6544528,2014,2016-04-09,9745,2014-06-20,1633,013531,,5,2,2,4005,0,1,2,,2,402,"RT 101","SHELL BEACH RD",5808.00,S,N,A,-,Y,SLO,5,101,-,-,18.710,H,-,S,N,4,0,1,2,A,-,03,22350,,N,C,C,A,A,H,-,A,D,1,,,,,Y,,A,07,0,0,1,0,0,0,0,0,0,"- ","- ",35.155140000000003,-120.66486999999999,"SAN LUIS OBISPO","PISMO BEACH",-120.66977531000001,35.156961979999998
6547606,2014,2015-03-18,9740,2014-06-10,1441,13952,,2,2,9,4000,0,1,2,,2,002,"RT 101","VINEYARD DR",2640.00,N,N,A,-,Y,SLO,5,101,-,-,51.140,H,-,N,Y,4,0,1,2,A,-,08,22107,,N,D,D,A,A,H,-,A,D,1,,,,Y,Y,,A,01,0,0,1,0,0,0,0,0,0,"- ","- ",,,"SAN LUIS OBISPO",UNINCORPORATED,-120.71511196,35.55075677
6548209,2014,2014-08-29,9745,2014-07-03,1934,16068,,4,2,9,4000,0,3,5,,2,002,"RAMONA AV","8TH ST",110.00,E,N,A,-,N,,,,,,,,,,Y,4,0,1,2,A,-,01,23152,A,N,D,E,A,A,H,-,A,D,0,,,,,Y,Y,D,22,0,0,1,0,0,0,0,0,0,"- ","- ",35.320480000000003,-120.83399,"SAN LUIS OBISPO",UNINCORPORATED,-120.83399133,35.32066665
6548322,2014,2014-08-21,9745,2014-06-26,1630,012601,,4,2,9,4000,0,3,5,,2,002,"7TH ST","PISMO AV",250.00,N,N,A,-,N,,,,,,,,,,N,2,0,1,3,A,-,09,21801,A,N,A,C,A,A,H,-,A,D,0,,,Y,,Y,,A,07,1,0,0,0,0,0,0,0,1,"- ","- ",35.323560000000001,-120.83548999999999,"SAN LUIS OBISPO",UNINCORPORATED,-120.83545843,35.323216700000003
6548385,2014,2016-04-07,9745,2014-06-29,1645,014910,,7,2,9,4000,0,1,2,,1,101,"RT 101","RT 58",1056.00,S,N,A,-,Y,SLO,5,101,-,-,37.660,H,-,S,Y,3,0,3,1,A,-,08,22107,,N,E,I,A,A,H,-,A,D,1,,,,,Y,,A,01,0,2,1,0,0,0,0,0,0,"- ","- ",35.378660000000004,-120.63473999999999,"SAN LUIS OBISPO",UNINCORPORATED,-120.63264753,35.380822680000001
6548982,2014,2016-04-07,9740,2014-06-22,1055,014460,,7,1,9,4000,0,1,2,,2,004,"RT 101","WELLSONA RD",2112.00,S,N,A,-,Y,SLO,5,101,-,-,61.480,H,-,S,Y,2,0,2,1,A,-,08,22107,,N,F,A,A,A,H,-,A,D,5,,,,,Y,,D,22,1,1,0,0,0,0,0,0,0,"- ","- ",35.690519999999999,-120.69692000000001,"SAN LUIS OBISPO",UNINCORPORATED,-120.69688752,35.689986779999998
6550064,2014,2014-08-20,4001,2014-06-21,1937,P0115,2,6,5,3,4001,0,0,0,,0,CITY,"EAST GRAND AV","COURTLAND ST",119.00,E,N,A,-,N,,,,,,,,,,N,3,0,1,2,A,-,17,22517,,N,E,C,A,A,H,-,A,A,0,,Y,,,Y,,A,01,0,1,0,0,0,0,1,0,0,"- ","- ",,,"SAN LUIS OBISPO","ARROYO GRANDE",-120.6062628,35.120821460000002
6550434,2014,2014-08-25,9745,2014-07-04,1810,013937,,5,2,9,4000,0,2,4,,2,047,"LOPEZ DR","TROUT FARM RD",1584.00,E,N,A,-,N,,,,,,,,,,Y,3,0,1,1,A,-,08,22107,,N,E,I,A,A,H,-,A,D,0,,,,,Y,,A,07,0,1,0,0,0,0,0,0,0,"- ","- ",35.187570000000001,-120.49638,"SAN LUIS OBISPO",UNINCORPORATED,-120.49638,35.187570000000001
6553210,2014,2016-05-09,9740,2014-07-04,2305,15854,,5,3,9,4000,0,3,5,,2,021,"VINEYARD DR","RT 46",25.00,S,N,A,-,Y,SLO,5,46,-,R,17.398,I,6,W,N,4,0,1,2,A,-,06,21750,,M,B,C,A,A,H,-,D,D,0,,,,,Y,,A,01,0,0,1,0,0,0,0,0,0,"- ","- ",35.553190000000001,-120.76115,"SAN LUIS OBISPO",UNINCORPORATED,-120.76170096,35.553264910000003
6553214,2014,2016-05-04,9740,2014-07-04,2330,014543,,5,3,9,4000,0,1,2,,2,001,"RT 101","SANTA ROSA RD",792.00,N,N,A,-,Y,SLO,5,101,-,-,44.160,H,-,S,Y,3,0,1,1,C,-,18,,,N,H,H,A,A,H,-,D,D,1,,,,,Y,,-,"- ",0,1,0,0,0,0,0,0,0,"- ","- ",35.467550000000003,-120.65277,"SAN LUIS OBISPO",UNINCORPORATED,-120.65289471,35.467728100000002
6561662,2014,2014-08-27,9745,2014-07-15,1222,017151,,2,1,9,4000,0,2,4,,1,048,"AVILA BEACH DR","FRONT ST",2112.00,N,N,A,-,N,,,,,,,,,,Y,2,0,1,2,A,-,03,22350,,N,G,B,E,A,H,-,A,D,0,Y,,,,Y,,A,01,1,0,0,0,1,0,0,0,0,"- ","- ",35.172800000000002,-120.74333,"SAN LUIS OBISPO",UNINCORPORATED,,
6561666,2014,2016-05-04,9745,2014-07-14,0115,015716,,1,3,4,4006,0,1,2,,2,202,"RT 101","MADONNA RD",528.00,N,N,A,-,Y,SLO,5,101,-,-,27.600,H,-,N,N,3,0,2,1,A,-,08,22107,,N,B,I,A,A,H,-,D,D,1,,,,,Y,,A,01,0,2,0,0,0,0,0,0,0,"- ","- ",35.271329999999999,-120.67224,"SAN LUIS OBISPO","SAN LUIS OBISPO",-120.67324635999999,35.267555440000002
6561670,2014,2016-05-04,9745,2014-07-14,1049,017151,,1,1,9,4000,0,1,2,,2,505,"RT 101","WILLOW RD",528.00,N,N,A,-,Y,SLO,5,101,-,-,6.530,H,-,S,Y,4,0,1,2,A,-,08,22107,,N,B,C,A,A,H,-,A,D,1,,,,,Y,,A,01,0,0,1,0,0,0,0,0,0,"- ","- ",35.059109999999997,-120.50489,"SAN LUIS OBISPO",UNINCORPORATED,-120.50235094999999,35.056453349999998
6565373,2014,2016-05-04,9740,2014-07-17,1949,017283,,4,2,9,4000,0,1,2,,2,002,"RT 101","LAS TABLAS RD",1056.00,S,N,A,-,Y,SLO,5,101,-,-,51.250,H,-,N,Y,4,0,1,1,C,-,18,,,N,H,H,A,A,H,-,A,D,1,,,,,Y,,-,"- ",0,0,1,0,0,0,0,0,0,"- ","- ",35.552199999999999,-120.71424,"SAN LUIS OBISPO",UNINCORPORATED,-120.71402811,35.552054220000002
6566347,2014,2016-05-04,9740,2014-07-03,0605,013246,,4,1,9,4000,0,1,2,,2,004,"RT 101","10TH ST",1320.00,N,N,A,-,Y,SLO,5,101,-,-,66.100,H,-,N,Y,4,0,1,1,A,-,08,22107,,N,E,I,A,A,H,-,A,D,1,,,,,Y,,A,01,0,0,1,0,0,0,0,0,0,"- ","- ",35.755580000000002,-120.69909,"SAN LUIS OBISPO",UNINCORPORATED,-120.69911759,35.755729369999997
6568301,2014,2016-05-04,9745,2014-07-10,1630,013212,,4,2,3,4001,0,1,2,,2,402,"RT 101","GRAND AV",1022.00,N,N,A,-,Y,SLO,5,101,-,-,13.390,H,-,S,Y,3,0,2,3,A,-,03,22350,,N,C,C,A,A,H,-,A,D,1,,,,Y,Y,,F,55,0,1,1,0,0,0,0,0,0,"- ","- ",35.122250000000001,-120.58718,"SAN LUIS OBISPO","ARROYO GRANDE",-120.58748961000001,35.122398660000002
6572506,2014,2016-05-04,9740,2014-07-20,1440,015167,,7,2,9,4000,0,1,3,,2,007,"RT 41","RAPTOR RIDGE TRL",6.00,S,N,A,-,Y,SLO,5,41,-,-,21.360,H,-,S,Y,3,0,1,1,A,-,03,22350,,N,E,I,A,A,H,-,A,A,0,,,Y,,Y,,C,02,0,1,0,0,0,0,0,0,1,"- ","- ",35.510469999999998,-120.62378,"SAN LUIS OBISPO",UNINCORPORATED,-120.62423343,35.510135120000001
6573976,2014,2014-08-27,4006,2014-07-07,2015,10817,,1,5,4,4006,0,0,0,,0,,"SOUTH ST","BROAD ST",0.00,,Y,A,-,N,,,,,,,,,,N,3,0,1,2,A,-,12,21453,A,N,D,G,A,A,H,-,A,A,0,,Y,,,Y,Y,L,04,0,1,0,0,0,0,1,0,0,"- ","- ",,,"SAN LUIS OBISPO","SAN LUIS OBISPO",-120.65655150000001,35.269784999999999
6573977,2014,2014-08-27,4006,2014-07-11,1811,27940,,5,5,4,4006,0,0,0,,0,,"TANK FARM RD",POINSETTIA,0.00,,Y,A,-,N,,,,,,,,,,N,2,0,1,2,A,-,10,21950,A,N,G,B,B,A,H,-,A,A,0,Y,,,,Y,,A,01,1,0,0,0,1,0,0,0,0,"- ","- ",,,"SAN LUIS OBISPO","SAN LUIS OBISPO",-120.64045998,35.249320109999999
6573979,2014,2014-08-27,9745,2014-07-14,2112,015716,,1,2,9,4000,0,3,5,,2,004,"16TH ST","THE PIKE",430.00,S,N,A,-,N,,,,,,,,,,Y,3,0,1,2,A,-,01,23152,A,N,E,I,A,A,H,-,D,D,0,,,,,Y,Y,A,07,0,1,0,0,0,0,0,0,0,"- ","- ",,,"SAN LUIS OBISPO",UNINCORPORATED,-120.61330372,35.105449010000001
6576561,2014,2016-05-09,4006,2014-07-18,1749,10140,4006,5,5,4,4006,0,0,0,,0,,"RT 1",OAK,0.00,,Y,A,-,Y,SLO,5,1,-,-,16.990,I,5,N,Y,4,0,1,2,A,-,09,21801,A,N,A,D,A,A,H,-,A,D,0,,,,,Y,,A,01,0,0,1,0,0,0,0,0,0,"- ","- ",,,"SAN LUIS OBISPO","SAN LUIS OBISPO",-120.66567803,35.289162679999997
6577666,2014,2014-09-03,9740,2014-07-23,0640,013246,,3,1,9,4000,0,3,5,,2,021,"BETHEL RD","LAS TABLAS RD",0.00,,Y,A,-,N,,,,,,,,,,N,4,0,1,2,A,-,12,22450,A,N,D,C,A,A,H,-,A,A,0,,,,,Y,,D,22,0,0,1,0,0,0,0,0,0,"- ","- ",35.554299999999998,-120.72669999999999,"SAN LUIS OBISPO",UNINCORPORATED,-120.72658998,35.554470070000001
6578773,2014,2016-05-04,9740,2014-07-14,2240,014662,,1,3,3,4004,0,1,2,,2,004,"RT 101","N SPRING ST",4224.00,N,N,A,-,Y,SLO,5,101,-,-,59.770,H,-,N,Y,3,0,2,1,A,-,01,23152,A,N,F,A,A,A,H,-,D,D,5,,,,,Y,Y,A,01,0,2,0,0,0,0,0,0,0,"- ","- ",35.659300000000002,-120.6978,"SAN LUIS OBISPO","PASO ROBLES",-120.69642889000001,35.665147879999999
6585401,2014,2016-05-02,9745,2014-07-30,2105,017238,,3,2,9,4000,0,1,3,,1,041,"RT 1","HALCYON RD",0.00,,Y,A,-,Y,SLO,5,1,-,-,9.000,I,5,N,Y,4,0,1,2,A,-,09,21803,B,N,A,C,A,A,H,-,C,A,0,,,,,Y,,D,22,0,0,1,0,0,0,0,0,0,"- ","- ",35.080719999999999,-120.58673,"SAN LUIS OBISPO",UNINCORPORATED,-120.58668204,35.080749920000002
6585841,2014,2014-08-18,4004,2014-07-25,2043,1208,01,5,5,3,4004,0,0,0,,0,013,RIVERSIDE,24TH,250.00,S,N,A,-,N,,,,,,,,,,N,4,0,1,2,A,-,11,21956,A,N,G,B,E,A,G,-,C,D,0,Y,,,,Y,,N,60,0,0,1,0,1,0,0,0,0,"- ","- ",,,"SAN LUIS OBISPO","PASO ROBLES",-120.68797741,35.639110649999999
6589154,2014,2014-08-22,4006,2014-07-29,1427,27940,,2,5,4,4006,0,0,0,,0,,"LOS OSOS VALLEY",FROOM,66.00,S,N,A,-,N,,,,,,,,,,N,4,0,1,2,A,-,03,22350,,N,C,C,A,A,H,-,A,A,0,,,,,Y,,A,01,0,0,1,0,0,0,0,0,0,"- ","- ",,,"SAN LUIS OBISPO","SAN LUIS OBISPO",-120.68750833999999,35.252384380000002
6592622,2014,2014-09-04,4006,2014-08-01,1418,10140,4006,5,5,4,4006,0,0,0,,0,,HIGUERA,NIPOMO,490.00,W,N,A,-,N,,,,,,,,,,N,3,0,1,2,A,-,10,21954,B,N,G,B,-,A,H,-,A,D,0,Y,,,,Y,,A,01,0,1,0,0,1,0,0,0,0,"- ","- ",,,"SAN LUIS OBISPO","SAN LUIS OBISPO",-120.66705727999999,35.27733817
6592644,2014,2016-05-02,9740,2014-08-03,0130,015854,,7,3,9,4000,0,3,5,,2,024,"RT 1","BURTON DR",2112.00,N,N,A,-,Y,SLO,5,1,-,-,49.380,H,-,S,Y,3,0,1,1,A,-,01,23152,A,N,E,J,A,A,H,-,D,D,0,,,,,Y,Y,A,01,0,1,0,0,0,0,0,0,0,"- ","- ",35.555129999999998,-121.08954,"SAN LUIS OBISPO",UNINCORPORATED,-121.08925777,35.555037910000003
6596088,2014,2014-09-10,9745,2014-08-14,1040,14996,,4,1,9,4000,0,3,5,,2,002,"LOS OLIVOS AV","MOUNTAIN VIEW DR",300.00,W,N,A,-,N,,,,,,,,,,Y,4,0,1,2,A,-,09,21801,A,N,D,C,A,A,H,-,A,D,0,,,,,Y,,A,01,0,0,1,0,0,0,0,0,0,"- ","- ",35.312809999999999,-120.82585,"SAN LUIS OBISPO",UNINCORPORATED,-120.82543506,35.31276802