CASE_ID,ACCIDENT_YEAR,PROC_DATE,JURIS,COLLISION_DATE,COLLISION_TIME,OFFICER_ID,REPORTING_DISTRICT,DAY_OF_WEEK,CHP_SHIFT,POPULATION,CNTY_CITY_LOC,SPECIAL_COND,BEAT_TYPE,CHP_BEAT_TYPE,CITY_DIVISION_LAPD,CHP_BEAT_CLASS,BEAT_NUMBER,PRIMARY_RD,SECONDARY_RD,DISTANCE,DIRECTION,INTERSECTION,WEATHER_1,WEATHER_2,STATE_HWY_IND,CALTRANS_COUNTY,CALTRANS_DISTRICT,STATE_ROUTE,ROUTE_SUFFIX,POSTMILE_PREFIX,POSTMILE,LOCATION_TYPE,RAMP_INTERSECTION,SIDE_OF_HWY,TOW_AWAY,COLLISION_SEVERITY,NUMBER_KILLED,NUMBER_INJURED,PARTY_COUNT,PRIMARY_COLL_FACTOR,PCF_CODE_OF_VIOL,PCF_VIOL_CATEGORY,PCF_VIOLATION,PCF_VIOL_SUBSECTION,HIT_AND_RUN,TYPE_OF_COLLISION,MVIW,PED_ACTION,ROAD_SURFACE,ROAD_COND_1,ROAD_COND_2,LIGHTING,CONTROL_DEVICE,CHP_ROAD_TYPE,PEDESTRIAN_ACCIDENT,BICYCLE_ACCIDENT,MOTORCYCLE_ACCIDENT,TRUCK_ACCIDENT,NOT_PRIVATE_PROPERTY,ALCOHOL_INVOLVED,STWD_VEHTYPE_AT_FAULT,CHP_VEHTYPE_AT_FAULT,COUNT_SEVERE_INJ,COUNT_VISIBLE_INJ,COUNT_COMPLAINT_PAIN,COUNT_PED_KILLED,COUNT_PED_INJURED,COUNT_BICYCLIST_KILLED,COUNT_BICYCLIST_INJURED,COUNT_MC_KILLED,COUNT_MC_INJURED,PRIMARY_RAMP,SECONDARY_RAMP,LATITUDE,LONGITUDE,COUNTY,CITY,POINT_X,POINT_Y
6974349,2015,2016-09-29,9745,2015-06-23,1114,012601,,2,1,9,4000,0,1,3,,2,023,"RT 1","KANSAS AV",1584.00,N,N,A,-,Y,SLO,5,1,-,-,21.190,H,-,S,N,4,0,1,1,A,-,08,22107,,N,E,I,A,A,H,-,A,D,1,,,,,Y,,I,11,0,0,1,0,0,0,0,0,0,"- ","- ",35.32085,-120.71707000000001,"SAN LUIS OBISPO",UNINCORPORATED,-120.72141293,35.322879440000001
6974471,2015,2015-07-08,4006,2015-06-11,1750,27940,,4,5,4,4006,0,0,0,,0,,OCEANAIRE,GALLEON,87.00,W,N,A,-,N,,,,,,,,,,N,4,0,1,2,A,-,08,22107,,N,-,G,A,A,H,-,A,A,0,,Y,,,Y,,L,04,0,0,1,0,0,0,1,0,0,"- ","- ",,,"SAN LUIS OBISPO","SAN LUIS OBISPO",-120.69273721,35.261501989999999
6976614,2015,2017-01-04,9740,2015-06-21,0500,014460,,7,3,9,4000,0,1,2,,2,002,"RT 101","LAS TABLAS RD",1056.00,N,N,A,-,Y,SLO,5,101,-,-,51.670,H,-,N,Y,4,0,1,2,A,-,03,22350,,M,C,C,A,A,H,-,D,D,1,,,,,Y,,-,99,0,0,1,0,0,0,0,0,0,"- ","- ",,,"SAN LUIS OBISPO",UNINCORPORATED,-120.70965672,35.556820860000002
6978515,2015,2015-07-24,4008,2015-06-20,0900,4055,,6,5,4,4008,0,0,0,,0,,"EL CAMINO REAL","LA UVA LN",50.00,S,N,A,-,N,,,,,,,,,,Y,3,0,1,2,A,-,03,22350,,N,F,-,A,A,H,-,A,D,0,,,Y,,Y,,C,02,0,1,0,0,0,0,0,0,1,"- ","- ",,,"SAN LUIS OBISPO",ATASCADERO,-120.69176705,35.506078350000003
6980466,2015,2015-07-16,4002,2015-06-21,0643,338,101,7,5,3,4002,0,0,0,,0,001,"W GRAND AV","3RD ST",117.00,W,N,B,-,N,,,,,,,,,,N,3,0,1,2,A,-,11,21954,A,N,G,B,E,A,H,-,A,A,0,Y,,,,Y,,N,60,0,1,0,0,1,0,0,0,0,"- ","- ",,,"SAN LUIS OBISPO","GROVER BEACH",-120.62803067999999,35.121865839999998
6981163,2015,2017-01-05,9745,2015-06-20,1834,17541,,6,2,9,4000,0,1,2,,2,505,"RT 101","TEFFT ST",1000.00,N,N,A,-,Y,SLO,5,101,-,-,5.040,H,-,N,Y,4,0,1,1,A,-,01,23152,A,N,E,I,A,A,H,-,A,D,1,,,,,Y,Y,D,23,0,0,1,0,0,0,0,0,0,"- ","- ",35.069020000000002,-120.51427,"SAN LUIS OBISPO",UNINCORPORATED,-120.4865247,35.03914649
6983531,2015,2016-11-03,9740,2015-06-26,2117,17791,,5,2,9,4000,0,1,3,,2,011,"RT 46","GREEN VALLEY RD",1050.00,E,N,A,-,Y,SLO,5,46,-,R,2.570,H,-,E,Y,2,0,1,1,A,-,03,22350,,N,H,H,A,A,H,-,D,D,0,,,,,Y,,A,01,1,0,0,0,0,0,0,0,0,"- ","- ",35.540140000000001,-121.00323,"SAN LUIS OBISPO",UNINCORPORATED,-121.00739305,35.540783070000003
6990001,2015,2017-01-13,9745,2015-07-11,1735,016514,,6,2,2,4005,0,1,2,,2,404,"RT 101","PRICE ST",3168.00,N,N,A,-,Y,SLO,5,101,-,-,18.240,H,-,S,Y,3,0,1,3,A,-,03,22350,,N,C,C,A,A,H,-,A,D,1,,,,,Y,,D,22,0,1,0,0,0,0,0,0,0,"- ","- ",35.153919999999999,-120.66224,"SAN LUIS OBISPO","PISMO BEACH",-120.66227872,35.154016009999999
6990072,2015,2017-01-04,9745,2015-06-28,0055,20228,,7,3,9,4000,0,1,2,,1,101,"RT 101","SAN LUIS BAY DR",4821.00,N,N,A,-,Y,SLO,5,101,-,R,23.200,H,-,N,Y,2,0,2,2,A,-,02,22400,A,N,C,C,A,A,H,-,D,D,1,,,Y,,Y,,C,02,1,1,0,0,0,0,0,0,2,"- ","- ",35.209220000000002,-120.69686,"SAN LUIS OBISPO",UNINCORPORATED,-120.69687869000001,35.209122829999998
6990076,2015,2015-07-25,9745,2015-06-25,1648,17968,,4,2,9,4000,0,3,5,,2,005,"OSO FLACO LAKE RD","DIVISION ST",5280.00,N,N,A,-,N,,,,,,,,,,Y,2,0,1,2,A,-,03,22350,,N,C,C,A,A,H,-,A,D,0,,,,,Y,,A,08,1,0,0,0,0,0,0,0,0,"- ","- ",35.005719999999997,-120.54946,"SAN LUIS OBISPO",UNINCORPORATED,-120.54742994,35.005116489999999
6990333,2015,2015-07-27,9745,2015-07-14,1035,012876,,2,1,9,4000,0,3,5,,2,003,"HIGUERA ST","LOS OSOS VALLEY RD",4224.00,S,N,A,-,N,,,,,,,,,,N,3,0,1,1,C,-,18,,,N,F,A,A,A,A,D,A,A,0,,Y,,,Y,,-,"- ",0,1,0,0,0,0,1,0,0,"- ","- ",35.233499999999999,-120.68588,"SAN LUIS OBISPO",UNINCORPORATED,-120.68563644,35.233512150000003
6993748,2015,2015-11-12,4001,2015-06-04,1054,P0106,461,4,5,3,4001,0,0,0,,0,OPERAT,"FAIR OAKS AV","VALLEY RD",562.00,W,N,B,-,N,,,,,,,,,,Y,3,0,1,3,A,-,03,22350,,N,C,C,A,A,H,-,A,D,0,,,,,Y,,A,07,0,1,0,0,0,0,0,0,0,"- ","- ",,,"SAN LUIS OBISPO","ARROYO GRANDE",-120.58376024,35.115135789999997
6994197,2015,2017-01-13,9740,2015-07-18,1719,016849,,6,2,9,4000,0,1,2,,2,002,"RT 101","VINEYARD DR",1476.00,N,N,A,-,Y,SLO,5,101,-,-,50.920,H,-,N,Y,4,0,1,1,A,-,08,22107,,N,E,I,A,A,H,-,A,D,1,,,,,Y,,A,01,0,0,1,0,0,0,0,0,0,"- ","- ",35.547849999999997,-120.71576,"SAN LUIS OBISPO",UNINCORPORATED,-120.71581362000001,35.54763793
6994199,2015,2015-07-30,4008,2015-07-15,1500,3013,,3,5,4,4008,0,0,0,,0,,"SAN MARCOS RD","SIERRA VISTA RD",1030.00,W,N,A,-,N,,,,,,,,,,N,4,0,1,2,A,-,03,22350,,N,F,-,A,A,H,-,A,D,0,,,Y,,Y,,-,99,0,0,1,0,0,0,0,0,0,"- ","- ",,,"SAN LUIS OBISPO",ATASCADERO,-120.68930546,35.467648490000002
6997608,2015,2015-08-29,9740,2015-07-20,0915,14622,,1,1,9,4000,0,3,5,,2,017,"WALNUT AV","PINE AV",1056.00,N,N,A,-,N,,,,,,,,,,Y,3,0,1,1,A,-,08,22107,,N,E,I,A,A,H,-,A,D,0,,,,,Y,,D,22,0,1,0,0,0,0,0,0,0,"- ","- ",35.421680000000002,-120.60572999999999,"SAN LUIS OBISPO",UNINCORPORATED,-120.60590755,35.42097691
7001121,2015,2017-01-14,9740,2015-07-04,2205,017791,,6,3,9,4000,0,1,3,,1,015,"RT 1","PIEDRAS BLANCAS",3168.00,S,N,A,-,Y,SLO,5,1,-,-,63.170,H,-,N,Y,3,0,1,1,A,-,01,23152,A,N,E,J,A,A,H,-,D,D,0,,,,,Y,Y,A,01,0,1,0,0,0,0,0,0,0,"- ","- ",35.666730000000001,-121.26759,"SAN LUIS OBISPO",UNINCORPORATED,-121.26884690999999,35.666953020000001
7003273,2015,2015-07-30,4006,2015-07-14,0853,16380,,2,5,4,4006,0,0,0,,0,,FOOTHILL,"SANTA ROSA",348.00,W,N,A,-,N,,,,,,,,,,Y,4,0,2,2,A,-,09,21801,A,N,D,C,A,A,H,-,A,D,0,,,,,Y,,A,07,0,0,2,0,0,0,0,0,0,"- ","- ",,,"SAN LUIS OBISPO","SAN LUIS OBISPO",-120.6692259,35.294078050000003
7006119,2015,2017-04-06,9740,2015-07-25,2500,15167,,6,4,9,4000,0,2,4,,2,012,"LAKE NACIMIENTO DR","BLUEGILL DR",2376.00,N,N,A,-,N,,,,,,,,,,Y,1,1,0,1,A,-,01,23152,A,N,F,A,A,A,H,-,D,D,0,,,,,Y,Y,D,23,0,0,0,0,0,0,0,0,0,"- ","- ",35.754899999999999,-120.87723,"SAN LUIS OBISPO",UNINCORPORATED,-120.87724328,35.75489073
7006190,2015,2017-03-29,9740,2015-06-25,1925,17426,,4,2,9,4000,0,1,3,,2,011,"RT 46","VINEYARD DR",0.00,,Y,A,-,Y,SLO,5,46,-,R,17.398,I,5,E,Y,1,1,5,2,A,-,12,22450,A,N,D,C,A,A,H,-,A,A,0,,,,,Y,Y,A,01,1,1,3,0,0,0,0,0,0,"- ","- ",35.553330000000003,-120.7615,"SAN LUIS OBISPO",UNINCORPORATED,-120.76170096,35.553264910000003
7011840,2015,2017-01-14,9740,2015-07-23,0955,15644,,4,1,9,4000,0,1,3,,1,014,"RT 1","WEYMOUTH ST",0.00,,Y,A,-,Y,SLO,5,1,-,-,51.050,I,5,S,N,4,0,1,2,A,-,09,21802,A,N,H,G,A,A,H,-,A,A,0,,Y,,,Y,,A,07,0,0,1,0,0,0,1,0,0,"- ","- ",35.571449999999999,-121.11006999999999,"SAN LUIS OBISPO",UNINCORPORATED,-121.10999006999999,35.571507680000003
7012221,2015,2016-11-03,9740,2015-06-30,1705,18323,,2,2,9,4000,0,1,3,,2,007,"RT 41","HOMESTEAD RD",4752.00,N,N,A,-,Y,SLO,5,41,-,-,20.930,H,-,N,Y,2,0,1,1,A,-,03,22350,,N,F,A,A,A,H,-,A,D,0,,,Y,,Y,,C,02,1,0,0,0,0,0,0,0,1,"- ","- ",35.506639999999997,-120.62418,"SAN LUIS OBISPO",UNINCORPORATED,-120.62601026999999,35.507336629999998
7016684,2015,2015-08-18,4004,2015-07-08,1202,0430,02,3,5,3,4004,0,0,0,,0,022,PINE,12TH,120.00,S,N,A,-,N,,,,,,,,,,N,4,0,1,2,A,-,00,21055,,N,G,B,D,A,H,-,A,D,0,Y,,,,Y,,N,60,0,0,1,0,1,0,0,0,0,"- ","- ",,,"SAN LUIS OBISPO","PASO ROBLES",-120.68883445,35.626481050000002
7020768,2015,2015-08-14,4006,2015-07-23,1208,16380,,4,5,4,4006,0,0,0,,0,,JOHNSON,PACIFIC,0.00,,Y,A,-,N,,,,,,,,,,N,4,0,1,2,A,-,09,21801,A,N,D,G,A,A,H,-,A,D,0,,Y,,,Y,,A,07,0,0,1,0,0,0,1,0,0,"- ","- ",,,"SAN LUIS OBISPO","SAN LUIS OBISPO",-120.65524990999999,35.282310010000003
7020889,2015,2015-08-19,4006,2015-07-20,1526,27940,,1,5,4,4006,0,0,0,,0,,HIGUERA,"SANTA ROSA",0.00,,Y,A,-,N,,,,,,,,,,N,4,0,1,2,A,-,08,22107,,N,A,C,A,A,H,-,A,A,0,,,,,Y,,A,01,0,0,1,0,0,0,0,0,0,"- ","- ",,,"SAN LUIS OBISPO","SAN LUIS OBISPO",-120.65939994999999,35.281970100000002
7020893,2015,2015-08-20,4006,2015-07-23,1720,69585,,4,5,4,4006,0,0,0,,0,,ORCUTT,"HANSON RD",298.00,S,N,A,-,N,,,,,,,,,,Y,4,0,1,3,A,-,03,22350,,N,C,C,A,A,G,-,A,A,0,,,,,Y,,A,01,0,0,1,0,0,0,0,0,0,"- ","- ",,,"SAN LUIS OBISPO","SAN LUIS OBISPO",-120.62769847,35.253407230000001
7022024,2015,2017-01-13,9745,2015-07-29,1410,015144,,3,2,9,4000,0,1,2,,2,505,"RT 101","GRANDE ST",365.00,S,N,A,-,Y,SLO,5,101,-,-,4.410,H,-,N,Y,3,0,1,1,A,-,08,22107,,N,E,I,A,A,H,-,A,D,1,,,,,Y,,A,01,0,1,0,0,0,0,0,0,0,"- ","- ",35.032040000000002,-120.47947000000001,"SAN LUIS OBISPO",UNINCORPORATED,-120.47931052,35.032089589999998
7023181,2015,2015-09-04,9740,2015-08-02,2207,015854,,7,3,9,4000,0,3,5,,2,017,"LA PANZA RD","JOAQUIN WY",1056.00,N,N,A,-,N,,,,,,,,,,Y,2,0,1,1,A,-,01,23152,A,N,E,J,A,A,H,-,D,D,0,,,,,Y,Y,D,22,1,0,0,0,0,0,0,0,0,"- ","- ",35.495060000000002,-120.45928000000001,"SAN LUIS OBISPO",UNINCORPORATED,-120.45864202999999,35.494838590000001
7023281,2015,2017-01-13,9740,2015-07-31,1805,014691,,5,2,9,4000,0,1,3,,2,008,"RT 46","EAST CENTRE ST",2112.00,W,N,A,-,Y,SLO,5,46,-,-,48.230,H,-,W,Y,2,0,1,1,A,-,01,23152,A,N,F,A,A,A,H,-,A,D,0,,,,,Y,Y,A,01,1,0,0,0,0,0,0,0,0,"- ","- ",35.66254,-120.36481999999999,"SAN LUIS OBISPO",UNINCORPORATED,-120.36469501000001,35.662526759999999
7024071,2015,2015-09-03,4006,2015-07-18,1126,80908,,6,5,4,4006,0,0,0,,0,,MADONNA,"MADONNA INN ENT",291.00,W,N,A,-,N,,,,,,,,,,Y,4,0,1,2,A,-,03,22350,,N,C,C,A,A,H,-,A,D,0,,,,,Y,,D,22,0,0,1,0,0,0,0,0,0,"- ","- ",,,"SAN LUIS OBISPO","SAN LUIS OBISPO",-120.67648887999999,35.26404805
7026091,2015,2017-01-14,9740,2015-08-01,1552,018323,,6,2,9,4000,0,1,2,,2,003,"RT 101","RT 46",2640.00,N,N,A,-,Y,SLO,5,101,-,-,54.610,H,-,N,Y,2,0,1,4,A,-,08,22107,,N,E,I,A,A,H,-,A,D,1,,,,,Y,,A,01,1,0,0,0,0,0,0,0,0,"- ","- ",35.596600000000002,-120.69481,"SAN LUIS OBISPO",UNINCORPORATED,-120.69500091,35.596489120000001
7026465,2015,2015-09-02,9745,2015-08-02,1905,020689,,7,2,9,4000,0,3,5,,2,004,"16TH ST","WARNER ST",0.00,,Y,A,-,N,,,,,,,,,,N,2,0,1,2,A,-,11,21954,A,N,G,B,D,A,H,-,A,A,0,Y,,,,Y,,N,60,1,0,0,0,1,0,0,0,0,"- ","- ",35.102339999999998,-120.61328,"SAN LUIS OBISPO",UNINCORPORATED,-120.61330986999999,35.102359999999997
7026914,2015,2017-01-13,9745,2015-07-30,1430,017968,,4,2,9,4000,0,1,2,,2,505,"RT 101","TEFFT ST",5280.00,S,N,A,-,Y,SLO,5,101,-,-,3.850,H,-,N,Y,4,0,2,2,A,-,03,22350,,N,C,C,A,A,H,-,A,D,1,,,,,Y,,A,07,0,0,2,0,0,0,0,0,0,"- ","- ",35.024189999999997,-120.47064,"SAN LUIS OBISPO",UNINCORPORATED,-120.47265647,35.025936909999999
7028776,2015,2015-09-04,4006,2015-08-09,1917,57275,,7,5,4,4006,0,0,0,,0,,MARSH,"SANTA ROSA",0.00,,Y,A,-,N,,,,,,,,,,Y,3,0,3,2,A,-,12,21453,A,N,D,C,A,A,H,-,A,A,0,,,,,Y,,A,01,0,3,0,0,0,0,0,0,0,"- ","- ",,,"SAN LUIS OBISPO","SAN LUIS OBISPO",-120.65868988,35.281240080000003
7030841,2015,2015-09-03,4002,2015-07-23,2252,063,208,4,5,3,4002,0,0,0,,0,002,"MENTONE AV","16TH ST",30.00,E,N,A,-,N,,,,,,,,,,N,4,0,1,2,A,-,05,21650,1,M,A,G,A,A,H,-,C,A,0,,Y,,,Y,,L,04,0,0,1,0,0,0,1,0,0,"- ","- ",,,"SAN LUIS OBISPO","GROVER BEACH",-120.61193982,35.114956210000003
7031046,2015,2017-01-13,9745,2015-08-05,1535,018021,,3,2,9,4000,0,1,2,,2,505,"RT 101","WILLOW RD",800.00,S,N,A,-,Y,SLO,5,101,-,-,6.260,H,-,S,Y,3,0,4,2,A,-,03,22350,,N,C,C,A,A,H,-,A,D,1,,,,,Y,,D,22,0,4,0,0,0,0,0,0,0,"- ","- ",35.051209999999998,-120.49758,"SAN LUIS OBISPO",UNINCORPORATED,-120.49951265999999,35.053301849999997
7031050,2015,2017-01-13,9745,2015-08-14,1725,018021,,5,2,2,4005,0,1,2,,2,404,"RT 101","SPYGLASS DR",800.00,S,N,A,-,Y,SLO,5,101,-,-,19.430,H,-,S,N,4,0,1,2,A,-,01,23152,A,N,C,C,A,A,H,-,A,D,1,,,,,Y,Y,E,22,0,0,1,0,0,0,0,0,0,"- ","- ",35.160800000000002,-120.67941,"SAN LUIS OBISPO","PISMO BEACH",-120.68126137,35.161449050000002
7032622,2015,2015-09-03,9745,2015-08-07,0330,013531,,5,3,9,4000,0,3,5,,2,004,"PASEO LADERA LN","ERHART RD",175.00,W,N,A,-,N,,,,,,,,,,Y,3,0,1,1,A,-,01,23152,A,N,E,I,A,A,H,-,D,D,0,,,,,Y,Y,A,01,0,1,0,0,0,0,0,0,0,"- ","- ",35.155630000000002,-120.60727,"SAN LUIS OBISPO",UNINCORPORATED,-120.60738401,35.155605489999999
7037331,2015,2015-09-16,9745,2015-08-01,0805,017968,,6,1,9,4000,0,3,5,,2,004,"HUASNA RD","EVERGLADE LN",300.00,S,N,A,-,N,,,,,,,,,,N,4,0,1,3,A,-,05,21460,A,N,C,C,A,A,H,-,A,D,0,,,,Y,Y,,G,25,0,0,1,0,0,0,0,0,0,"- ","- ",35.135019999999997,-120.50431,"SAN LUIS OBISPO",UNINCORPORATED,-120.50504515,35.13460903
7038127,2015,2017-01-18,9750,2015-08-17,0515,015915,,1,3,9,4000,0,1,3,,1,063,"RT 166","COTTONWOOD CYN RD",5.50,W,N,A,-,Y,SLO,5,166,-,R,45.700,H,-,W,Y,4,0,1,1,A,-,08,22107,,N,E,I,A,A,H,-,D,D,0,,,,,Y,,D,22,0,0,1,0,0,0,0,0,0,"- ","- ",35.062150000000003,-119.97282,"SAN LUIS OBISPO",UNINCORPORATED,-119.95232222,35.061215789999999
7038725,2015,2017-01-14,9745,2015-08-06,1147,20228,,4,1,9,4000,0,1,3,,1,045,"RT 1","HILL VIEW PL",0.00,,Y,B,-,Y,SLO,5,1,-,-,4.700,I,5,S,Y,2,0,3,2,A,-,09,21801,A,N,A,C,A,A,H,-,A,D,0,,,,,Y,,A,01,1,2,0,0,0,0,0,0,0,"- ","- ",35.042000000000002,-120.5681,"SAN LUIS OBISPO",UNINCORPORATED,-120.56808900999999,35.042005699999997
7039011,2015,2017-01-13,9745,2015-08-19,1640,16068,,3,2,4,4006,0,1,2,,2,202,"RT 101","BUENA VISTA AV",1056.00,N,N,A,-,Y,SLO,5,101,-,-,30.190,H,-,N,Y,4,0,1,2,A,-,07,21658,A,N,B,C,A,A,H,-,A,D,1,,,,,Y,,D,22,0,0,1,0,0,0,0,0,0,"- ","- ",35.291849999999997,-120.6456,"SAN LUIS OBISPO","SAN LUIS OBISPO",-120.64616546000001,35.291744440000002
7045216,2015,2017-01-13,9745,2015-08-17,1230,17930,,1,1,9,4000,0,1,2,,1,101,"RT 101","OLD STAGECOACH RD",5280.00,N,N,A,-,Y,SLO,5,101,-,R,34.040,H,-,N,Y,4,0,2,2,A,-,03,22350,,N,C,C,A,A,G,-,A,D,5,,,,,Y,,A,01,0,0,2,0,0,0,0,0,0,"- ","- ",35.333109999999998,-120.62391,"SAN LUIS OBISPO",UNINCORPORATED,-120.62505375000001,35.334630220000001
7045218,2015,2017-01-13,9745,2015-08-20,1740,20228,,4,2,9,4000,0,1,2,,2,505,"RT 101","LAETITIA VINEYARD DR",82.00,S,N,A,-,Y,SLO,5,101,-,-,50.620,H,-,N,Y,4,0,1,2,A,-,07,21658,A,N,B,C,A,A,H,-,A,D,0,,,,,Y,,A,08,0,0,1,0,0,0,0,0,0,"- ","- ",35.089260000000003,-120.53704999999999,"SAN LUIS OBISPO",UNINCORPORATED,-120.71424555,35.543391329999999
7052151,2015,2017-01-12,4004,2015-08-02,1409,1197,03,7,5,3,4004,0,0,0,,0,3-4,"RT 46","PASO ROBLES",0.00,,Y,A,-,Y,SLO,5,46,-,-,31.800,I,5,W,N,4,0,1,2,A,-,09,21801,A,N,D,C,A,A,H,-,A,D,0,,,,,Y,,A,07,0,0,1,0,0,0,0,0,0,"- ","- ",,,"SAN LUIS OBISPO","PASO ROBLES",-120.64940872,35.644620879999998
7061355,2015,2015-10-27,4003,2015-09-08,1757,P2413,3,2,5,2,4003,0,0,0,,0,001,"MAIN ST","QUINTANA RD",0.00,,Y,A,-,N,,,,,,,,,,N,3,0,1,2,A,-,05,21650,1,N,A,D,A,A,H,-,A,A,0,,Y,,,Y,,L,04,0,1,0,0,0,0,1,0,0,"- ","- ",,,"SAN LUIS OBISPO","MORRO BAY",-120.85024994,35.371350049999997
7064627,2015,2015-09-21,4006,2015-09-02,1306,16380,,3,5,4,4006,0,0,0,,0,,PALM,BROAD,0.00,,Y,A,-,N,,,,,,,,,,N,4,0,1,2,A,-,10,21950,A,F,G,B,B,A,H,-,A,D,0,Y,,,,Y,,-,99,0,0,1,0,1,0,0,0,0,"- ","- ",,,"SAN LUIS OBISPO","SAN LUIS OBISPO",-120.66533993,35.280810029999998
7064628,2015,2015-09-21,4006,2015-09-08,1319,69585,,2,5,4,4006,0,0,0,,0,,HIGUERA,"VACHELL LN",0.00,,Y,A,-,N,,,,,,,,,,N,3,0,1,2,A,-,09,21801,A,N,D,C,A,-,H,-,A,A,0,,,Y,,Y,,A,01,0,1,0,0,0,0,0,0,1,"- ","- ",,,"SAN LUIS OBISPO","SAN LUIS OBISPO",-120.67598999000001,35.243110080000001
7064976,2015,2015-09-21,4006,2015-09-06,0845,27940,,7,5,4,4006,0,0,0,,0,,BROAD,"3590 BROAD",0.00,,Y,A,-,N,,,,,,,,,,N,3,0,1,2,A,-,09,21804,A,N,D,C,A,A,H,-,A,A,0,,,,,Y,,A,08,0,1,0,0,0,0,0,0,0,"- ","- ",,,"SAN LUIS OBISPO","SAN LUIS OBISPO",-120.64611554,35.254541529999997
7066122,2015,2015-09-21,4005,2015-07-29,1800,P097,2,3,5,2,4005,0,0,0,,0,,"SHELL BEACH",PLACENTA,90.00,N,N,A,-,N,,,,,,,,,,N,4,0,1,2,A,-,08,22107,,F,B,G,A,A,H,-,A,A,0,,Y,,,Y,,A,01,0,0,1,0,0,0,1,0,0,"- ","- ",,,"SAN LUIS OBISPO","PISMO BEACH",-120.67020866,35.156911520000001
7071094,2015,2015-09-25,4002,2015-09-11,1635,138,103,5,5,3,4002,0,0,0,,0,001,"S 13TH ST","LONG BRANCH AV",0.00,,Y,A,-,N,,,,,,,,,,Y,4,0,1,2,A,-,01,23153,A,N,C,C,A,A,H,-,A,A,0,,,,,Y,Y,D,22,0,0,1,0,0,0,0,0,0,"- ","- ",,,"SAN LUIS OBISPO","GROVER BEACH",-120.61544991,35.119200069999998
7071322,2015,2016-06-14,4005,2015-07-12,1049,P096,5,7,5,2,4005,0,0,0,,0,,"FIVE CITIES DR","4TH ST",40.00,S,N,A,-,N,,,,,,,,,,N,4,0,1,2,A,-,21,22106,,N,C,C,A,A,H,-,A,A,0,,,,,Y,,D,22,0,0,1,0,0,0,0,0,0,"- ","- ",,,"SAN LUIS OBISPO","PISMO BEACH",-120.62195995,35.135671559999999
7071893,2015,2015-09-30,4004,2015-08-11,1720,1200,04,2,5,3,4004,0,0,0,,0,014,SPRING,24TH,260.00,N,N,A,-,N,,,,,,,,,,N,4,0,1,2,A,-,09,21801,A,N,D,C,A,A,H,-,A,A,0,,,,,Y,,A,01,0,0,1,0,0,0,0,0,0,"- ","- ",,,"SAN LUIS OBISPO","PASO ROBLES",-120.69248665000001,35.639843130000003
7071903,2015,2015-09-21,4004,2015-08-29,1827,0901,04,6,5,3,4004,0,0,0,,0,045,NIBLICK,"NIBLICK 100 BLK",0.00,,-,A,-,N,,,,,,,,,,N,4,0,2,2,A,-,03,22350,,N,C,C,A,A,H,-,A,D,0,,,,,Y,,D,22,0,0,2,0,0,0,0,0,0,"- ","- ",,,"SAN LUIS OBISPO","PASO ROBLES",,
7071926,2015,2015-09-24,4004,2015-08-22,0725,1200,01,6,5,3,4004,0,0,0,,0,"1   5",RIVERSIDE,17TH,7.00,S,N,E,-,N,,,,,,,,,,Y,3,0,1,1,A,-,03,22350,,N,A,I,A,A,H,-,A,A,0,,,,,Y,,A,01,0,1,0,0,0,0,0,0,0,"- ","- ",,,"SAN LUIS OBISPO","PASO ROBLES",-120.68734863,35.63211081
7072012,2015,2015-12-31,4004,2015-08-29,1906,1133,04,6,5,3,4004,0,0,0,,0,"4 6",RAMBOUILLET,NIBLICK,0.00,,Y,A,-,N,,,,,,,,,,Y,4,0,1,2,A,-,12,21453,A,N,D,C,A,A,H,-,A,A,0,,,,,Y,,A,01,0,0,1,0,0,0,0,0,0,"- ","- ",,,"SAN LUIS OBISPO","PASO ROBLES",-120.66913988,35.615760000000002
7089266,2015,2016-01-13,4001,2015-09-22,1456,P0106,463,2,5,3,4001,0,0,0,,0,OPERAT,"COURTLAND RD","EAST GRAND AV",0.00,,Y,A,-,N,,,,,,,,,,N,3,0,1,2,A,-,10,21950,A,N,G,B,B,A,H,-,A,A,0,Y,,,,Y,,A,07,0,1,0,0,1,0,0,0,0,"- ","- ",,,"SAN LUIS OBISPO","ARROYO GRANDE",-120.60665998,35.120840059999999
7089274,2015,2016-01-14,4001,2015-09-01,1708,P0115,463,2,5,3,4001,0,0,0,,0,OPERAT,"SPRUCE ST","CEDAR ST",150.00,S,N,A,-,N,,,,,,,,,,N,4,0,1,2,A,-,11,21956,A,N,G,B,D,A,H,-,A,A,0,Y,,,,Y,,N,60,0,0,1,0,1,0,0,0,0,"- ","- ",,,"SAN LUIS OBISPO","ARROYO GRANDE",-120.60345488999999,35.116847989999997
7093407,2015,2015-11-12,4004,2015-10-07,2017,1206,02,3,5,3,4004,0,0,0,,0,028,"THEATER DR","VOLPI YSABEL RD",0.00,N,N,A,-,N,,,,,,,,,,N,3,0,1,1,C,-,18,,,N,H,A,A,A,H,-,C,D,0,,,,,Y,,-,"- ",0,1,0,0,0,0,0,0,0,"- ","- ",,,"SAN LUIS OBISPO","PASO ROBLES",-120.69712847,35.580695579999997
7093429,2015,2015-10-30,4004,2015-09-15,0915,1136,01,2,5,3,4004,0,0,0,,0,015,17TH,LOCUST,0.00,,Y,B,-,N,,,,,,,,,,N,4,0,1,2,A,-,09,21800,A,N,D,C,A,A,H,-,A,D,0,,,,,Y,,A,01,0,0,1,0,0,0,0,0,0,"- ","- ",,,"SAN LUIS OBISPO","PASO ROBLES",-120.69803985999999,35.63155003
7097360,2015,2015-10-22,4006,2015-09-25,1122,16380,,5,5,4,4006,0,0,0,,0,,HIGUERA,PACIFIC,56.00,E,N,A,-,N,,,,,,,,,,N,4,0,1,2,A,-,03,22350,,N,C,C,A,A,H,-,A,D,0,,,Y,,Y,,C,02,0,0,1,0,0,0,0,0,1,"- ","- ",,,"SAN LUIS OBISPO","SAN LUIS OBISPO",-120.66952335000001,35.273732260000003