CASE_ID,ACCIDENT_YEAR,PROC_DATE,JURIS,COLLISION_DATE,COLLISION_TIME,OFFICER_ID,REPORTING_DISTRICT,DAY_OF_WEEK,CHP_SHIFT,POPULATION,CNTY_CITY_LOC,SPECIAL_COND,BEAT_TYPE,CHP_BEAT_TYPE,CITY_DIVISION_LAPD,CHP_BEAT_CLASS,BEAT_NUMBER,PRIMARY_RD,SECONDARY_RD,DISTANCE,DIRECTION,INTERSECTION,WEATHER_1,WEATHER_2,STATE_HWY_IND,CALTRANS_COUNTY,CALTRANS_DISTRICT,STATE_ROUTE,ROUTE_SUFFIX,POSTMILE_PREFIX,POSTMILE,LOCATION_TYPE,RAMP_INTERSECTION,SIDE_OF_HWY,TOW_AWAY,COLLISION_SEVERITY,NUMBER_KILLED,NUMBER_INJURED,PARTY_COUNT,PRIMARY_COLL_FACTOR,PCF_CODE_OF_VIOL,PCF_VIOL_CATEGORY,PCF_VIOLATION,PCF_VIOL_SUBSECTION,HIT_AND_RUN,TYPE_OF_COLLISION,MVIW,PED_ACTION,ROAD_SURFACE,ROAD_COND_1,ROAD_COND_2,LIGHTING,CONTROL_DEVICE,CHP_ROAD_TYPE,PEDESTRIAN_ACCIDENT,BICYCLE_ACCIDENT,MOTORCYCLE_ACCIDENT,TRUCK_ACCIDENT,NOT_PRIVATE_PROPERTY,ALCOHOL_INVOLVED,STWD_VEHTYPE_AT_FAULT,CHP_VEHTYPE_AT_FAULT,COUNT_SEVERE_INJ,COUNT_VISIBLE_INJ,COUNT_COMPLAINT_PAIN,COUNT_PED_KILLED,COUNT_PED_INJURED,COUNT_BICYCLIST_KILLED,COUNT_BICYCLIST_INJURED,COUNT_MC_KILLED,COUNT_MC_INJURED,PRIMARY_RAMP,SECONDARY_RAMP,LATITUDE,LONGITUDE,COUNTY,CITY,POINT_X,POINT_Y
84943816,2025,2025-11-24,4006,2025-11-10,1700,16380,,1,5,4,4006,0,0,0,,0,,"LOS OSOS VALLEY RD","RT 101 NB ON/OFFRAMP",0.00,,Y,A,-,Y,,,,,,,,,,N,4,0,2,2,A,-,12,21453,A,N,D,C,A,A,H,-,A,A,0,,,,,Y,,A,01,0,0,2,0,0,0,0,0,0,"- ","- ",35.243400573730469,-120.68170166015625,"SAN LUIS OBISPO","SAN LUIS OBISPO",-120.681597,35.243358000000001
84948015,2025,2025-11-26,4008,2025-10-18,1909,1125,,6,5,4,4008,0,0,0,,0,,"EL CAMINO REAL","PRINCIPAL AVE",115.00,N,N,A,-,N,,,,,,,,,,N,2,0,1,2,A,-,11,21954,A,N,G,B,D,A,H,-,C,D,0,Y,,,,Y,,N,60,1,0,0,0,1,0,0,0,0,"- ","- ",35.467529296875,-120.65041351318359,"SAN LUIS OBISPO",ATASCADERO,-120.65056610107422,35.467842102050781
84950889,2025,2025-12-01,4008,2025-11-16,1525,1133,,7,5,4,4008,0,0,0,,0,,"MORRO RD","OLD MORRO RD EAST (W)",250.00,E,N,C,-,N,,,,,,,,,,N,3,0,1,1,A,-,07,21658,A,N,E,I,A,B,H,-,A,D,0,,,,,Y,,A,01,0,1,0,0,0,0,0,0,0,"- ","- ",35.4581298828125,-120.68206024169922,"SAN LUIS OBISPO",ATASCADERO,-120.68061065673828,35.45916748046875
84950914,2025,2025-12-01,4006,2025-11-14,1145,109379,,5,5,4,4006,0,0,0,,0,,"MADONNA RD","101 SB ONRAMP",250.00,E,N,-,-,N,,,,,,,,,,Y,4,0,1,2,A,-,03,22350,,N,C,C,A,A,H,-,A,A,0,,,,,Y,,A,01,0,0,1,0,0,0,0,0,0,"- ","- ",,,"SAN LUIS OBISPO","SAN LUIS OBISPO",,
84981040,2025,2025-12-22,4006,2025-12-01,1325,16380,,1,5,4,4006,0,0,0,,0,,"BROAD ST","LAWRENCE RD (N)",0.00,,Y,A,-,N,,,,,,,,,,N,4,0,2,2,A,-,09,21801,A,N,D,C,A,A,H,-,A,D,0,,,,,Y,,A,01,0,0,2,0,0,0,0,0,0,"- ","- ",35.264228820800781,-120.65229797363281,"SAN LUIS OBISPO","SAN LUIS OBISPO",-120.65222930908203,35.264305114746094
84981049,2025,2025-12-22,4006,2025-12-04,1638,16380,,4,5,4,4006,0,0,0,,0,,"TANK FARM RD","POINSETTIA ST",4.00,E,N,A,-,N,,,,,,,,,,N,2,0,1,2,A,-,10,21950,A,N,G,B,B,A,H,-,A,A,0,Y,,,,Y,,A,01,1,0,0,0,1,0,0,0,0,"- ","- ",35.249320983886719,-120.64060974121094,"SAN LUIS OBISPO","SAN LUIS OBISPO",-120.64044952392578,35.249324798583984
84982945,2025,2025-12-23,4004,2025-11-06,1537,1384,,4,5,3,4004,0,0,0,,0,,"UNION RD","GOLDEN HILL RD",0.00,,Y,A,F,N,,,,,,,,,,N,3,0,1,2,A,-,03,22350,,N,D,C,A,A,H,-,A,D,0,,,,,Y,,A,07,0,1,0,0,0,0,0,0,0,"- ","- ",35.640228271484375,-120.65811920166016,"SAN LUIS OBISPO","PASO ROBLES",-120.65811920166016,35.640251159667969
84987930,2025,2025-12-29,4004,2025-12-01,1648,1351,,1,5,3,4004,0,0,0,,0,,"JARDINE RD","OAK TREE VALLEY PL",14.00,N,N,A,-,N,,,,,,,,,,Y,2,0,2,2,A,-,09,21801,A,N,D,C,A,A,H,-,D,D,0,,,,,Y,,D,22,2,0,0,0,0,0,0,0,0,"- ","- ",35.683761596679688,-120.60572052001953,"SAN LUIS OBISPO","PASO ROBLES",-120.60555267333984,35.683879852294922
84988952,2025,2025-12-29,4001,2025-12-15,1642,P0180,,1,5,3,4001,0,0,0,,0,46-3,"OAK PARK BLVD","EL CAMINO REAL",0.00,,Y,A,-,N,,,,,,,,,,N,3,0,1,2,A,-,09,21801,A,N,D,C,A,A,H,-,A,A,0,,,,,Y,,A,01,0,1,0,0,0,0,0,0,0,"- ","- ",35.129539489746094,-120.60703277587891,"SAN LUIS OBISPO","ARROYO GRANDE",-120.60685729980469,35.129501342773438
8499024,2017,2017-11-27,4004,2017-11-08,1436,1208,03,3,5,3,4004,0,0,0,,0,3-8,"GOLDEN HILL","ROLLING HILLS RD",0.00,,Y,B,-,N,,,,,,,,,,Y,3,0,2,2,A,-,09,21802,A,N,D,C,A,A,H,-,A,A,0,,,,,Y,,A,07,0,1,1,0,0,0,0,0,0,"- ","- ",,,"SAN LUIS OBISPO","PASO ROBLES",-120.65799987,35.634240009999999
84994842,2025,2026-01-01,4001,2025-07-27,1350,P0172,,7,5,3,4001,0,0,0,,0,46-3,"THE PIKE","SCOTT LEE DR",0.00,,Y,A,-,N,,,,,,,,,,N,3,0,1,2,A,-,05,21202,A,N,D,G,A,A,H,-,A,A,0,,Y,,,Y,,L,04,0,1,0,0,0,0,1,0,0,"- ","- ",35.106231689453125,-120.60307312011719,"SAN LUIS OBISPO","ARROYO GRANDE",-120.60265350341797,35.106533050537109
84994869,2025,2026-01-01,4001,2025-12-18,1930,P0174,,4,5,3,4001,0,0,0,,0,,"BRIDGE ST","NELSON ST",295.00,N,N,A,-,N,,,,,,,,,,N,3,0,1,2,A,-,17,21657,,F,B,C,A,A,H,-,C,D,0,,,,,Y,,-,99,0,1,0,0,0,0,0,0,0,"- ","- ",35.120838165283203,-120.57785034179688,"SAN LUIS OBISPO","ARROYO GRANDE",-120.57842254638672,35.122344970703125
84995453,2025,2026-01-02,4002,2025-12-03,"625 ",1003,,3,5,3,4002,0,0,0,,0,,"ATLANTIC CITY AVE","13TH ST",0.00,N,-,A,-,N,,,,,,,,,,N,3,0,1,2,A,-,12,22450,,N,G,B,B,A,H,-,A,A,0,Y,,,,Y,,A,01,0,1,0,0,1,0,0,0,0,"- ","- ",,,"SAN LUIS OBISPO","GROVER BEACH",-120.61483764648438,35.127117156982422
8499965,2017,2017-12-07,4008,2017-11-10,1609,3152,,5,5,4,4008,0,0,0,,0,,"EL CAMINO REAL","TRAFFIC WY",525.00,N,N,A,-,N,,,,,,,,,,N,4,0,1,2,A,-,03,22350,,N,C,C,A,A,H,-,A,A,0,,,,,Y,,D,22,0,0,1,0,0,0,0,0,0,"- ","- ",35.489370000000001,-120.67031,"SAN LUIS OBISPO",ATASCADERO,-120.67191391,35.490109250000003
84999897,2025,2026-01-06,4008,2025-12-02,2022,3124,,2,5,4,4008,0,0,0,,0,,"SAN ANSELMO RD","LOBOS AVE",65.00,N,N,A,-,N,,,,,,,,,,Y,2,0,2,2,A,-,01,23152,A,N,A,C,A,A,H,-,D,D,0,,,,Y,Y,Y,F,86,2,0,0,0,0,0,0,0,0,"- ","- ",35.502178192138672,-120.68279266357422,"SAN LUIS OBISPO",ATASCADERO,-120.68285369873047,35.5023193359375
8500315,2017,2017-12-11,4006,2017-11-09,1912,65419,SLO,4,5,4,4006,0,0,0,,0,,GRAND,"RT 101",0.00,,Y,A,-,N,,,,,,,,,,N,3,0,1,2,A,-,08,22107,,N,D,G,A,A,H,-,D,D,0,,Y,,,Y,,A,01,0,1,0,0,0,0,1,0,0,"- ","- ",,,"SAN LUIS OBISPO","SAN LUIS OBISPO",-120.65328992000001,35.291970079999999
8500600,2017,2017-12-08,4003,2017-10-24,1651,P1561,8,2,5,2,4003,0,0,0,,0,002,"MAIN ST","SEQUOIA ST",38.00,N,N,A,-,N,,,,,,,,,,Y,3,0,1,3,A,-,03,22350,,N,C,C,A,A,H,-,A,D,0,,,,,Y,,D,22,0,1,0,0,0,0,0,0,0,"- ","- ",,,"SAN LUIS OBISPO","MORRO BAY",-120.86092652000001,35.395440010000002
8500801,2017,2017-12-21,4003,2017-11-10,1918,H9596,3,5,5,2,4003,0,0,0,,0,001,"ANCHOR ST","NAPA AV",70.00,E,N,A,-,N,,,,,,,,,,N,2,0,1,2,A,-,03,22350,,N,G,B,E,A,H,-,C,A,0,Y,,,,Y,,A,07,1,0,0,0,1,0,0,0,0,"- ","- ",,,"SAN LUIS OBISPO","MORRO BAY",-120.84747527,35.362162079999997
8500898,2017,2018-01-18,4008,2017-11-09,1242,3152,,4,5,4,4008,0,0,0,,0,,"EL CAMINO REAL","PALOMAR AV",0.00,,Y,B,-,N,,,,,,,,,,Y,4,0,1,2,A,-,12,21453,A,N,D,C,A,A,H,-,A,A,0,,,,,Y,,A,01,0,0,1,0,0,0,0,0,0,"- ","- ",35.47484,-120.65449,"SAN LUIS OBISPO",ATASCADERO,-120.65465997,35.474880040000002
8500902,2017,2018-01-18,4008,2017-11-20,1208,3058,,1,5,4,4008,0,0,0,,0,,"EL CAMINO REAL","SAN JACINTO AV",828.00,S,N,A,-,N,,,,,,,,,,Y,4,0,2,2,A,-,08,22102,,N,D,C,A,A,H,-,A,D,0,,,,,Y,,A,01,0,0,2,0,0,0,0,0,0,"- ","- ",35.495359999999998,-120.67965,"SAN LUIS OBISPO",ATASCADERO,-120.6777525,35.493778470000002
85019379,2025,2026-01-20,4008,2025-12-29,"850 ",3126,,1,5,4,4008,0,0,0,,0,,"SANTA LUCIA RD","LOMITAS RD",2186.00,S,N,A,-,N,,,,,,,,,,N,3,0,1,2,A,-,03,22350,,N,G,B,E,A,D,-,A,D,0,Y,,,,Y,,A,01,0,1,0,0,1,0,0,0,0,"- ","- ",35.477821350097656,-120.71701049804688,"SAN LUIS OBISPO",ATASCADERO,-120.71269989013672,35.473476409912109
85027360,2025,2026-01-26,4004,2025-12-28,2106,1649,,7,5,3,4004,0,0,0,,0,001,"12TH ST","SPRING ST",150.00,W,N,A,-,N,,,,,,,,,,Y,3,0,1,1,A,-,01,23152,B,N,E,I,A,A,H,-,C,A,0,,,,,Y,Y,A,07,0,1,0,0,0,0,0,0,0,"- ","- ",35.626678466796875,-120.69151306152344,"SAN LUIS OBISPO","PASO ROBLES",-120.69190216064453,35.626628875732422
8504308,2017,2018-06-08,4003,2017-12-06,1131,P1561,5,3,5,2,4003,0,0,0,,0,001,"SOUTH BAY BL","QUINTANA RD",0.00,,Y,A,-,N,,,,,,,,,,Y,4,0,2,2,A,-,09,21802,A,N,D,C,A,A,H,-,A,A,0,,,Y,,Y,,A,01,0,0,2,0,0,0,0,0,2,"- ","- ",,,"SAN LUIS OBISPO","MORRO BAY",-120.8242899,35.362180010000003
8504706,2018,2019-03-21,4001,2018-12-31,1827,P0114,461,1,5,3,4001,0,0,0,,0,OPERAT,"E BRANCH ST","GARDEN ST",289.00,E,N,A,-,N,,,,,,,,,,Y,2,0,2,2,A,-,07,21658,A,N,A,C,A,A,H,-,D,D,0,,,Y,,Y,,C,02,1,0,1,0,0,0,0,0,1,"- ","- ",,,"SAN LUIS OBISPO","ARROYO GRANDE",-120.57122039794922,35.125637054443359
8506180,2017,2017-12-29,4006,2017-11-15,0759,16380,,3,5,4,4006,0,0,0,,0,,HIGUERA,"PRADO RD",340.00,N,N,A,-,N,,,,,,,,,,Y,4,0,1,3,A,-,03,22350,,N,B,C,A,A,H,-,A,D,0,,,,,Y,,A,01,0,0,1,0,0,0,0,0,0,"- ","- ",35.15202,-120.40083,"SAN LUIS OBISPO","SAN LUIS OBISPO",-120.66877820000001,35.255527530000002
8506546,2017,2018-06-07,4008,2017-11-07,0828,3013,,2,5,4,4008,0,0,0,,0,,"BARRANCO HTS","LUCINDA LN",92.00,E,N,A,-,N,,,,,,,,,,Y,4,0,1,1,A,-,03,22350,,N,F,I,A,A,H,-,A,D,0,,,,,Y,,A,01,0,0,1,0,0,0,0,0,0,"- ","- ",35.463070000000002,-120.69222000000001,"SAN LUIS OBISPO",ATASCADERO,-120.69186329999999,35.462771600000004
8508402,2017,2017-12-12,4004,2017-11-14,2017,0575,01,2,5,3,4004,0,0,0,,0,017,"SPRING ST","13TH ST",0.00,,Y,A,-,N,,,,,,,,,,Y,4,0,1,2,A,-,01,23152,F,N,D,C,A,A,H,-,C,A,0,,,,,Y,,A,01,0,0,1,0,0,0,0,0,0,"- ","- ",,,"SAN LUIS OBISPO","PASO ROBLES",-120.69148998,35.627730040000003
8509207,2017,2017-12-07,4001,2017-10-27,1845,P0134,463,5,5,3,4001,0,0,0,,0,,"EAST GRAND AV","SOUTH ELM ST",0.00,,Y,A,-,N,,,,,,,,,,N,4,0,1,2,A,-,03,22350,,N,C,D,A,A,H,-,C,A,0,,,Y,,Y,,A,07,0,0,1,0,0,0,0,0,1,"- ","- ",,,"SAN LUIS OBISPO","ARROYO GRANDE",-120.60044988,35.120530100000003
8510718,2017,2018-01-29,4004,2017-12-03,1136,1208,01,7,5,3,4004,0,0,0,,0,015,SPRING,"20TH ST",30.00,N,N,A,-,N,,,,,,,,,,Y,4,0,1,2,A,-,03,22350,,N,C,C,A,A,H,-,A,D,0,,,,,Y,,A,01,0,0,1,0,0,0,0,0,0,"- ","- ",,,"SAN LUIS OBISPO","PASO ROBLES",-120.69210627,35.63507224
8511174,2017,2017-12-20,4006,2017-11-17,1700,77891,,5,5,4,4006,0,0,0,,0,,GRAND,FREDERICKS,0.00,,Y,A,-,N,,,,,,,,,,N,2,0,1,3,A,-,15,21201,A,N,D,G,A,A,H,-,C,D,0,,Y,,,Y,Y,L,04,1,0,0,0,0,0,1,0,0,"- ","- ",35.17586,-120.39203000000001,"SAN LUIS OBISPO","SAN LUIS OBISPO",-120.65327997999999,35.293100039999999
8512151,2017,2018-06-19,4004,2017-11-19,0818,1305,01,7,5,3,4004,0,0,0,,0,013,"RT 46","SULPHUR SPRINGS RD",17.00,W,N,A,-,Y,SLO,5,46,-,-,29.812,I,5,W,Y,3,0,1,1,A,-,08,22107,,N,A,I,A,A,H,-,A,A,0,,,,,Y,,A,01,0,1,0,0,0,0,0,0,0,"- ","- ",,,"SAN LUIS OBISPO","PASO ROBLES",-120.68357752999999,35.6431848
8512878,2017,2018-01-29,4008,2017-12-08,1210,3152,,5,5,4,4008,0,0,0,,0,,"EL CAMINO REAL","SANTA ROSA RD",80.00,S,N,A,-,N,,,,,,,,,,N,4,0,1,2,A,-,03,22350,,N,C,C,A,A,H,-,A,A,0,,,,,Y,,A,07,0,0,1,0,0,0,0,0,0,"- ","- ",35.46678,-120.64968,"SAN LUIS OBISPO",ATASCADERO,-120.64938890000001,35.466687720000003
8523900,2017,2018-01-10,4001,2017-11-01,1400,P0131,"46 3",3,5,3,4001,0,0,0,,0,OPERAT,GRAND,"COURTLAND ST",0.00,,Y,A,-,N,,,,,,,,,,N,4,0,1,2,A,-,09,21453,B,F,D,C,A,A,H,-,A,A,0,,,,,Y,,-,99,0,0,1,0,0,0,0,0,0,"- ","- ",,,"SAN LUIS OBISPO","ARROYO GRANDE",-120.60665998,35.120840059999999
8524715,2017,2018-01-04,4001,2017-11-15,1525,P0106,461,3,5,3,4001,0,0,0,,0,OPERAT,"FAIR OAKS AV","STATION WY",0.00,,Y,A,-,N,,,,,,,,,,N,3,0,2,3,A,-,10,21950,A,N,G,B,B,A,H,-,A,A,0,Y,,,,Y,,B,07,0,2,0,0,2,0,0,0,0,"- ","- ",,,"SAN LUIS OBISPO","ARROYO GRANDE",-120.57749995,35.119140000000002
8525236,2017,2018-01-29,4004,2017-12-08,1323,1062,02,5,5,3,4004,0,0,0,,0,025,VINE,6TH,0.00,,Y,A,-,N,,,,,,,,,,Y,3,0,1,2,A,-,12,22450,A,N,B,C,A,A,H,-,A,A,0,,,,,Y,,E,22,0,1,0,0,0,0,0,0,0,"- ","- ",,,"SAN LUIS OBISPO","PASO ROBLES",-120.69341991,35.620320059999997
8528379,2017,2018-01-26,4006,2017-12-22,1425,33665,,5,5,4,4006,0,0,0,,0,,ORCUTT,"TANK FARM",425.00,N,N,A,-,N,,,,,,,,,,,3,0,1,2,A,-,03,22350,,N,C,C,A,A,H,-,A,-,0,,,,,Y,,D,22,0,1,0,0,0,0,0,0,0,"- ","- ",35.251339999999999,-120.62604,"SAN LUIS OBISPO","SAN LUIS OBISPO",-120.62369024,35.250539770000003
8529863,2017,2018-01-16,4006,2017-12-03,0926,60235,,7,5,4,4006,0,0,0,,0,,JOHNSON,IRIS,0.00,,Y,A,-,N,,,,,,,,,,N,3,0,1,1,A,-,03,22350,,N,H,I,A,A,H,-,A,A,0,,,Y,,Y,,C,03,0,1,0,0,0,0,0,0,1,"- ","- ",35.278199999999998,-120.64973000000001,"SAN LUIS OBISPO","SAN LUIS OBISPO",-120.64979998,35.278190010000003
8530381,2018,2018-08-01,4008,2018-01-08,1605,3152,,1,5,4,4008,0,0,0,,0,,"MORRO RD","OLD MORRO RD",1584.00,E,N,B,C,Y,SLO,5,41,-,-,12.260,H,-,S,Y,3,0,1,1,A,-,03,22350,,N,F,A,A,B,H,-,A,D,0,,,,,Y,,D,22,0,1,0,0,0,0,0,0,0,"- ","- ",35.451229095458984,-120.69732666015625,"SAN LUIS OBISPO",ATASCADERO,-120.70279693603516,35.451114654541016
8534251,2018,2018-01-31,4006,2018-01-04,1321,80908,,4,5,4,4006,0,0,0,,0,,JOHNSON,PACIFIC,13.00,N,N,C,-,N,,,,,,,,,,N,4,0,1,2,A,-,08,22107,,N,B,C,A,B,H,-,A,D,0,,,,,Y,,A,01,0,0,1,0,0,0,0,0,0,"- ","- ",,,"SAN LUIS OBISPO","SAN LUIS OBISPO",-120.65528106689453,35.282337188720703
8534255,2018,2018-01-31,4006,2018-01-05,0824,16380,,5,5,4,4006,0,0,0,,0,,BROAD,AERO,248.00,N,N,E,-,N,,,,,,,,,,Y,3,0,3,2,A,-,09,21801,A,N,D,C,A,A,H,-,A,D,0,,,,,Y,,A,01,0,2,1,0,0,0,0,0,0,"- ","- ",35.142559051513672,-120.38141632080078,"SAN LUIS OBISPO","SAN LUIS OBISPO",-120.63844299316406,35.241523742675781
8534259,2018,2018-02-01,4006,2018-01-10,1827,30153,,3,5,4,4006,0,0,0,,0,,"LAUREL LN","ORCUTT RD",0.00,,Y,A,-,N,,,,,,,,,,Y,4,0,1,2,A,-,17,21451,A,N,A,C,A,A,H,-,C,A,0,,,,,Y,,-,,0,0,1,0,0,0,0,0,0,"- ","- ",35.261341094970703,-120.64353942871094,"SAN LUIS OBISPO","SAN LUIS OBISPO",-120.64347839355469,35.261360168457031
8538668,2018,2018-01-31,4006,2018-01-13,1801,15913,,6,5,4,4006,0,0,0,,0,,MONTEREY,"BUENA VISTA",0.00,,Y,A,-,N,,,,,,,,,,N,2,0,1,2,A,-,10,21950,A,N,G,B,B,A,-,-,C,A,0,Y,,,,Y,Y,A,01,1,0,0,0,1,0,0,0,0,"- ","- ",35.290290832519531,-120.64974212646484,"SAN LUIS OBISPO","SAN LUIS OBISPO",-120.64970700000001,35.290348000000002
8549276,2018,2018-02-15,4006,2018-01-20,1450,32625,,6,5,4,4006,0,0,0,,0,,"LOS OSOS VALLEY","AUTO PARK WY",163.00,S,N,A,-,N,,,,,,,,,,N,4,0,2,2,A,-,03,22350,,N,C,C,A,A,H,-,A,A,0,,,,,Y,,D,22,0,0,2,0,0,0,0,0,0,"- ","- ",35.250499725341797,-120.68499755859375,"SAN LUIS OBISPO","SAN LUIS OBISPO",-120.68483734130859,35.249488830566406
8550034,2018,2018-08-01,4005,2018-01-09,1754,P105,6,2,5,2,4005,0,0,0,,0,,"S DOLLIVER ST","CYPRESS ST",1400.00,S,N,A,-,Y,SLO,5,1,-,-,14.950,I,5,N,N,4,0,1,2,A,-,08,22107,,N,D,G,A,A,H,-,C,D,0,,Y,,,Y,,M,97,0,0,1,0,0,0,1,0,0,"- ","- ",,,"SAN LUIS OBISPO","PISMO BEACH",-120.63491821289062,35.133403778076172
8558077,2018,2018-07-20,4003,2018-01-11,0745,N9704,3,4,5,2,4003,0,0,0,,0,001,"RT 1","MORRO BAY BL",2640.00,N,N,A,-,Y,SLO,5,1,-,-,29.320,H,-,S,Y,4,0,1,2,A,-,03,22350,,N,C,C,A,A,H,-,A,D,0,,,,,Y,,D,22,0,0,1,0,0,0,0,0,0,"- ","- ",,,"SAN LUIS OBISPO","MORRO BAY",-120.84689331054688,35.371196746826172
8558972,2018,2018-02-27,4004,2018-01-31,2037,0430,04,3,5,3,4004,0,0,0,,0,041,"S RIVER",CRESTON,528.00,S,N,A,-,N,,,,,,,,,,Y,2,0,2,2,C,-,18,,,N,A,C,A,A,H,-,C,D,0,,,,,Y,,-,"- ",1,1,0,0,0,0,0,0,0,"- ","- ",,,"SAN LUIS OBISPO","PASO ROBLES",-120.6827392578125,35.627738952636719
8559140,2018,2018-02-26,4004,2018-02-03,1038,1307,03,6,5,3,4004,0,0,0,,0,"3 8","MESA RD","VANDERLIP CT",6.00,N,N,A,-,N,,,,,,,,,,Y,3,0,1,2,A,-,09,21801,,N,D,C,A,A,H,-,A,D,0,,,,,Y,,A,01,0,1,0,0,0,0,0,0,0,"- ","- ",,,"SAN LUIS OBISPO","PASO ROBLES",-120.65888214111328,35.643001556396484
8559199,2018,2018-02-26,4002,2018-02-05,1707,093,101,1,5,3,4002,0,0,0,,0,,"N 4TH ST","RAMONA AV",0.00,,Y,A,-,N,,,,,,,,,,N,4,0,1,2,A,-,11,21954,A,N,G,B,D,A,H,-,A,A,0,Y,,,,Y,,N,60,0,0,1,0,1,0,0,0,0,"- ","- ",,,"SAN LUIS OBISPO","GROVER BEACH",-120.6263427734375,35.122879028320312
8560486,2018,2018-03-01,4006,2018-02-17,2223,30153,,6,5,4,4006,0,0,0,,0,,FOOTHILL,CASA,0.00,,Y,A,-,N,,,,,,,,,,Y,4,0,1,2,A,-,01,23153,A,N,B,C,A,A,H,-,C,D,0,,,,,Y,Y,A,01,0,0,1,0,0,0,0,0,0,"- ","- ",35.294200897216797,-120.66584014892578,"SAN LUIS OBISPO","SAN LUIS OBISPO",-120.66583251953125,35.2943115234375
8561175,2018,2018-03-02,4001,2018-01-10,2216,P0123,463,3,5,3,4001,0,0,0,,0,,"FAIR OAKS AV","TODD LN",90.00,W,N,A,-,N,,,,,,,,,,Y,3,0,1,3,A,-,08,22107,,N,C,E,A,A,H,-,D,D,0,,,,,Y,,A,01,0,1,0,0,0,0,0,0,0,"- ","- ",,,"SAN LUIS OBISPO","ARROYO GRANDE",-120.59024810791016,35.112720489501953
8564397,2018,2018-03-12,4005,2018-02-24,1208,P081,6,6,5,2,4005,0,0,0,,0,,DOLLIVER,POMEROY,166.00,S,N,A,-,N,,,,,,,,,,N,4,0,1,2,A,-,08,22107,,N,D,G,A,A,H,-,A,D,0,,Y,,,Y,,A,01,0,0,1,0,0,0,1,0,0,"- ","- ",,,"SAN LUIS OBISPO","PISMO BEACH",-120.64104461669922,35.140342712402344
8567349,2018,2018-03-08,4002,2018-02-10,1212,138,208,6,5,3,4002,0,0,0,,0,,"S OAK PARK BL","MENTONE AV",0.00,,Y,A,-,N,,,,,,,,,,N,3,0,1,2,A,-,09,21800,A,N,D,C,A,A,H,-,A,A,0,,,Y,,Y,Y,C,03,0,1,0,0,0,0,0,0,1,"- ","- ",,,"SAN LUIS OBISPO","GROVER BEACH",-120.60965728759766,35.114871978759766
8567466,2018,2018-03-14,4006,2018-02-16,1108,15913,,5,5,4,4006,0,0,0,,0,,SOUTH,BEEBEE,440.00,E,N,A,-,N,,,,,,,,,,Y,4,0,1,1,A,-,08,22107,,N,E,I,A,A,H,-,A,D,0,,,,,Y,,A,07,0,0,1,0,0,0,0,0,0,"- ","- ",35.269371032714844,-120.66641998291016,"SAN LUIS OBISPO","SAN LUIS OBISPO",-120.66651153564453,35.26953125
8567470,2018,2018-03-14,4006,2018-02-21,1030,16380,,3,5,4,4006,0,0,0,,0,,CHORRO,PEACH,0.00,,Y,A,-,N,,,,,,,,,,Y,4,0,1,2,A,-,09,21802,A,N,D,C,A,A,H,-,A,A,0,,,,,Y,,A,01,0,0,1,0,0,0,0,0,0,"- ","- ",35.165901184082031,-120.39565277099609,"SAN LUIS OBISPO","SAN LUIS OBISPO",-120.66568756103516,35.283058166503906
8567474,2018,2018-03-14,4006,2018-02-20,1732,80908,,2,5,4,4006,0,0,0,,0,,MARSH,OSOS,0.00,,Y,A,-,N,,,,,,,,,,N,4,0,1,2,A,-,17,21657,,N,D,C,A,A,H,-,A,A,0,,,Y,,Y,Y,A,01,0,0,1,0,0,0,0,0,1,"- ","- ",35.280319213867188,-120.66018676757812,"SAN LUIS OBISPO","SAN LUIS OBISPO",-120.66010284423828,35.280349731445312
8567715,2018,2018-03-21,4008,2018-02-12,1329,3152,,1,5,4,4008,0,0,0,,0,,"CURBARIL AV","CASTANO AV",0.00,,Y,B,C,N,,,,,,,,,,N,4,0,1,2,A,-,03,22350,,N,C,C,A,B,H,-,A,D,0,,,Y,,Y,,C,02,0,0,1,0,0,0,0,0,1,"- ","- ",35.486190795898438,-120.64836120605469,"SAN LUIS OBISPO",ATASCADERO,-120.64846038818359,35.486289978027344
8579166,2018,2018-08-02,4008,2018-02-04,2012,3013,,7,5,4,4008,0,0,0,,0,,"CURBARIL AV","MORRO RD",0.00,,Y,A,-,Y,SLO,5,41,-,-,15.110,I,5,N,N,4,0,1,2,A,-,12,21453,A,M,D,C,A,A,H,-,C,A,0,,,Y,,Y,,C,02,0,0,1,0,0,0,0,0,1,"- ","- ",35.474220275878906,-120.66832733154297,"SAN LUIS OBISPO",ATASCADERO,-120.66835784912109,35.474086761474609
8580716,2018,2018-03-29,4004,2018-02-28,0644,1208,03,3,5,3,4004,0,0,0,,0,037,RIVERGLEN,UNION,0.00,,Y,A,-,N,,,,,,,,,,Y,3,0,1,2,A,-,09,21801,A,N,D,C,A,A,H,-,A,B,0,,,,Y,Y,,F,27,0,1,0,0,0,0,0,0,0,"- ","- ",,,"SAN LUIS OBISPO","PASO ROBLES",-120.67958831787109,35.631179809570312
8581127,2018,2018-03-28,4006,2018-03-07,1350,80908,,3,5,4,4006,0,0,0,,0,,"FROOM RANCH","LOS OSOS VALLEY RD",100.00,S,N,A,-,N,,,,,,,,,,N,4,0,1,3,A,-,03,22350,,N,C,C,A,A,H,-,A,A,0,,,,,Y,,D,22,0,0,1,0,0,0,0,0,0,"- ","- ",35.252330780029297,-120.68795013427734,"SAN LUIS OBISPO","SAN LUIS OBISPO",-120.68791198730469,35.252372741699219
8582559,2018,2018-03-26,4004,2018-02-28,0742,1133,04,3,5,3,4004,0,0,0,,0,"4 6",NIBLICK,BEARCAT,0.00,,Y,A,-,N,,,,,,,,,,N,3,0,1,2,A,-,10,21950,A,N,G,B,B,A,H,-,A,A,0,Y,,,,Y,,A,01,0,1,0,0,1,0,0,0,0,"- ","- ",,,"SAN LUIS OBISPO","PASO ROBLES",-120.67130279541016,35.615779876708984