CASE_ID,ACCIDENT_YEAR,PROC_DATE,JURIS,COLLISION_DATE,COLLISION_TIME,OFFICER_ID,REPORTING_DISTRICT,DAY_OF_WEEK,CHP_SHIFT,POPULATION,CNTY_CITY_LOC,SPECIAL_COND,BEAT_TYPE,CHP_BEAT_TYPE,CITY_DIVISION_LAPD,CHP_BEAT_CLASS,BEAT_NUMBER,PRIMARY_RD,SECONDARY_RD,DISTANCE,DIRECTION,INTERSECTION,WEATHER_1,WEATHER_2,STATE_HWY_IND,CALTRANS_COUNTY,CALTRANS_DISTRICT,STATE_ROUTE,ROUTE_SUFFIX,POSTMILE_PREFIX,POSTMILE,LOCATION_TYPE,RAMP_INTERSECTION,SIDE_OF_HWY,TOW_AWAY,COLLISION_SEVERITY,NUMBER_KILLED,NUMBER_INJURED,PARTY_COUNT,PRIMARY_COLL_FACTOR,PCF_CODE_OF_VIOL,PCF_VIOL_CATEGORY,PCF_VIOLATION,PCF_VIOL_SUBSECTION,HIT_AND_RUN,TYPE_OF_COLLISION,MVIW,PED_ACTION,ROAD_SURFACE,ROAD_COND_1,ROAD_COND_2,LIGHTING,CONTROL_DEVICE,CHP_ROAD_TYPE,PEDESTRIAN_ACCIDENT,BICYCLE_ACCIDENT,MOTORCYCLE_ACCIDENT,TRUCK_ACCIDENT,NOT_PRIVATE_PROPERTY,ALCOHOL_INVOLVED,STWD_VEHTYPE_AT_FAULT,CHP_VEHTYPE_AT_FAULT,COUNT_SEVERE_INJ,COUNT_VISIBLE_INJ,COUNT_COMPLAINT_PAIN,COUNT_PED_KILLED,COUNT_PED_INJURED,COUNT_BICYCLIST_KILLED,COUNT_BICYCLIST_INJURED,COUNT_MC_KILLED,COUNT_MC_INJURED,PRIMARY_RAMP,SECONDARY_RAMP,LATITUDE,LONGITUDE,COUNTY,CITY,POINT_X,POINT_Y
90863937,2018,2018-11-20,9740,2018-11-14,0755,014662,,3,1,9,4000,0,1,2,,2,002,"US 101 NB TO DEL RIO RD","DEL RIO RD",10.00,S,N,A,-,Y,,,,,,,,,,N,4,0,2,2,A,-,03,22350,,N,C,C,A,A,H,-,A,A,0,,,,,Y,,A,01,0,0,2,0,0,0,0,0,0,"- ","- ",35.513351440429688,-120.69857025146484,"SAN LUIS OBISPO",UNINCORPORATED,-120.69930267333984,35.513225555419922
90863971,2018,2018-11-20,9740,2018-11-12,1030,014662,,1,1,9,4000,0,3,5,,2,017,"VAQUERO RD","EL POMAR DR",3168.00,N,N,A,-,N,,,,,,,,,,N,4,0,1,1,C,-,18,,,N,E,I,A,A,H,-,A,D,0,,,,,Y,,-,"- ",0,0,1,0,0,0,0,0,0,"- ","- ",35.566928863525391,-120.6846923828125,"SAN LUIS OBISPO",UNINCORPORATED,-120.6854248046875,35.566352844238281
90864142,2018,2018-11-20,9740,2018-11-11,1300,019700,,7,1,9,4000,0,3,5,,2,016,"SODA LAKE ROAD",SR166,31680.00,N,N,A,-,N,,,,,,,,,,Y,4,0,1,1,A,-,03,22350,,N,F,A,A,A,B,-,A,D,0,,,Y,,Y,,C,02,0,0,1,0,0,0,0,0,1,"- ","- ",35.024639129638672,-119.33615875244141,"SAN LUIS OBISPO",UNINCORPORATED,-119.5255126953125,35.016342163085938
90864263,2018,2018-11-20,9740,2018-11-15,1445,016849,,4,2,4,4008,0,1,2,,2,002,"US-101 NORTHBOUND","TRAFFIC WAY",727.00,S,N,A,-,Y,,,101,,,,,,N,Y,4,0,1,2,A,-,08,22107,,N,B,C,A,A,H,-,A,D,0,,,,,Y,,D,22,0,0,1,0,0,0,0,0,0,"- ","- ",35.487590789794922,-120.66874694824219,"SAN LUIS OBISPO",ATASCADERO,-120.66878509521484,35.487529754638672
90865159,2018,2018-11-21,9745,2018-11-16,2130,020211,,5,2,9,4000,0,2,4,,1,024,"LOS OLIVOS AVE","SOUTH BAY BLVD",0.00,,Y,A,-,N,,,,,,,,,,Y,2,0,1,1,A,-,21,22106,,N,E,I,A,A,H,-,D,D,0,,,,,Y,,D,22,1,0,0,0,0,0,0,0,0,"- ","- ",35.31243896484375,-120.82370758056641,"SAN LUIS OBISPO",UNINCORPORATED,-120.82377624511719,35.312568664550781
90865292,2018,2018-11-21,9745,2018-11-21,0656,016390,,3,1,2,4005,0,1,2,,2,404,"US-101 N/B","SPYGLASS DR.",3696.00,S,N,A,-,Y,,,101,,,,,,N,Y,3,0,3,2,A,-,08,22107,,N,E,I,A,A,H,-,A,D,0,,,,,Y,,A,01,0,1,2,0,0,0,0,0,0,"- ","- ",35.1593017578125,-120.67542266845703,"SAN LUIS OBISPO","PISMO BEACH",-120.67540740966797,35.159332275390625
90867312,2018,2018-11-26,9745,2018-11-16,1726,017857,,5,2,9,4000,0,1,2,,2,202,"US-101 SOUTHBOUND","MARSH STREET",400.00,S,N,A,-,Y,,,,,,,,,,Y,4,0,3,3,A,-,03,22350,,N,C,C,A,A,H,-,E,D,0,,,,,Y,,A,01,0,0,3,0,0,0,0,0,0,"- ","- ",35.273250579833984,-120.67186737060547,"SAN LUIS OBISPO",UNINCORPORATED,-120.67182922363281,35.273380279541016
90867646,2018,2018-11-26,9740,2018-11-19,1735,014622,,1,2,4,4008,0,1,2,,2,002,"US-101 NORTHBOUND","DEL RIO ROAD",528.00,S,N,A,-,Y,,,101,,,,,,N,N,4,0,5,2,A,-,03,22350,,N,C,C,A,A,H,-,C,D,0,,,,,Y,Y,A,01,0,0,5,0,0,0,0,0,0,"- ","- ",35.512111663818359,-120.69860076904297,"SAN LUIS OBISPO",ATASCADERO,-120.69857025146484,35.512134552001953
90868468,2018,2018-11-27,9745,2018-10-18,1725,020168,,4,2,9,4000,0,3,5,,2,005,"CAMINO CABALLO","OSAGE STREET",0.00,,Y,A,-,N,,,,,,,,,,Y,1,1,0,1,A,-,01,23152,F,N,F,A,A,A,H,-,A,A,0,,,Y,,Y,,C,02,0,0,0,0,0,0,0,1,0,"- ","- ",35.034580230712891,-120.50460052490234,"SAN LUIS OBISPO",UNINCORPORATED,-120.50425720214844,35.035060882568359
90869525,2018,2018-11-28,9740,2018-11-19,1605,018069,,1,2,9,4000,0,2,4,,2,012,"NACIMIENTO LAKE DR","CHIMNEY ROCK ROAD",2640.00,E,N,A,-,N,,,,,,,,,,Y,2,0,1,1,A,-,01,23152,A,N,F,A,A,A,H,-,A,D,0,,,,,Y,Y,A,01,1,0,0,0,0,0,0,0,0,"- ","- ",35.690139770507812,-120.78903961181641,"SAN LUIS OBISPO",UNINCORPORATED,-120.78912353515625,35.690132141113281
90873287,2018,2018-12-03,9750,2018-11-21,2005,019070,,3,2,9,4000,0,1,2,,2,111,"US-101 (NORTHBOUND)",SR-166,2112.00,S,N,C,-,Y,,,101,,,,,,,Y,3,0,1,1,A,-,08,22107,,N,E,I,A,B,H,-,C,D,0,,,,,Y,,A,01,0,1,0,0,0,0,0,0,0,"- ","- ",34.990890502929688,-120.43388366699219,"SAN LUIS OBISPO",UNINCORPORATED,-120.43378448486328,34.990901947021484
90876371,2018,2018-12-05,9745,2018-11-27,0722,017541,,2,1,9,4000,0,1,2,,2,404,"US-101 NORTHBOUND","SPYGLASS DR",800.00,S,N,A,-,Y,,,101,,,,,,N,Y,4,0,3,2,A,-,03,22350,,N,C,C,A,A,H,-,A,D,0,,,,,Y,,A,01,0,0,3,0,0,0,0,0,0,"- ","- ",35.162441253662109,-120.68334197998047,"SAN LUIS OBISPO",UNINCORPORATED,-120.68334197998047,35.162441253662109
9087741,2020,2020-06-17,4001,2020-02-16,1911,P0143,463,7,5,3,4001,0,0,0,,0,OPERAT,"EL CAMINO REAL","ROBLES ST",188.00,W,N,A,-,N,,,,,,,,,,Y,4,0,1,1,A,-,03,22350,,N,E,J,A,A,H,-,D,D,0,,,,,Y,,A,01,0,0,1,0,0,0,0,0,0,"- ","- ",,,"SAN LUIS OBISPO","ARROYO GRANDE",-120.60237884521484,35.128425598144531
90877601,2018,2018-12-06,9745,2018-12-02,1545,016514,,7,2,9,4000,0,3,5,,2,002,"MOUNTAIN VIEW AVE","LOS OLIVOS AVE",258.00,N,N,A,-,N,,,,,,,,,,Y,2,0,1,2,A,-,05,21650,,N,A,C,A,A,H,-,A,D,0,,,,,Y,,A,08,1,0,0,0,0,0,0,0,0,"- ","- ",35.313529968261719,-120.82441711425781,"SAN LUIS OBISPO",UNINCORPORATED,-120.82444000244141,35.313358306884766
90883293,2018,2018-12-14,9745,2018-11-10,1930,017146,,6,2,9,4000,0,2,4,,1,052,"THOMPSON AVENUE","WINEMAN ROAD",0.00,,Y,A,-,N,,,,,,,,,,Y,1,2,0,2,A,-,09,21802,A,N,D,C,A,A,H,-,D,A,0,,,Y,,Y,Y,D,22,0,0,0,0,0,0,0,2,0,"- ","- ",34.998908996582031,-120.43543243408203,"SAN LUIS OBISPO",UNINCORPORATED,-120.43543243408203,34.998939514160156
90884544,2018,2018-12-17,9750,2018-12-15,1635,017616,,6,2,9,4000,0,1,3,,2,061,"SR-166 E/B","SUEY CREEK RD",7392.00,E,N,A,-,Y,,,166,,,,,,E,Y,3,0,1,1,A,-,08,22107,,N,E,I,A,A,H,-,B,D,0,,,,,Y,,A,01,0,1,0,0,0,0,0,0,0,"- ","- ",35.016101837158203,-120.34651947021484,"SAN LUIS OBISPO",UNINCORPORATED,-120.34654235839844,35.016029357910156
90885797,2018,2018-12-19,9740,2018-12-10,1435,018988,,1,2,9,4000,0,1,3,,2,010,SR-41,"KERN COUNTY LINE",56.00,S,N,B,-,Y,,,41,,,,,,,Y,3,0,3,3,A,-,07,21658,A,N,B,C,A,A,H,-,A,D,0,,,,Y,Y,,A,01,0,3,0,0,0,0,0,0,0,"- ","- ",35.779209136962891,-120.1947021484375,"SAN LUIS OBISPO",UNINCORPORATED,-120.19475555419922,35.779132843017578
90886390,2018,2018-12-19,9745,2018-12-07,1602,017817,,5,2,9,4000,0,1,3,,1,043,SR-1,"GRACIA WAY",150.00,S,N,A,-,Y,,,1,,,,,,,Y,3,0,1,1,A,-,03,22350,,N,E,I,A,A,H,-,A,D,0,,,Y,,Y,,C,02,0,1,0,0,0,0,0,0,1,"- ","- ",35.091869354248047,-120.58226013183594,"SAN LUIS OBISPO",UNINCORPORATED,-120.58222961425781,35.091899871826172
90886963,2018,2018-12-20,9740,2018-10-11,0445,016154,,4,3,3,4004,0,1,2,,2,003,"US-101 SOUTHBOUND","13TH ST",254.00,N,N,B,-,Y,,,101,,,,,,S,N,1,1,0,2,A,-,17,21461,,F,G,B,E,A,H,-,D,D,0,Y,,,,Y,,N,60,0,0,0,1,0,0,0,0,0,"- ","- ",35.628940582275391,-120.68681335449219,"SAN LUIS OBISPO","PASO ROBLES",-120.68679809570312,35.628940582275391
90887199,2018,2019-01-04,9740,2018-11-20,1805,016154,,2,2,9,4000,0,1,3,,2,008,"SR-46 W/B","LUCY BROWN RD.",3960.00,E,N,B,-,Y,,,46,,,,,,W,Y,1,1,7,1,A,-,08,22107,,N,F,A,A,A,D,-,D,C,0,,,,,Y,,A,07,1,6,0,0,0,0,0,0,0,"- ","- ",35.677680969238281,-120.34410095214844,"SAN LUIS OBISPO",UNINCORPORATED,-120.34413909912109,35.677738189697266
90889451,2018,2018-12-24,9740,2018-12-20,1330,018069,,4,1,3,4004,0,1,2,,2,003,"US-101 NORTHBOUND",SR-46,2429.00,N,N,B,-,Y,,,101,,,,,,N,Y,4,0,1,2,A,-,07,21658,A,N,C,C,A,A,H,-,A,D,0,,,,,Y,,A,01,0,0,1,0,0,0,0,0,0,"- ","- ",35.596031188964844,-120.69515228271484,"SAN LUIS OBISPO","PASO ROBLES",-120.69513702392578,35.596027374267578
90889751,2018,2018-12-26,9740,2018-12-18,0220,019700,,2,3,9,4000,0,1,3,,2,007,SR-41,"RAPTOR RIDGE TRAIL",522.00,N,N,E,-,Y,,,41,,,,,,,Y,2,0,1,1,A,-,01,23152,A,N,E,I,A,A,H,-,D,D,0,,,,,Y,Y,A,07,1,0,0,0,0,0,0,0,0,"- ","- ",35.508930206298828,-120.62319183349609,"SAN LUIS OBISPO",UNINCORPORATED,-120.62325286865234,35.508907318115234
90894566,2018,2018-12-31,9745,2018-12-22,0615,017857,,6,1,9,4000,0,1,2,,2,505,"US-101 SOUTHBOUND","WILLOW ROAD",431.00,N,N,A,-,Y,,,101,,,,,,S,Y,3,0,1,2,A,-,07,21658,A,N,B,C,A,A,H,-,B,D,0,,,,,Y,,A,07,0,1,0,0,0,0,0,0,0,"- ","- ",35.055591583251953,-120.50161743164062,"SAN LUIS OBISPO",UNINCORPORATED,-120.50159454345703,35.055614471435547
90896756,2019,2019-01-03,9745,2019-01-03,0105,016390,,4,3,9,4000,0,1,2,,2,505,"US-101 S/B","LOS BERROS RD.",20.00,N,N,A,-,Y,,,101,,,,,,S,Y,3,0,1,1,A,-,08,22107,,N,E,I,A,A,H,-,D,D,0,,,,,Y,,A,01,0,1,0,0,0,0,0,0,0,"- ","- ",35.071990966796875,-120.51650238037109,"SAN LUIS OBISPO",UNINCORPORATED,-120.51654052734375,35.071945190429688
90898038,2018,2019-01-04,9740,2018-12-23,0954,014662,,7,1,9,4000,0,3,5,,2,017,"O DONOVAN RD",SR-58,3696.00,N,N,B,E,N,,,,,,,,,,Y,3,0,1,1,A,-,03,22350,,N,E,I,A,A,H,-,A,D,0,,,,,Y,Y,D,22,0,1,0,0,0,0,0,0,0,"- ","- ",35.457351684570312,-120.48983001708984,"SAN LUIS OBISPO",UNINCORPORATED,-120.48918914794922,35.456722259521484
90898862,2019,2019-01-07,9745,2019-01-03,1630,019809,,4,2,3,4001,0,1,2,,2,402,"US 101 N/B TO GRAND AVE","GRAND AVE",25.00,S,N,A,-,Y,,,,,,,,,,Y,4,0,1,2,A,-,03,22350,,N,C,C,A,A,H,-,A,A,0,,,,,Y,,D,22,0,0,1,0,0,0,0,0,0,"- ","- ",35.121570587158203,-120.58264923095703,"SAN LUIS OBISPO","ARROYO GRANDE",-120.65328979492188,35.291801452636719
9089934,2020,2020-08-12,4006,2020-03-08,2013,19810,,7,5,4,4006,0,0,0,,0,,JOHNSON,MONTEREY,0.00,,Y,A,-,N,,,,,,,,,,Y,4,0,1,2,A,-,09,21801,,N,H,C,A,A,H,-,C,A,0,,,,,Y,,A,01,0,0,1,0,0,0,0,0,0,"- ","- ",35.284320831298828,-120.65727233886719,"SAN LUIS OBISPO","SAN LUIS OBISPO",-120.65727233886719,35.284290313720703
90899747,2018,2019-01-08,9740,2018-12-30,1943,020773,,7,2,4,4008,0,1,2,,2,002,"US-101 SOUTHBOUND","SAN RAMON RD",500.00,N,N,A,-,Y,,,101,,,,,,S,Y,3,0,1,1,A,-,08,22107,,N,E,I,A,A,H,-,D,D,0,,,,,Y,,A,07,0,1,0,0,0,0,0,0,0,"- ","- ",35.527400970458984,-120.70497894287109,"SAN LUIS OBISPO",ATASCADERO,-120.70515441894531,35.527271270751953
90899984,2019,2019-01-08,9740,2019-01-03,1530,016154,,4,2,9,4000,0,3,5,,2,023,"OLD CREEK RD",SR-46,5500.00,S,N,A,-,N,,,,,,,,,,Y,3,0,1,1,A,-,08,22107,,N,F,A,A,A,H,-,A,D,0,,,Y,,Y,,C,02,0,1,0,0,0,0,0,0,1,"- ","- ",35.521041870117188,-120.85494995117188,"SAN LUIS OBISPO",UNINCORPORATED,-120.85498809814453,35.521072387695312
90900713,2019,2019-01-09,9740,2019-01-06,1713,016849,,7,2,9,4000,0,1,2,,2,001,"US-101 NORTHBOUND",SR-58,4045.00,N,N,C,-,Y,,,101,,,,,,N,Y,4,0,2,2,A,-,03,22350,,N,E,I,A,B,H,-,D,D,0,,,,,Y,,A,01,0,0,2,0,0,0,0,0,0,"- ","- ",35.393260955810547,-120.62389373779297,"SAN LUIS OBISPO",UNINCORPORATED,-120.62384796142578,35.393234252929688
90902501,2019,2019-01-11,9745,2019-01-10,0553,016714,,4,3,9,4000,0,2,4,,1,052,"THOMPSON AVE.",SR-166,0.00,,Y,E,-,N,,,,,,,,,,Y,4,0,1,1,A,-,03,22350,,N,E,I,A,B,H,-,D,A,0,,,,,Y,,A,01,0,0,1,0,0,0,0,0,0,"- ","- ",34.996219635009766,-120.43393707275391,"SAN LUIS OBISPO",UNINCORPORATED,-120.43401336669922,34.996368408203125
90904156,2018,2019-02-04,9745,2018-12-01,2230,019809,,6,3,9,4000,0,2,4,,1,052,"SOUTH THOMPSON AVENUE","EAST KNOTTS STREET",415.00,S,N,A,-,N,,,,,,,,,,Y,1,1,2,2,A,-,01,23152,A,N,A,C,A,A,H,-,D,D,0,,,,,Y,Y,A,01,1,1,0,0,0,0,0,0,0,"- ","- ",35.038249969482422,-120.47096252441406,"SAN LUIS OBISPO",UNINCORPORATED,-120.47089385986328,35.038272857666016
90904934,2019,2019-01-15,9745,2019-01-07,0925,017968,,1,1,9,4000,0,3,5,,2,002,"SANTA YSABEL AVENUE","12TH STREET",25.00,E,N,B,-,N,,,,,,,,,,Y,3,0,1,3,A,-,03,22350,,N,C,C,A,B,H,-,A,D,0,,,,,Y,,A,01,0,1,0,0,0,0,0,0,0,"- ","- ",35.330009460449219,-120.82968139648438,"SAN LUIS OBISPO",UNINCORPORATED,-120.82981872558594,35.329959869384766
90907814,2019,2019-01-21,9740,2019-01-17,1801,019700,,4,2,3,4004,0,1,2,,2,003,"SR46 WEST ON RAMP TO US-101 NORTHBOUND","SR-46 W/B",642.00,N,N,A,-,Y,,,46,,,,R,,,Y,3,0,1,3,A,-,01,23152,A,N,C,C,A,A,H,-,C,D,0,,,,Y,Y,Y,A,01,0,1,0,0,0,0,0,0,0,"- ","- ",35.591159820556641,-120.69518280029297,"SAN LUIS OBISPO","PASO ROBLES",-120.69518280029297,35.591159820556641
90908015,2019,2019-01-21,9740,2019-01-13,2500,018988,,7,4,9,4000,0,3,5,,2,019,"JARDINE RD","DRY CREEK RD",0.00,,Y,A,-,N,,,,,,,,,,Y,3,0,1,1,A,-,03,22350,,M,E,I,A,A,H,-,D,D,0,,,,,Y,,A,01,0,1,0,0,0,0,0,0,0,"- ","- ",35.659488677978516,-120.60559844970703,"SAN LUIS OBISPO",UNINCORPORATED,-120.60562133789062,35.659530639648438
90914028,2018,2019-01-28,9750,2018-12-12,0150,020511,,3,3,9,4000,0,1,3,,1,063,SR-166,"COTTONWOOD CANYON RD",19536.00,W,N,A,-,Y,,,166,,,,,,,Y,1,1,0,2,A,-,08,22107,,N,A,C,A,A,H,-,D,D,0,,,,Y,Y,,D,22,0,0,0,0,0,0,0,0,0,"- ","- ",35.054840087890625,-119.91539764404297,"SAN LUIS OBISPO",UNINCORPORATED,-119.91541290283203,35.054813385009766
90914234,2019,2019-01-28,9740,2019-01-27,0420,018988,,7,3,9,4000,0,1,3,,2,005,SR-58,"WILHELMINA AVE",749.00,W,N,A,-,Y,,,58,,,,,,,Y,4,0,1,1,C,-,18,,,N,H,H,A,A,H,-,D,D,0,,,,,Y,,-,"- ",0,0,1,0,0,0,0,0,0,"- ","- ",35.385410308837891,-120.61942291259766,"SAN LUIS OBISPO",UNINCORPORATED,-120.61940002441406,35.385364532470703
90915018,2019,2019-01-29,9745,2019-01-26,0017,017151,,6,3,2,4005,0,1,2,,2,404,"US-101 SOUTHBOUND","SPYGLASS DR",1584.00,S,N,A,-,Y,,,101,,,,,,S,Y,4,0,1,2,A,-,03,22350,,N,C,C,A,A,H,-,D,D,0,,,,,Y,,A,01,0,0,1,0,0,0,0,0,0,"- ","- ",35.15740966796875,-120.6708984375,"SAN LUIS OBISPO","PISMO BEACH",-120.6708984375,35.157405853271484
90918657,2019,2019-02-04,9740,2019-01-27,1748,014622,,7,2,9,4000,0,1,3,,1,015,SR-1,"SLO SAN SIMEON ROAD",4224.00,N,N,A,-,Y,,,1,,,,,,,Y,3,0,1,1,A,-,03,22350,,N,H,H,A,A,H,-,D,D,0,,,Y,,Y,,C,02,0,1,0,0,0,0,0,0,1,"- ","- ",35.651950836181641,-121.20538330078125,"SAN LUIS OBISPO",UNINCORPORATED,-121.20538330078125,35.651927947998047
90919653,2019,2019-02-05,9745,2019-01-26,2110,017151,,6,2,9,4000,0,2,4,,1,052,"THOMPSON AVE","WILLOW RD.",1056.00,S,N,A,-,N,,,,,,,,,,Y,3,0,1,1,A,-,08,22107,,N,F,A,A,A,H,-,D,D,0,,,,,Y,,A,07,0,1,0,0,0,0,0,0,0,"- ","- ",35.055999755859375,-120.49040222167969,"SAN LUIS OBISPO",UNINCORPORATED,-120.49172973632812,35.057319641113281
90919674,2019,2019-02-05,9745,2019-02-02,0940,017144,,6,1,9,4000,0,1,3,,2,023,"SR-1 SOUTHBOUND","STENNER CREEK RD",780.00,N,N,C,-,Y,,,1,,,,,,S,Y,3,0,1,1,A,-,08,22107,,N,E,I,A,B,H,-,A,D,0,,,,,Y,,A,01,0,1,0,0,0,0,0,0,0,"- ","- ",35.309398651123047,-120.68280029296875,"SAN LUIS OBISPO",UNINCORPORATED,-120.68276214599609,35.3094482421875
90920583,2019,2019-02-06,9740,2019-02-03,0910,019259,,7,1,9,4000,0,2,4,,2,012,"NACIMIENTO LAKE DRIVE","MUSTANG SPRINGS RD",100.00,E,N,C,-,N,,,,,,,,,,N,2,0,1,2,A,-,05,21460,A,N,B,C,A,B,H,-,A,D,0,,,Y,,Y,,C,02,1,0,0,0,0,0,0,0,1,"- ","- ",35.643821716308594,-120.70326232910156,"SAN LUIS OBISPO",UNINCORPORATED,-120.70323181152344,35.643760681152344
90924413,2019,2019-02-12,9745,2019-02-08,1930,017097,,5,2,9,4000,0,1,2,,2,303,"US-101 SB","HIGUERA ST.",250.00,S,N,B,C,Y,,,101,,,,,,S,Y,4,0,1,1,A,-,03,22350,,N,F,A,A,B,H,-,C,D,0,,,,,Y,,A,01,0,0,1,0,0,0,0,0,0,"- ","- ",35.223201751708984,-120.69191741943359,"SAN LUIS OBISPO",UNINCORPORATED,-120.69180297851562,35.223167419433594
90925041,2019,2019-02-12,9740,2019-01-29,1102,010820,,2,1,9,4000,0,3,5,,2,017,"EL CAMINO REAL","CARMEL ROAD",1106.00,N,N,A,-,N,,,,,,,,,,Y,2,0,3,2,A,-,03,22350,,N,C,C,A,A,H,-,A,A,0,,,,,Y,,A,01,2,1,0,0,0,0,0,0,0,"- ","- ",35.434291839599609,-120.61804962158203,"SAN LUIS OBISPO",UNINCORPORATED,-120.61762237548828,35.434272766113281
90926670,2019,2019-02-14,9740,2019-02-12,1740,018988,,2,2,9,4000,0,1,2,,2,002,"US-101 NORTHBOUND","SAN RAMON RD",1056.00,N,N,B,-,Y,,,101,,,,,,N,N,4,0,1,2,A,-,03,22350,,N,C,C,A,A,H,-,D,D,0,,,,,Y,,A,01,0,0,1,0,0,0,0,0,0,"- ","- ",35.529319763183594,-120.70697784423828,"SAN LUIS OBISPO",UNINCORPORATED,-120.70695495605469,35.529346466064453
90927862,2019,2019-02-18,9740,2019-02-10,1025,019259,,7,1,9,4000,0,2,4,,2,012,"NACIMIENTO LAKE DR","FRAZIER ROAD",4224.00,W,N,C,-,N,,,,,,,,,,Y,4,0,1,1,A,-,03,22350,,N,E,I,A,B,H,-,A,D,0,,,,,Y,,D,22,0,0,1,0,0,0,0,0,0,"- ","- ",35.711139678955078,-120.8350830078125,"SAN LUIS OBISPO",UNINCORPORATED,-120.83536529541016,35.711284637451172
9092857,2020,2020-07-02,4001,2020-03-05,1508,P0144,461,4,5,3,4001,0,0,0,,0,OPERAT,"VALLEY RD","FAIR OAKS AV",929.00,S,N,A,-,N,,,,,,,,,,Y,4,0,2,2,A,-,09,21804,A,N,D,C,A,A,H,-,A,A,0,,,,,Y,,A,01,0,0,2,0,0,0,0,0,0,"- ","- ",,,"SAN LUIS OBISPO","ARROYO GRANDE",-120.58097839355469,35.114200592041016
90929396,2019,2019-02-19,9740,2019-02-09,0500,017952,,6,3,9,4000,0,3,5,,2,023,"AVONNE AVE.","OTTER WAY",1584.00,S,N,C,-,N,,,,,,,,,,Y,4,0,1,1,A,-,03,22350,,M,E,I,A,B,H,-,D,D,0,,,,,Y,Y,D,22,0,0,1,0,0,0,0,0,0,"- ","- ",35.611351013183594,-121.14021301269531,"SAN LUIS OBISPO",UNINCORPORATED,-121.14018249511719,35.611461639404297
90929439,2019,2019-02-19,9740,2019-02-08,1248,010820,,5,1,9,4000,0,1,2,,2,001,"U.S. 101 (N/B)",SR-58,3168.00,N,N,A,-,Y,,,,,,,,,,Y,4,0,1,1,A,-,03,22350,,N,E,I,A,A,H,-,A,A,0,,,,,Y,,A,01,0,0,1,0,0,0,0,0,0,"- ","- ",35.391059875488281,-120.62519073486328,"SAN LUIS OBISPO",UNINCORPORATED,,
90929459,2019,2019-02-19,9740,2019-02-13,1305,017426,,3,1,9,4000,0,3,5,,2,019,"L ST.","10TH ST.",0.00,,Y,B,-,N,,,,,,,,,,Y,4,0,1,2,A,-,12,22450,A,N,D,C,A,B,H,-,A,A,0,,,,,Y,,A,01,0,0,1,0,0,0,0,0,0,"- ","- ",35.747730255126953,-120.69834136962891,"SAN LUIS OBISPO",UNINCORPORATED,-120.69828796386719,35.747730255126953
90932559,2019,2019-02-25,9740,2019-02-18,1543,014622,,1,2,9,4000,0,1,3,,1,014,"SR-1 SOUTHBOUND","ARDATH DRIVE",1056.00,S,N,B,-,Y,,,1,,,,,,S,N,2,0,1,1,A,-,08,22107,,N,F,A,A,A,H,-,A,D,0,,Y,,,Y,,L,04,1,0,0,0,0,0,1,0,0,"- ","- ",35.548629760742188,-121.06867218017578,"SAN LUIS OBISPO",UNINCORPORATED,-121.06865692138672,35.548641204833984
90933496,2019,2019-02-25,9740,2019-02-17,1620,016816,,7,2,9,4000,0,1,2,,2,004,"US-101 SOUTHBOUND","WELLSONA ROAD",0.00,,Y,B,F,Y,,,101,,,,,,S,Y,2,0,2,2,A,-,09,21802,A,N,D,C,A,C,H,-,A,A,0,,,,,Y,,A,08,1,0,1,0,0,0,0,0,0,"- ","- ",35.696060180664062,-120.69676208496094,"SAN LUIS OBISPO",UNINCORPORATED,-120.69679260253906,35.696060180664062
90933574,2019,2019-02-25,9740,2019-02-18,1420,016816,,1,2,9,4000,0,3,5,,2,022,"CYPRESS MOUNTAIN ROAD","CHIMNEY ROCK ROAD",5280.00,S,N,A,-,N,,,,,,,,,,Y,3,0,1,1,A,-,03,22350,,N,E,I,A,A,H,-,A,D,0,,,,,Y,,D,22,0,1,0,0,0,0,0,0,0,"- ","- ",35.643878936767578,-120.92166137695312,"SAN LUIS OBISPO",UNINCORPORATED,-120.9207763671875,35.644901275634766
90934021,2019,2019-02-26,9740,2019-02-14,1154,010820,,4,1,9,4000,0,1,2,,2,001,"US-101 NORTHBOUND",SR-58,3960.00,N,N,B,-,Y,,,101,,,,,,N,Y,4,0,1,1,A,-,03,22350,,N,E,I,A,B,H,-,A,A,0,,,,,Y,,A,01,0,0,1,0,0,0,0,0,0,"- ","- ",35.393459320068359,-120.62362670898438,"SAN LUIS OBISPO",UNINCORPORATED,-120.62368774414062,35.39349365234375