CASE_ID,ACCIDENT_YEAR,PROC_DATE,JURIS,COLLISION_DATE,COLLISION_TIME,OFFICER_ID,REPORTING_DISTRICT,DAY_OF_WEEK,CHP_SHIFT,POPULATION,CNTY_CITY_LOC,SPECIAL_COND,BEAT_TYPE,CHP_BEAT_TYPE,CITY_DIVISION_LAPD,CHP_BEAT_CLASS,BEAT_NUMBER,PRIMARY_RD,SECONDARY_RD,DISTANCE,DIRECTION,INTERSECTION,WEATHER_1,WEATHER_2,STATE_HWY_IND,CALTRANS_COUNTY,CALTRANS_DISTRICT,STATE_ROUTE,ROUTE_SUFFIX,POSTMILE_PREFIX,POSTMILE,LOCATION_TYPE,RAMP_INTERSECTION,SIDE_OF_HWY,TOW_AWAY,COLLISION_SEVERITY,NUMBER_KILLED,NUMBER_INJURED,PARTY_COUNT,PRIMARY_COLL_FACTOR,PCF_CODE_OF_VIOL,PCF_VIOL_CATEGORY,PCF_VIOLATION,PCF_VIOL_SUBSECTION,HIT_AND_RUN,TYPE_OF_COLLISION,MVIW,PED_ACTION,ROAD_SURFACE,ROAD_COND_1,ROAD_COND_2,LIGHTING,CONTROL_DEVICE,CHP_ROAD_TYPE,PEDESTRIAN_ACCIDENT,BICYCLE_ACCIDENT,MOTORCYCLE_ACCIDENT,TRUCK_ACCIDENT,NOT_PRIVATE_PROPERTY,ALCOHOL_INVOLVED,STWD_VEHTYPE_AT_FAULT,CHP_VEHTYPE_AT_FAULT,COUNT_SEVERE_INJ,COUNT_VISIBLE_INJ,COUNT_COMPLAINT_PAIN,COUNT_PED_KILLED,COUNT_PED_INJURED,COUNT_BICYCLIST_KILLED,COUNT_BICYCLIST_INJURED,COUNT_MC_KILLED,COUNT_MC_INJURED,PRIMARY_RAMP,SECONDARY_RAMP,LATITUDE,LONGITUDE,COUNTY,CITY,POINT_X,POINT_Y
91018455,2019,2019-06-26,9740,2019-06-14,1645,015167,,5,2,4,4008,0,1,2,,2,002,"US-101 NORTHBOUND","DEL RIO RD O/C",1300.00,S,N,A,-,Y,,,101,,,,,,N,Y,4,0,1,3,A,-,03,22350,,M,C,C,A,A,H,-,A,D,0,,,,,Y,Y,D,22,0,0,1,0,0,0,0,0,0,"- ","- ",35.509719848632812,-120.69682312011719,"SAN LUIS OBISPO",ATASCADERO,-120.69686126708984,35.509693145751953
91018886,2019,2019-06-27,9745,2019-06-26,1150,016714,,3,1,9,4000,0,3,5,,2,002,"PISMO AVE.","17TH ST.",0.00,,Y,A,-,N,,,,,,,,,,Y,3,0,1,2,A,-,09,21802,A,N,D,C,A,A,H,-,A,A,0,,,,,Y,,A,01,0,1,0,0,0,0,0,0,0,"- ","- ",35.322490692138672,-120.82434844970703,"SAN LUIS OBISPO",UNINCORPORATED,-120.82438659667969,35.322471618652344
91020862,2019,2019-06-28,9745,2019-06-27,1247,015144,,4,1,9,4000,0,3,5,,2,004,"WILLOW RD","VIA CONCHA RD",0.00,,Y,A,-,N,,,,,,,,,,Y,3,0,1,2,A,-,09,21802,A,N,D,C,A,A,H,-,A,A,0,,,,,Y,,A,01,0,1,0,0,0,0,0,0,0,"- ","- ",35.047370910644531,-120.55045318603516,"SAN LUIS OBISPO",UNINCORPORATED,-120.55050659179688,35.047351837158203
91022237,2019,2019-07-01,9740,2019-06-26,1733,014716,,3,2,9,4000,0,1,3,,1,014,SR-1,"BURTON DR",528.00,N,N,A,-,Y,,,,,,,,,,Y,2,0,1,3,A,-,03,22350,,N,C,C,A,B,D,-,A,D,0,,,,,Y,,A,01,1,0,0,0,0,0,0,0,0,"- ","- ",35.549999237060547,-121.08486175537109,"SAN LUIS OBISPO",UNINCORPORATED,-121.08057403564453,35.555614471435547
91024224,2019,2019-07-03,9745,2019-06-28,1717,017541,,5,2,9,4000,0,1,2,,2,505,"US-101 SOUTHBOUND","TEFFT STREET",300.00,N,N,A,-,Y,,,101,,,,,,S,Y,4,0,1,2,A,-,03,22350,,N,C,C,A,A,H,-,A,D,0,,,,,Y,,A,01,0,0,1,0,0,0,0,0,0,"- ","- ",35.037609100341797,-120.48549652099609,"SAN LUIS OBISPO",UNINCORPORATED,-120.4854736328125,35.037635803222656
91024773,2019,2019-07-05,9740,2019-06-28,2325,019700,,5,3,4,4008,0,1,2,,2,002,"US-101 N/B FROM EL CAMINO REAL N/B","EL CAMINO REAL",70.00,W,N,A,-,Y,,,101,,,,R,,N,N,3,0,1,1,A,-,01,23152,A,N,E,I,A,A,H,-,C,D,0,,,,,Y,Y,A,01,0,1,0,0,0,0,0,0,0,"- ","- ",35.525428771972656,-120.70349884033203,"SAN LUIS OBISPO",ATASCADERO,-120.70349884033203,35.525428771972656
91025159,2019,2019-07-05,9740,2019-07-02,1928,014716,,2,2,9,4000,0,1,3,,1,014,SR-1,"BURTON DR.",3696.00,N,N,A,-,Y,,,1,,,,,,,Y,3,0,5,1,A,-,03,22350,,N,E,I,A,A,D,-,A,D,0,,,,,Y,,A,08,0,4,1,0,0,0,0,0,0,"- ","- ",35.558040618896484,-121.09323120117188,"SAN LUIS OBISPO",UNINCORPORATED,-121.09324645996094,35.558029174804688
91025783,2019,2019-07-08,9745,2019-06-26,1615,017817,,3,2,9,4000,0,3,5,,2,004,"CORBETT CANYON RD.","DEER CANYON RD.",0.00,,Y,A,-,N,,,,,,,,,,Y,4,0,1,1,A,-,05,21460,A,N,E,I,A,A,H,-,A,D,0,,,,,Y,,A,01,0,0,1,0,0,0,0,0,0,"- ","- ",35.160591125488281,-120.55792236328125,"SAN LUIS OBISPO",UNINCORPORATED,-120.55785369873047,35.160518646240234
91026173,2019,2019-07-08,9745,2019-06-29,1645,020689,,6,2,9,4000,0,2,4,,1,048,"AVILA BEACH DRIVE","SAN LUIS BAY DR",2112.00,E,N,A,-,N,,,,,,,,,,Y,3,0,2,2,A,-,09,21804,A,N,D,C,A,A,H,-,A,A,0,,,Y,,Y,Y,A,07,0,1,1,0,0,0,0,0,2,"- ","- ",35.185901641845703,-120.71189880371094,"SAN LUIS OBISPO",UNINCORPORATED,-120.71363067626953,35.187038421630859
91027612,2019,2019-07-09,9745,2019-07-04,1400,016714,,4,2,9,4000,0,3,5,,2,002,"11TH ST. (100 BLOCK)","CASS AVE.",391.00,E,N,A,-,N,,,,,,,,,,N,3,0,1,2,A,-,08,22107,,N,G,B,E,A,H,-,A,D,0,Y,Y,,,Y,,L,04,0,1,0,0,1,0,0,0,0,"- ","- ",35.442539215087891,-120.89315795898438,"SAN LUIS OBISPO",UNINCORPORATED,-120.89299011230469,35.442764282226562
91027643,2019,2019-07-09,9745,2019-07-02,1605,015144,,2,2,3,4001,0,1,2,,2,404,"US-101 NORTHBOUND","4TH STREET",1584.00,S,N,A,-,Y,,,,,,,,,,Y,4,0,1,3,A,-,17,23114,A,N,C,C,A,A,H,-,A,A,0,,,,,Y,,D,22,0,0,1,0,0,0,0,0,0,"- ","- ",35.1339111328125,-120.61682891845703,"SAN LUIS OBISPO","ARROYO GRANDE",-120.61721801757812,35.134105682373047
9102911,2020,2020-09-15,4008,2020-04-28,1253,3134,,2,5,4,4008,0,0,0,,0,,"TRAFFIC WY","EL CAMINO REAL",126.00,W,N,A,-,Y,SLO,5,101,-,-,45.860,R,4,N,Y,2,0,1,2,A,-,09,21804,A,N,D,C,A,A,H,-,A,D,0,,,,,Y,,A,07,1,0,0,0,0,0,0,0,0,"- ","- ",35.489299774169922,-120.67030334472656,"SAN LUIS OBISPO",ATASCADERO,-120.66938781738281,35.487880706787109
91031074,2019,2019-07-15,9745,2019-07-09,1825,017857,,2,2,9,4000,0,1,2,,2,505,"US-101 SOUTHBOUND","EL CAMPO ROAD",200.00,S,N,A,-,Y,,,101,,,,,,S,N,4,0,1,2,A,-,03,22350,,M,C,C,A,A,H,-,A,D,0,,,,,Y,,-,99,0,0,1,0,0,0,0,0,0,"- ","- ",35.11090087890625,-120.56289672851562,"SAN LUIS OBISPO",UNINCORPORATED,-120.56289672851562,35.110912322998047
91032322,2019,2019-07-17,9745,2019-07-16,0814,015716,,2,1,9,4000,0,1,2,,2,505,"US-101 NORTHBOUND","TEFFT STREET",528.00,S,N,A,-,Y,,,101,,,,,,N,N,4,0,1,2,A,-,03,22350,,N,C,C,A,A,H,-,A,D,0,,,,,Y,,A,01,0,0,1,0,0,0,0,0,0,"- ","- ",35.033950805664062,-120.48140716552734,"SAN LUIS OBISPO",UNINCORPORATED,-120.48136901855469,35.033988952636719
91032795,2019,2019-07-17,9745,2019-07-15,1525,017151,,1,2,9,4000,0,1,2,,2,303,"US-101 SOUTHBOUND","HIGUERA ST",5.00,N,N,A,-,Y,,,101,,,,,,S,Y,4,0,1,2,A,-,07,21658,A,N,E,I,A,A,H,-,A,D,0,,,,,Y,,A,08,0,0,1,0,0,0,0,0,0,"- ","- ",35.224201202392578,-120.69159698486328,"SAN LUIS OBISPO",UNINCORPORATED,-120.69161987304688,35.224201202392578
91037885,2019,2019-07-25,9745,2019-07-16,1825,014713,,2,2,9,4000,0,1,2,,1,101,"US-101 NORTHBOUND","TV TOWER RD",70.00,S,N,A,-,Y,,,101,,,,,,N,Y,2,0,1,2,A,-,08,22107,,N,C,C,A,A,H,-,A,D,0,,,,,Y,,A,07,1,0,0,0,0,0,0,0,0,"- ","- ",35.346549987792969,-120.62934875488281,"SAN LUIS OBISPO",UNINCORPORATED,-120.62932586669922,35.346561431884766
91042342,2019,2019-07-31,9745,2019-07-24,1255,014543,,3,1,9,4000,0,1,2,,1,101,"US-101 SOUTHBOUND","FOX HOLLOW RD.",528.00,S,N,A,-,Y,,,101,,,,,,S,Y,3,0,1,2,A,-,06,21750,,N,B,C,A,A,H,-,A,D,0,,,,Y,Y,,D,22,0,1,0,0,0,0,0,0,0,"- ","- ",35.295108795166016,-120.63899993896484,"SAN LUIS OBISPO",UNINCORPORATED,-120.63899993896484,35.295089721679688
91042571,2019,2019-07-31,9745,2019-07-22,0355,020168,,1,3,9,4000,0,1,3,,1,011,"SR-41 SOUTHBOUND","CERRO ALTO",825.00,S,N,B,-,Y,,,41,,,,,,S,Y,2,0,1,1,A,-,08,22107,,N,E,I,A,A,H,-,D,D,0,,,,,Y,,A,01,1,0,0,0,0,0,0,0,0,"- ","- ",35.428058624267578,-120.75389862060547,"SAN LUIS OBISPO",UNINCORPORATED,-120.75389099121094,35.428012847900391
91042887,2019,2019-07-31,9745,2019-07-26,1322,020689,,5,1,2,4005,0,1,2,,2,404,"US-101 NORTHBOUND","WADSWORTH AVE",792.00,N,N,A,-,Y,,,,,,,,,,Y,4,0,4,2,A,-,03,22350,,N,C,C,A,A,H,-,A,D,0,,,,,Y,,A,01,0,0,4,0,0,0,0,0,0,"- ","- ",35.346401214599609,-120.66410064697266,"SAN LUIS OBISPO","PISMO BEACH",-120.64362335205078,35.146011352539062
91042990,2019,2019-07-31,9745,2019-07-25,2155,020417,,4,2,9,4000,0,3,5,,2,005,"MESA RD.","EASY LN.",695.00,N,N,B,-,N,,,,,,,,,,Y,3,0,1,1,A,-,01,23152,A,N,E,I,A,A,H,-,D,D,0,,,Y,,Y,Y,C,02,0,1,0,0,0,0,0,0,1,"- ","- ",35.027839660644531,-120.51548004150391,"SAN LUIS OBISPO",UNINCORPORATED,-120.51303863525391,35.027801513671875
91043791,2019,2019-08-01,9745,2019-07-24,2040,019809,,3,2,9,4000,0,2,4,,1,052,"THOMPSON AVE",SR-166,523.00,N,N,A,-,N,,,,,,,,,,N,3,0,1,2,A,-,11,21954,A,N,G,B,E,A,H,-,D,D,0,Y,,,,Y,Y,N,60,0,1,0,0,1,0,0,0,0,"- ","- ",34.997798919677734,-120.43479919433594,"SAN LUIS OBISPO",UNINCORPORATED,-120.43472290039062,34.9976806640625
91047216,2019,2019-08-07,9745,2019-07-31,1635,017857,,3,2,9,4000,0,1,3,,1,040,SR-227,"TOLOSA PL",872.00,S,N,A,-,Y,,,227,,,,,,,Y,4,0,1,1,A,-,08,22107,,N,F,A,A,A,H,-,A,D,0,,,,,Y,,A,07,0,0,1,0,0,0,0,0,0,"- ","- ",35.187900543212891,-120.60109710693359,"SAN LUIS OBISPO",UNINCORPORATED,-120.60112762451172,35.187877655029297
91048017,2019,2019-08-08,9745,2019-08-02,1030,017541,,5,1,9,4000,0,2,4,,1,055,"TEFFT STREET","EUCALYPTUS RD",23.00,E,N,A,-,N,,,,,,,,,,N,3,0,1,2,A,-,08,22107,,N,B,G,A,A,H,-,A,D,0,,Y,,,Y,,A,01,0,1,0,0,0,0,1,0,0,"- ","- ",35.019329071044922,-120.50119018554688,"SAN LUIS OBISPO",UNINCORPORATED,-120.50122833251953,35.019168853759766
91049048,2019,2019-08-09,9745,2019-08-02,1633,017817,,5,2,4,4006,0,1,2,,2,202,"US-101 SOUTHBOUND","MADONNA RD.",120.00,N,N,A,-,Y,,,101,,,,,,S,Y,4,0,1,2,A,-,03,22350,,N,C,C,A,A,H,-,A,D,0,,,,,Y,,A,08,0,0,1,0,0,0,0,0,0,"- ","- ",35.267318725585938,-120.67333984375,"SAN LUIS OBISPO","SAN LUIS OBISPO",-120.67343902587891,35.267333984375
91049267,2019,2019-08-09,9745,2019-08-05,1157,013531,,1,1,3,4001,0,1,2,,2,402,"US-101 N/B FROM GRAND AVENUE","GRAND AVENUE",750.00,N,N,A,-,Y,,,101,,,,R,,N,Y,4,0,1,3,A,-,03,22350,,N,C,C,A,A,H,-,A,D,0,,,,,Y,,A,01,0,0,1,0,0,0,0,0,0,"- ","- ",35.122230529785156,-120.58595275878906,"SAN LUIS OBISPO","ARROYO GRANDE",-120.58595275878906,35.122230529785156
91050123,2019,2019-08-12,9740,2019-07-30,0917,013984,,2,1,9,4000,0,1,3,,2,010,"RT 41","RT 46",13200.00,N,N,A,-,Y,,,41,,,,,,,Y,4,0,1,1,A,-,03,22350,,N,F,A,A,A,H,-,A,D,0,,,Y,,Y,,C,02,0,0,1,0,0,0,0,0,1,"- ","- ",35.764198303222656,-120.25216674804688,"SAN LUIS OBISPO",UNINCORPORATED,-120.25241088867188,35.764377593994141
91050782,2019,2019-08-13,9745,2019-08-06,0545,017541,,2,3,9,4000,0,2,4,,1,025,"LOS OSOS VALLEY RD","LARIAT DR",482.00,E,N,A,-,N,,,,,,,,,,Y,4,0,1,1,A,-,08,22107,,N,E,I,A,A,H,-,D,D,0,,,,,Y,,A,01,0,0,1,0,0,0,0,0,0,"- ","- ",35.305488586425781,-120.80919647216797,"SAN LUIS OBISPO",UNINCORPORATED,-120.80892944335938,35.305377960205078
91051403,2019,2019-11-06,9745,2019-08-03,2232,019809,,6,3,9,4000,0,2,4,,1,025,"LOS OSOS VALLEY RD","FOOTHILL BLVD",7392.00,W,N,A,-,N,,,,,,,,,,Y,2,0,2,3,A,-,01,23152,F,N,A,C,A,A,H,-,D,D,0,,,,,Y,,A,08,2,0,0,0,0,0,0,0,0,"- ","- ",35.285129547119141,-120.73458099365234,"SAN LUIS OBISPO",UNINCORPORATED,-120.73417663574219,35.284992218017578
91053561,2019,2019-08-16,9745,2019-08-09,1510,019400,,5,2,9,4000,0,1,2,,2,303,"US-101 SOUTHBOUND","SOUTH HIGUERA STREET",1056.00,N,N,A,-,Y,,,101,,,,,,S,Y,4,0,1,3,A,-,03,22350,,N,C,C,A,A,H,-,A,D,0,,,,,Y,,D,22,0,0,1,0,0,0,0,0,0,"- ","- ",35.226070404052734,-120.69142913818359,"SAN LUIS OBISPO",UNINCORPORATED,-120.69148254394531,35.22607421875
91053762,2019,2019-08-16,9745,2019-08-12,1210,017541,,1,1,9,4000,0,3,5,,2,004,"RAILROAD AVE","OCEAN ST",275.00,W,N,A,-,N,,,,,,,,,,Y,4,0,1,4,A,-,08,22107,,N,B,E,A,A,H,-,A,D,0,,,,Y,Y,,D,23,0,0,1,0,0,0,0,0,0,"- ","- ",35.100490570068359,-120.61691284179688,"SAN LUIS OBISPO",UNINCORPORATED,-120.61695861816406,35.100799560546875
91054370,2019,2019-08-19,9745,2019-08-12,0744,017541,,1,1,2,4005,0,1,2,,2,404,"US-101 NORTHBOUND","PRICE ST",1100.00,S,N,A,-,Y,,,101,,,,,,N,Y,4,0,1,2,A,-,03,22350,,N,C,C,A,A,H,-,A,D,0,,,,,Y,,A,07,0,0,1,0,0,0,0,0,0,"- ","- ",35.138530731201172,-120.63179779052734,"SAN LUIS OBISPO","PISMO BEACH",-120.63179016113281,35.138565063476562
91056360,2019,2019-08-21,9740,2019-08-16,1445,015451,,5,2,4,4008,0,1,2,,2,002,"US 101 (SOUTHBOUND)","ROSARIO AVE",1056.00,N,N,A,-,Y,,,,,,,,,,Y,3,0,2,2,A,-,03,22350,,N,C,C,A,A,H,-,A,A,0,,,,,Y,,A,01,0,1,1,0,0,0,0,0,0,"- ","- ",35.495670318603516,-120.68112182617188,"SAN LUIS OBISPO",ATASCADERO,,
91060353,2019,2019-08-27,9745,2019-08-22,0735,013531,,4,1,9,4000,0,1,2,,2,505,"SOUTH FRONTAGE ROAD","GRANDE AVENUE",0.00,,Y,A,-,N,,,,,,,,,,Y,4,0,2,2,A,-,09,21802,A,N,D,C,A,A,H,-,A,D,0,,,,,Y,,A,08,0,0,2,0,0,0,0,0,0,"- ","- ",35.032489776611328,-120.48036193847656,"SAN LUIS OBISPO",UNINCORPORATED,-120.48040008544922,35.032501220703125
91065082,2019,2019-09-09,9740,2019-08-28,1250,017426,,3,1,3,4004,0,1,2,,2,003,"US-101 SOUTHBOUND",SR-46E,1000.00,N,N,A,-,Y,,,101,,,,,,S,Y,3,0,3,2,A,-,03,22350,,N,C,C,A,A,H,-,A,D,0,,,,,Y,,A,07,0,1,2,0,0,0,0,0,0,"- ","- ",35.646228790283203,-120.68740081787109,"SAN LUIS OBISPO","PASO ROBLES",-120.68736267089844,35.646251678466797
91065996,2019,2019-09-03,9745,2019-08-25,1110,017541,,7,1,9,4000,0,2,S,,2,054,"LOPEZ DR.","HONDONADA RD",30.00,W,N,A,-,N,,,,,,,,,,N,4,0,1,2,A,-,03,22350,,N,C,C,A,A,A,-,A,D,0,,,,,Y,,A,01,0,0,1,0,0,0,0,0,0,"- ","- ",35.14508056640625,-120.54463958740234,"SAN LUIS OBISPO",UNINCORPORATED,-120.54443359375,35.144786834716797
91066854,2019,2019-09-04,9745,2019-08-27,1905,016390,,2,2,9,4000,0,3,5,,2,004,"WILLOW ROAD",SR-1,128.00,E,N,E,-,Y,,,,,,,,,,Y,3,0,1,1,A,-,01,23152,A,N,E,I,A,A,H,-,A,D,0,,,,,Y,Y,A,07,0,1,0,0,0,0,0,0,0,"- ","- ",35.047191619873047,-120.56977844238281,"SAN LUIS OBISPO",UNINCORPORATED,-120.57649230957031,35.047298431396484
91067277,2019,2019-09-04,9745,2019-08-20,1140,014910,,2,1,9,4000,0,1,3,,1,021,"SR-1 NORTHBOUND","SAN GERONIMO RD",6864.00,N,N,A,-,Y,,,1,,,,,,N,Y,2,0,1,2,A,-,03,22350,,N,C,C,A,A,H,-,A,A,0,,,Y,Y,Y,,C,02,1,0,0,0,0,0,0,0,1,"- ","- ",35.454750061035156,-120.95475006103516,"SAN LUIS OBISPO",UNINCORPORATED,-120.95459747314453,35.455146789550781
91068275,2019,2019-09-05,9745,2019-08-28,1657,020417,,3,2,9,4000,0,3,5,,2,004,"DIVISION ST.",SR-1,5280.00,E,N,B,-,N,,,,,,,,,,N,4,0,1,1,A,-,08,22107,,N,F,I,A,A,B,-,A,D,0,,,Y,,Y,,C,02,0,0,1,0,0,0,0,0,1,"- ","- ",34.9910888671875,-120.55204010009766,"SAN LUIS OBISPO",UNINCORPORATED,-120.55290985107422,34.991043090820312
91069464,2019,2019-09-06,9745,2019-09-01,2320,019809,,7,3,9,4000,0,3,5,,2,004,"EL CAMPO RD","LOS BERROS RD",1584.00,E,N,A,-,N,,,,,,,,,,Y,3,0,1,1,A,-,08,22107,,N,E,I,A,A,H,-,D,D,0,,,,,Y,,A,01,0,1,0,0,0,0,0,0,0,"- ","- ",35.097850799560547,-120.56072235107422,"SAN LUIS OBISPO",UNINCORPORATED,-120.5609130859375,35.097190856933594
91071358,2019,2019-09-10,9740,2019-09-04,1640,018069,,3,2,9,4000,0,3,5,,2,016,"PARKHILL RD","LITTLE QUAIL RD",20.00,W,N,A,-,N,,,,,,,,,,Y,4,0,1,1,A,-,08,22107,,N,E,I,A,A,H,-,A,D,0,,,Y,,Y,,C,02,0,0,1,0,0,0,0,0,1,"- ","- ",35.394870758056641,-120.49458312988281,"SAN LUIS OBISPO",UNINCORPORATED,-120.49453735351562,35.394935607910156
91071686,2019,2019-09-10,9745,2019-09-10,0746,020211,,2,1,3,4001,0,1,2,,2,402,"US-101 NORTHBOUND","BRISCO RD",1320.00,N,N,A,-,Y,,,101,,,,,,N,Y,4,0,1,2,A,-,03,22350,,N,C,C,A,A,H,-,A,D,0,,,,Y,Y,,F,26,0,0,1,0,0,0,0,0,0,"- ","- ",35.126251220703125,-120.59735870361328,"SAN LUIS OBISPO","ARROYO GRANDE",-120.59732818603516,35.126308441162109
91071701,2019,2019-09-27,9745,2019-09-06,1505,019400,,5,2,9,4000,0,2,4,,1,052,"THOMPSON AVE",SR-166,85.00,N,N,A,-,N,,,,,,,,,,N,4,0,1,2,A,-,03,22350,,N,C,C,A,A,H,-,A,D,0,,,,,Y,,A,07,0,0,1,0,0,0,0,0,0,"- ","- ",34.996730804443359,-120.43427276611328,"SAN LUIS OBISPO",UNINCORPORATED,-120.43412017822266,34.996585845947266
91072258,2019,2019-09-11,9740,2019-09-07,0248,016154,,6,3,4,4008,0,1,2,,2,002,"US-101 NORTHBOUND","TRAFFIC WAY",360.00,S,N,A,-,Y,,,101,,,,,,N,Y,2,0,1,1,A,-,01,23152,A,M,E,I,A,A,H,-,E,D,0,,,,,Y,Y,A,01,1,0,0,0,0,0,0,0,0,"- ","- ",35.48809814453125,-120.66976165771484,"SAN LUIS OBISPO",ATASCADERO,-120.66976165771484,35.488090515136719
91074080,2019,2019-09-13,9745,2019-09-05,2341,017541,,4,3,9,4000,0,3,5,,2,005,"MEHLSCHAU RD","THOMPSON RD",1500.00,E,N,A,-,N,,,,,,,,,,Y,3,0,1,1,A,-,08,22107,,N,E,I,A,A,H,-,C,D,0,,,,,Y,Y,A,01,0,1,0,0,0,0,0,0,0,"- ","- ",35.055870056152344,-120.48248291015625,"SAN LUIS OBISPO",UNINCORPORATED,-120.48289489746094,35.055381774902344
91078379,2019,2019-10-17,9745,2019-09-15,0825,020211,,7,1,9,4000,0,2,4,,1,051,"WEST TEFFT STREET","US-101 NORTHBOUND TO W. TEFFT ST.",0.00,,Y,A,-,Y,,,,,,,,,,Y,3,0,3,3,A,-,12,21453,A,N,D,C,A,A,H,-,A,A,0,,,,,Y,,A,01,0,2,1,0,0,0,0,0,0,"- ","- ",35.03704833984375,-120.48416900634766,"SAN LUIS OBISPO",UNINCORPORATED,-120.484188,35.037045999999997
9107879,2020,2020-07-31,4006,2020-06-03,1801,,,3,5,4,4006,0,0,0,,0,,"OSOS ST","PEACH ST",0.00,,Y,A,-,N,,,,,,,,,,Y,3,0,2,2,A,-,09,21802,A,N,D,C,A,-,H,-,A,A,0,,,,,Y,,A,01,0,2,0,0,0,0,0,0,0,"- ","- ",35.284278869628906,-120.66356658935547,"SAN LUIS OBISPO","SAN LUIS OBISPO",-120.66358947753906,35.2843017578125
91080562,2019,2019-09-23,9740,2019-09-20,1138,010820,,5,1,4,4008,0,1,2,,2,002,"US-101 NORTHBOUND","DEL RIO AVE",1356.00,S,N,A,-,Y,,,101,,,,,,N,Y,4,0,1,2,A,-,03,22350,,N,C,C,A,A,H,-,A,A,0,,,,,Y,,D,22,0,0,1,0,0,0,0,0,0,"- ","- ",35.509628295898438,-120.69687652587891,"SAN LUIS OBISPO",ATASCADERO,-120.69683837890625,35.509658813476562
91081028,2019,2019-09-23,9745,2019-09-18,2323,015144,,3,3,9,4000,0,3,5,,2,004,"DIVISION STREET","OSO FLACO LAKE RD",80.00,E,N,A,-,N,,,,,,,,,,Y,2,0,1,1,A,-,08,22107,,N,E,I,A,A,H,-,D,D,0,,,,,Y,,A,01,1,0,0,0,0,0,0,0,0,"- ","- ",35.00048828125,-120.53048706054688,"SAN LUIS OBISPO",UNINCORPORATED,-120.53050994873047,35.000534057617188
91082877,2019,2019-09-25,9745,2019-09-20,0945,014543,,5,1,9,4000,0,1,2,,1,101,"US-101 NORTHBOUND","CUESTA SPRINGS RD.",2112.00,N,N,A,-,Y,,,101,,,,,,N,Y,4,0,1,1,A,-,08,22107,,N,E,I,A,A,H,-,A,D,0,,,,,Y,,B,07,0,0,1,0,0,0,0,0,0,"- ","- ",35.35504150390625,-120.6361083984375,"SAN LUIS OBISPO",UNINCORPORATED,-120.63610076904297,35.355049133300781
91083647,2019,2019-09-26,9745,2019-09-14,1552,018253,,6,2,9,4000,0,1,3,,2,023,SR-1,"HIGHLAND DRIVE",0.00,,Y,A,-,Y,,,1,,,,,,,Y,3,0,2,4,A,-,09,21453,C,N,D,C,A,A,H,-,A,A,0,,,,,Y,,D,22,0,1,1,0,0,0,0,0,0,"- ","- ",35.298458099365234,-120.67372894287109,"SAN LUIS OBISPO",UNINCORPORATED,-120.67373657226562,35.298450469970703
91084072,2019,2019-09-26,9745,2019-09-24,1605,016390,,2,2,9,4000,0,2,4,,1,046,"PRICE CANYON ROAD","THOUSAND HILLS ROAD",2640.00,W,N,A,-,N,,,,,,,,,,Y,4,0,1,1,A,-,01,23152,A,N,E,I,A,A,H,-,A,D,0,,,,,Y,Y,A,01,0,0,1,0,0,0,0,0,0,"- ","- ",35.157318115234375,-120.63134002685547,"SAN LUIS OBISPO",UNINCORPORATED,-120.63134002685547,35.157318115234375
91084101,2019,2019-10-01,9740,2019-09-19,1310,016816,,4,1,9,4000,0,3,5,,2,018,"MAIN STREET","US-101 NORTHBOUND",50.00,E,N,A,-,Y,,,,,,,,,,Y,4,0,1,2,A,-,09,21802,A,N,A,C,A,A,H,-,A,D,0,,,,,Y,,A,07,0,0,1,0,0,0,0,0,0,"- ","- ",35.565261840820312,-120.70169830322266,"SAN LUIS OBISPO",UNINCORPORATED,-120.70197296142578,35.565822601318359
9108608,2020,2020-08-06,4001,2020-04-10,1956,P0114,463,5,5,3,4001,0,0,0,,0,CITY,"ASH ST","COURTLAND ST",0.00,,Y,A,-,N,,,,,,,,,,Y,2,0,3,2,A,-,01,23152,A,N,E,I,A,A,H,-,B,D,0,,,,,Y,Y,A,01,1,1,1,0,0,0,0,0,0,"- ","- ",,,"SAN LUIS OBISPO","ARROYO GRANDE",-120.60704803466797,35.114730834960938
91088095,2019,2019-10-01,9745,2019-09-19,1505,020773,,4,2,9,4000,0,1,3,,1,032,"EDNA RD","MAXWELLTON ST",500.00,N,N,A,-,Y,,,,,,,,,,Y,3,0,3,2,A,-,05,21650,,N,A,C,A,A,H,-,A,D,0,,,,,Y,,A,01,0,3,0,0,0,0,0,0,0,"- ","- ",35.204128265380859,-120.61311340332031,"SAN LUIS OBISPO",UNINCORPORATED,-120.61309814453125,35.204082489013672
91088802,2019,2019-10-02,9745,2019-09-25,0048,017541,,3,3,2,4005,0,1,2,,2,404,"US 101 NORTHBOUND FROM BELLO ST.","BAY ST.",30.00,N,N,A,-,Y,,,,,,,,,,Y,3,0,1,1,A,-,01,23152,A,N,E,I,A,A,H,-,C,D,0,,,,,Y,Y,A,01,0,1,0,0,0,0,0,0,0,"- ","- ",35.146480560302734,-120.643310546875,"SAN LUIS OBISPO","PISMO BEACH",,