CASE_ID,ACCIDENT_YEAR,PROC_DATE,JURIS,COLLISION_DATE,COLLISION_TIME,OFFICER_ID,REPORTING_DISTRICT,DAY_OF_WEEK,CHP_SHIFT,POPULATION,CNTY_CITY_LOC,SPECIAL_COND,BEAT_TYPE,CHP_BEAT_TYPE,CITY_DIVISION_LAPD,CHP_BEAT_CLASS,BEAT_NUMBER,PRIMARY_RD,SECONDARY_RD,DISTANCE,DIRECTION,INTERSECTION,WEATHER_1,WEATHER_2,STATE_HWY_IND,CALTRANS_COUNTY,CALTRANS_DISTRICT,STATE_ROUTE,ROUTE_SUFFIX,POSTMILE_PREFIX,POSTMILE,LOCATION_TYPE,RAMP_INTERSECTION,SIDE_OF_HWY,TOW_AWAY,COLLISION_SEVERITY,NUMBER_KILLED,NUMBER_INJURED,PARTY_COUNT,PRIMARY_COLL_FACTOR,PCF_CODE_OF_VIOL,PCF_VIOL_CATEGORY,PCF_VIOLATION,PCF_VIOL_SUBSECTION,HIT_AND_RUN,TYPE_OF_COLLISION,MVIW,PED_ACTION,ROAD_SURFACE,ROAD_COND_1,ROAD_COND_2,LIGHTING,CONTROL_DEVICE,CHP_ROAD_TYPE,PEDESTRIAN_ACCIDENT,BICYCLE_ACCIDENT,MOTORCYCLE_ACCIDENT,TRUCK_ACCIDENT,NOT_PRIVATE_PROPERTY,ALCOHOL_INVOLVED,STWD_VEHTYPE_AT_FAULT,CHP_VEHTYPE_AT_FAULT,COUNT_SEVERE_INJ,COUNT_VISIBLE_INJ,COUNT_COMPLAINT_PAIN,COUNT_PED_KILLED,COUNT_PED_INJURED,COUNT_BICYCLIST_KILLED,COUNT_BICYCLIST_INJURED,COUNT_MC_KILLED,COUNT_MC_INJURED,PRIMARY_RAMP,SECONDARY_RAMP,LATITUDE,LONGITUDE,COUNTY,CITY,POINT_X,POINT_Y
91263177,2020,2020-07-03,9745,2020-06-25,2050,017968,,4,2,2,4005,0,1,2,,2,404,"US-101 S/B","PRICE STREET",2640.00,N,N,A,-,Y,,,101,,,,,,S,Y,4,0,1,2,A,-,03,22350,,N,C,C,A,A,H,-,C,D,0,,,,,Y,,A,01,0,0,1,0,0,0,0,0,0,"- ","- ",35.153041839599609,-120.6602783203125,"SAN LUIS OBISPO","PISMO BEACH",-120.66027069091797,35.153053283691406
91263197,2020,2020-07-03,9745,2020-06-28,1653,020417,,7,2,9,4000,0,1,2,,1,101,"US-101 S/B","RESERVOIR CANYON RD",990.00,N,N,B,G,Y,,,101,,,,,,S,N,2,0,1,1,A,-,08,22107,,N,E,I,A,A,H,-,A,D,0,,,Y,,Y,,C,02,1,0,0,0,0,0,0,0,1,"- ","- ",35.298061370849609,-120.62751007080078,"SAN LUIS OBISPO",UNINCORPORATED,-120.62754821777344,35.298107147216797
91263643,2020,2020-07-06,9745,2020-07-01,1310,015144,,3,1,2,4005,0,1,2,,2,404,"US-101 NORTHBOUND","SPYGLASS DR",3168.00,S,N,B,-,Y,,,101,,,,,,N,Y,4,0,1,2,A,-,03,22350,,N,C,C,A,A,H,-,A,D,0,,,,,Y,,A,07,0,0,1,0,0,0,0,0,0,"- ","- ",35.159610748291016,-120.67629241943359,"SAN LUIS OBISPO","PISMO BEACH",-120.67626953125,35.15966796875
91267308,2020,2020-07-13,9745,2020-06-25,2105,020226,,4,2,9,4000,0,1,2,,2,505,"US-101 NORTHBOUND","EL CAMPO ROAD",450.00,N,N,A,-,Y,,,101,,,,,,N,Y,4,0,1,2,A,-,04,21703,,N,C,C,A,A,H,-,D,D,0,,,,,Y,,A,07,0,0,1,0,0,0,0,0,0,"- ","- ",35.111740112304688,-120.56511688232422,"SAN LUIS OBISPO",UNINCORPORATED,-120.56510925292969,35.111774444580078
91267627,2020,2020-07-13,9745,2020-07-07,0630,017857,,2,1,9,4000,0,1,2,,2,505,"US-101 NORTHBOUND",SR-166,7920.00,N,N,B,-,Y,,,101,,,,,,N,Y,4,0,1,2,A,-,03,22350,,N,C,C,A,A,H,-,A,D,0,,,,,Y,,D,22,0,0,1,0,0,0,0,0,0,"- ","- ",35.010799407958984,-120.45259857177734,"SAN LUIS OBISPO",UNINCORPORATED,-120.45256042480469,35.010868072509766
91272125,2020,2020-07-21,9745,2020-07-17,1445,020168,,5,2,4,4006,0,1,2,,2,202,"US-101 NORTHBOUND","LOS OSOS VALLEY RD",528.00,N,N,A,-,Y,,,101,,,,,,N,N,4,0,1,2,A,-,03,22350,,N,C,C,A,A,H,-,A,D,0,,,,,Y,,A,07,0,0,1,0,0,0,0,0,0,"- ","- ",35.248050689697266,-120.67994689941406,"SAN LUIS OBISPO","SAN LUIS OBISPO",-120.68000030517578,35.248081207275391
91272603,2020,2020-07-22,9740,2020-07-15,0137,020302,,3,3,9,4000,0,3,5,,2,017,"S. RIVER ROAD","OAK LN",528.00,S,N,A,-,N,,,,,,,,,,N,3,0,1,1,A,-,08,22107,,N,E,I,A,A,H,-,D,D,0,,,,,Y,,D,22,0,1,0,0,0,0,0,0,0,"- ","- ",35.604099273681641,-120.68271636962891,"SAN LUIS OBISPO",UNINCORPORATED,-120.68268585205078,35.603904724121094
91275189,2020,2020-07-27,9745,2020-07-16,1137,015144,,4,1,3,4001,0,1,2,,2,402,"US-101 SOUTHBOUND","BRISCO RD",2640.00,S,N,A,-,Y,,,101,,,,,,S,Y,4,0,1,6,A,-,17,23114,A,N,E,J,A,A,H,-,A,D,0,,,,Y,Y,,G,27,0,0,1,0,0,0,0,0,0,"- ","- ",35.124481201171875,-120.59417724609375,"SAN LUIS OBISPO","ARROYO GRANDE",-120.59417724609375,35.124492645263672
9127579,2020,2020-11-05,4002,2020-07-23,1505,337,,4,5,3,4002,0,0,0,,0,,"N OAK PARK BL","ATLATNIC CITY AV",438.00,N,N,A,-,N,,,,,,,,,,Y,4,0,1,1,A,-,21,22106,,N,H,I,A,A,H,-,A,A,0,,,,,Y,,A,01,0,0,1,0,0,0,0,0,0,"- ","- ",,,"SAN LUIS OBISPO","GROVER BEACH",-120.60870361328125,35.127876281738281
91277252,2020,2020-07-30,9740,2020-07-25,1605,020057,,6,2,9,4000,0,1,3,,2,008,"SR-46 E","CHOLAME VALLEY RD",1200.00,W,N,A,-,Y,,,46,,,,,,,N,4,0,1,2,D,-,00,,,N,A,C,A,A,H,-,A,D,0,,,,Y,Y,,-,"- ",0,0,1,0,0,0,0,0,0,"- ","- ",35.732700347900391,-120.29091644287109,"SAN LUIS OBISPO",UNINCORPORATED,-120.29093170166016,35.732723236083984
91279349,2020,2020-08-03,9745,2020-07-30,2230,020689,,4,3,9,4000,0,1,3,,1,043,SR-1,"GARRETT LN",50.00,E,N,A,-,Y,,,1,,,,,,,Y,4,0,1,2,A,-,01,23152,A,N,C,C,A,A,H,-,C,D,0,,,,,Y,Y,A,01,0,0,1,0,0,0,0,0,0,"- ","- ",35.047199249267578,-120.58229827880859,"SAN LUIS OBISPO",UNINCORPORATED,-120.58229827880859,35.047267913818359
91282024,2020,2020-08-06,9745,2020-08-02,1746,020211,,7,2,9,4000,0,1,3,,1,043,"SR-1 SOUTHBOUND","WINTERHAVEN WAY",1426.00,N,N,A,-,Y,,,1,,,,,,S,N,3,0,1,1,A,-,08,22107,,N,F,A,A,A,H,-,A,D,0,,,Y,,Y,,C,02,0,1,0,0,0,0,0,0,1,"- ","- ",35.047210693359375,-120.59047698974609,"SAN LUIS OBISPO",UNINCORPORATED,-120.59047698974609,35.047248840332031
91283177,2020,2020-08-10,9740,2020-07-16,2030,020710,,4,2,9,4000,0,1,2,,2,002,"US-101 SOUTHBOUND","VINEYARD DRIVE",1600.00,N,N,A,-,Y,,,101,,,,,,S,Y,2,0,2,1,A,-,01,23152,A,N,E,I,A,A,H,-,A,D,0,,,,,Y,Y,A,01,2,0,0,0,0,0,0,0,0,"- ","- ",35.548011779785156,-120.71617126464844,"SAN LUIS OBISPO",UNINCORPORATED,-120.71610260009766,35.548015594482422
91285043,2020,2020-08-13,9745,2020-08-05,1050,014713,,3,1,9,4000,0,3,5,,2,004,"HALCYON ROAD","MOUNTAIN VIEW ROAD",33.00,N,N,A,-,N,,,,,,,,,,Y,4,0,1,2,C,-,18,,,N,A,C,A,A,H,-,A,D,0,,,,,Y,,-,"- ",0,0,1,0,0,0,0,0,0,"- ","- ",35.083869934082031,-120.58970642089844,"SAN LUIS OBISPO",UNINCORPORATED,-120.58969879150391,35.083824157714844
91287497,2020,2020-08-17,9740,2020-08-07,2305,020710,,5,3,9,4000,0,1,2,,2,001,SR-58,"CARNAZA RD",80.00,W,N,A,-,Y,,,58,,,,,,,N,4,0,3,1,A,-,03,22350,,N,E,H,A,A,H,-,D,D,0,,,,,Y,,A,07,0,0,3,0,0,0,0,0,0,"- ","- ",35.387561798095703,-120.15544128417969,"SAN LUIS OBISPO",UNINCORPORATED,-120.15544128417969,35.387561798095703
91289553,2020,2020-08-20,9740,2020-08-14,1240,016816,,5,1,9,4000,0,1,2,,2,001,"US-101 NORTHBOUND","SANTA BARBARA RD",8976.00,S,N,A,-,Y,,,101,,,,,,N,Y,3,0,1,2,A,-,01,23152,A,F,B,I,A,A,H,-,A,D,0,,,,,Y,,A,01,0,1,0,0,0,0,0,0,0,"- ","- ",35.421089172363281,-120.63023376464844,"SAN LUIS OBISPO",UNINCORPORATED,-120.63032531738281,35.421043395996094
91289646,2020,2020-08-20,9745,2020-08-15,1635,020211,,6,2,9,4000,0,2,4,,1,048,"AVILA BEACH DRIVE","CAVE LANDING RD",792.00,W,N,A,-,N,,,,,,,,,,Y,4,0,1,1,A,-,08,22107,,N,E,I,A,A,H,-,A,D,0,,,,,Y,,A,01,0,0,1,0,0,0,0,0,0,"- ","- ",35.180561065673828,-120.72354888916016,"SAN LUIS OBISPO",UNINCORPORATED,-120.72404479980469,35.184864044189453
91290804,2020,2020-08-24,9740,2020-08-16,1450,021275,,7,2,9,4000,0,1,3,,2,005,"SR-58 W/B","CAMATTA CREEK RD",721.00,W,N,A,-,Y,,,58,,,,,,W,Y,3,0,2,1,A,-,08,22107,,N,E,I,A,A,H,-,A,D,0,,,,,Y,,D,22,0,1,1,0,0,0,0,0,0,"- ","- ",35.429599761962891,-120.289306640625,"SAN LUIS OBISPO",UNINCORPORATED,-120.2894287109375,35.429512023925781
91291063,2020,2020-08-24,9740,2020-08-17,0420,019700,,1,3,9,4000,0,1,3,,2,008,SR-46,"E. CENTRE STREET",2640.00,W,N,A,-,Y,,,46,,,,,,,Y,3,0,1,1,A,-,08,22107,,N,E,I,A,A,H,-,D,D,0,,,,,Y,,D,22,0,1,0,0,0,0,0,0,0,"- ","- ",35.662860870361328,-120.3626708984375,"SAN LUIS OBISPO",UNINCORPORATED,-120.36281585693359,35.663177490234375
91291862,2020,2020-08-25,9745,2020-08-15,2000,019809,,6,2,9,4000,0,3,5,,2,001,"TV TOWER RD","RT 101",6864.00,W,N,A,-,N,,,,,,,,,,Y,3,0,2,1,A,-,08,22107,,N,F,A,A,A,H,-,D,D,0,,,,,Y,,A,07,0,2,0,0,0,0,0,0,0,"- ","- ",35.346641540527344,-120.64420318603516,"SAN LUIS OBISPO",UNINCORPORATED,,
91292994,2020,2020-08-26,9750,2020-08-21,1650,017496,,5,2,9,4000,0,1,2,,2,111,"US-101 N/B","SR-166 EAST",700.00,S,N,A,-,Y,,,101,,,,,,N,Y,3,0,1,2,A,-,03,22350,,N,C,C,A,A,H,-,A,D,0,,,,,Y,,A,01,0,1,0,0,0,0,0,0,0,"- ","- ",34.993549346923828,-120.43417358398438,"SAN LUIS OBISPO",UNINCORPORATED,-120.43415832519531,34.993549346923828
91295376,2020,2020-08-28,9745,2020-08-21,1515,017817,,5,2,9,4000,0,1,2,,2,505,"US-101 N/B","VISTA DEL RIO",250.00,S,N,A,-,Y,,,101,,,,,,N,Y,4,0,1,2,A,-,03,22350,,N,C,C,A,A,H,-,A,D,0,,,,Y,Y,,A,07,0,0,1,0,0,0,0,0,0,"- ","- ",35.010360717773438,-120.45187377929688,"SAN LUIS OBISPO",UNINCORPORATED,-120.45181274414062,35.010467529296875
91296136,2020,2020-08-31,9745,2020-08-27,1135,016390,,4,1,9,4000,0,1,2,,2,505,"US-101 S/B","TEFFT STREET",3168.00,S,N,A,-,Y,,,101,,,,,,S,Y,4,0,1,2,A,-,03,22350,,N,C,C,A,A,H,-,A,D,0,,,,,Y,,A,01,0,0,1,0,0,0,0,0,0,"- ","- ",35.030189514160156,-120.47763061523438,"SAN LUIS OBISPO",UNINCORPORATED,-120.47760009765625,35.030220031738281
91298549,2020,2020-09-03,9745,2020-08-21,1923,017817,,5,2,9,4000,0,1,2,,1,101,"US-101 SOUTHBOUND","STAGE COACH RD.",0.00,,Y,A,-,Y,,,101,,,,,,S,Y,3,0,3,2,A,-,09,21801,A,N,D,C,A,A,H,-,B,D,0,,,,,Y,,A,07,0,3,0,0,0,0,0,0,0,"- ","- ",35.316890716552734,-120.62152862548828,"SAN LUIS OBISPO",UNINCORPORATED,-120.62149810791016,35.316879272460938
9129999,2020,2020-09-17,4006,2020-07-01,1358,62657,,3,5,4,4006,0,0,0,,0,,"S HIGUERA",PRADO,0.00,,Y,A,-,N,,,,,,,,,,Y,4,0,1,2,A,-,09,21801,A,N,A,C,A,A,H,-,A,A,0,,,,,Y,,A,01,0,0,1,0,0,0,0,0,0,"- ","- ",35.254661560058594,-120.66905975341797,"SAN LUIS OBISPO","SAN LUIS OBISPO",-120.66902160644531,35.254619598388672
91301606,2020,2020-09-09,9745,2020-09-01,1727,014910,,2,2,9,4000,0,2,4,,1,025,"LOS OSOS VALLEY ROAD","SOUTH BAY BLVD",18.00,E,N,A,-,N,,,,,,,,,,Y,3,0,1,2,A,-,01,23152,A,N,C,C,A,A,H,-,A,A,0,,,,,Y,Y,A,01,0,1,0,0,0,0,0,0,0,"- ","- ",35.3101806640625,-120.82530212402344,"SAN LUIS OBISPO",UNINCORPORATED,-120.82536315917969,35.310123443603516
91301814,2020,2020-09-14,9745,2020-08-31,1230,018454,,1,1,9,4000,0,2,4,,1,055,"TEFFT STREET","MARY AVE",440.00,W,N,A,-,N,,,,,,,,,,Y,4,0,2,2,D,-,00,,,N,A,C,A,A,H,-,A,D,0,,,,,Y,,-,"- ",0,0,2,0,0,0,0,0,0,"- ","- ",35.034969329833984,-120.48796844482422,"SAN LUIS OBISPO",UNINCORPORATED,-120.48784637451172,35.035060882568359
91304195,2020,2020-09-14,9740,2020-09-05,2140,020057,,6,2,9,4000,0,3,5,,2,022,"ADELAIDA RD","TOYON WAY",15.00,W,N,A,-,N,,,,,,,,,,Y,3,0,1,1,C,-,18,,,N,E,J,A,A,H,-,D,D,0,,,,,Y,,-,"- ",0,1,0,0,0,0,0,0,0,"- ","- ",35.640628814697266,-120.86267852783203,"SAN LUIS OBISPO",UNINCORPORATED,-120.86246490478516,35.640632629394531
91304275,2020,2020-09-14,9745,2020-09-12,1140,017151,,6,1,9,4000,0,3,5,,2,002,"SOUTH BAY BLVD","LOS OSOS VALLEY RD",30.00,N,N,B,-,N,,,,,,,,,,N,4,0,1,2,A,-,03,22350,,N,C,C,A,A,H,-,A,D,0,,,,,Y,,A,01,0,0,1,0,0,0,0,0,0,"- ","- ",35.310100555419922,-120.82530212402344,"SAN LUIS OBISPO",UNINCORPORATED,-120.82536315917969,35.310222625732422
91307205,2020,2020-09-18,9740,2020-09-11,0925,019800,,5,1,9,4000,0,1,2,,2,002,"US-101 S/B","SAN ANSELMO RD",35.00,S,N,A,-,Y,,,,,,,,,,Y,2,0,1,1,A,-,08,22107,,N,F,A,A,A,H,-,A,D,0,,,Y,,Y,,C,02,1,0,0,0,0,0,0,0,1,"- ","- ",35.497051239013672,-120.68309020996094,"SAN LUIS OBISPO",UNINCORPORATED,,
91307266,2020,2020-09-18,9740,2020-09-15,1145,017426,,2,1,9,4000,0,1,3,,1,009,SR-46,SR-41,0.00,,Y,A,-,Y,,,46,,,,,,,Y,3,0,1,2,A,-,09,21801,A,N,D,C,A,A,H,-,A,A,0,,,,,Y,,A,01,0,1,0,0,0,0,0,0,0,"- ","- ",35.734508514404297,-120.28443145751953,"SAN LUIS OBISPO",UNINCORPORATED,-120.284423828125,35.734474182128906
91308215,2020,2020-09-21,9745,2020-09-13,1146,018009,,7,1,9,4000,0,2,4,,1,048,"AVILA BEACH DRIVE","SAN JUAN ST",0.00,,Y,A,-,N,,,,,,,,,,Y,3,0,3,2,A,-,09,21801,A,N,D,C,A,A,H,-,A,A,0,,,,,Y,Y,A,07,0,2,1,0,0,0,0,0,0,"- ","- ",35.180469512939453,-120.73592376708984,"SAN LUIS OBISPO",UNINCORPORATED,-120.73605346679688,35.180488586425781
9130841,2020,2020-10-05,4006,2020-07-11,1130,68370,,6,5,4,4006,0,0,0,,0,,FOOTHILL,"SANTA ROSA",0.00,,Y,A,-,N,,,,,,,,,,N,4,0,1,2,A,-,04,21703,,N,C,C,A,A,H,-,A,A,0,,,,,Y,,A,07,0,0,1,0,0,0,0,0,0,"- ","- ",35.293979644775391,-120.66812896728516,"SAN LUIS OBISPO","SAN LUIS OBISPO",-120.66806030273438,35.294071197509766
91313619,2020,2020-09-28,9745,2020-09-16,1628,017151,,3,2,9,4000,0,1,2,,2,303,"US-101 SOUTHBOUND","AVILA BEACH DRIVE",500.00,N,N,B,-,Y,,,101,,,,,,S,Y,4,0,1,2,A,-,07,21658,A,N,B,C,A,A,H,-,A,D,0,,,,Y,Y,,F,55,0,0,1,0,0,0,0,0,0,"- ","- ",35.182758331298828,-120.70127868652344,"SAN LUIS OBISPO",UNINCORPORATED,-120.70143127441406,35.182723999023438
91315915,2020,2020-10-01,9745,2020-09-27,0648,018009,,7,1,9,4000,0,1,2,,2,505,"U.S. 101 NORTHBOUND","LAETITIA VINYARD",1584.00,S,N,A,-,Y,,,,,,,,,,Y,4,0,1,1,A,-,08,22107,,N,E,I,A,A,H,-,A,D,0,,,,,Y,,A,01,0,0,1,0,0,0,0,0,0,"- ","- ",35.086639404296875,-120.53330230712891,"SAN LUIS OBISPO",UNINCORPORATED,-120.53335571289062,35.086742401123047
91318615,2020,2020-10-06,9745,2020-09-28,1315,018009,,1,1,9,4000,0,1,2,,1,101,"U.S. 101 NORTHBOUND","TV TOWER RD",400.00,S,N,A,-,Y,,,,,,,,,,Y,4,0,1,2,A,-,03,22350,,N,C,C,A,A,H,-,A,D,0,,,,,Y,,A,01,0,0,1,0,0,0,0,0,0,"- ","- ",35.349361419677734,-120.63108825683594,"SAN LUIS OBISPO",UNINCORPORATED,,
91319283,2020,2020-10-07,9745,2020-09-26,2320,020417,,6,3,9,4000,0,2,4,,1,052,"THOMPSON AVE.","POAGUE RD.",531.00,N,N,B,-,N,,,,,,,,,,Y,2,0,2,2,A,-,03,22350,,F,C,C,A,A,H,-,D,D,0,,,,,Y,,A,07,1,1,0,0,0,0,0,0,0,"- ","- ",35.01824951171875,-120.45229339599609,"SAN LUIS OBISPO",UNINCORPORATED,-120.45230865478516,35.018150329589844
91320158,2020,2020-10-08,9745,2020-10-04,1530,020689,,7,2,9,4000,0,2,4,,1,048,"AVILA BEACH DRIVE","BABE LN",700.00,W,N,A,-,N,,,,,,,,,,N,4,0,1,1,A,-,08,22107,,N,F,A,A,A,H,-,A,D,0,,,Y,,Y,,C,02,0,0,1,0,0,0,0,0,1,"- ","- ",35.17559814453125,-120.75360107421875,"SAN LUIS OBISPO",UNINCORPORATED,-120.75372314453125,35.1756591796875
91322012,2020,2020-10-12,9745,2020-10-10,1625,019809,,6,2,2,4005,0,1,2,,2,404,"US 101 S/B","SPYGLASS DR",2112.00,S,N,A,-,Y,,,,,,,,,,N,4,0,1,2,A,-,03,22350,,N,C,C,A,A,H,-,A,D,0,,,,,Y,,A,01,0,0,1,0,0,0,0,0,0,"- ","- ",35.161911010742188,-120.68235778808594,"SAN LUIS OBISPO","PISMO BEACH",-120.68104553222656,35.161384582519531
91324780,2020,2020-10-15,9745,2020-10-14,0610,016390,,3,1,9,4000,0,3,5,,2,005,"ORCHARD ROAD","FAITH PLACE",325.00,N,N,A,-,N,,,,,,,,,,Y,2,0,1,1,C,-,18,,,N,E,J,A,A,C,-,D,D,0,,,,,Y,,-,"- ",1,0,0,0,0,0,0,0,0,"- ","- ",35.011859893798828,-120.47286987304688,"SAN LUIS OBISPO",UNINCORPORATED,-120.46775817871094,35.008613586425781
91325300,2020,2020-10-16,9740,2020-10-10,0523,021275,,6,3,4,4008,0,1,2,,2,001,"US-101 SOUTHBOUND","SANTA ROSA RD",4858.00,S,N,A,-,Y,,,101,,,,,,S,Y,3,0,1,1,A,-,03,22350,,N,E,H,A,A,H,-,D,D,0,,,,,Y,,D,22,0,1,0,0,0,0,0,0,0,"- ","- ",35.454509735107422,-120.64250946044922,"SAN LUIS OBISPO",ATASCADERO,-120.64253234863281,35.454494476318359
91327701,2020,2020-10-21,9740,2020-10-09,1650,019648,,5,2,3,4004,0,1,2,,2,003,"US-101 NORTHBOUND","NIBLICK ROAD",2112.00,S,N,A,-,Y,,,101,,,,,,N,N,4,0,1,2,A,-,03,22350,,N,C,C,A,A,H,-,A,D,0,,,,,Y,,A,01,0,0,1,0,0,0,0,0,0,"- ","- ",35.610008239746094,-120.69187927246094,"SAN LUIS OBISPO","PASO ROBLES",-120.69147491455078,35.609893798828125
9132911,2020,2020-09-17,4008,2020-07-22,1141,3125,,3,5,4,4008,0,0,0,,0,,"MORRO RD","OLD MORRO RD W",2481.00,W,N,A,-,Y,SLO,5,41,-,-,13.800,H,-,N,Y,4,0,1,1,A,-,08,22107,,N,F,A,A,A,H,-,A,D,0,,,,,Y,,A,01,0,0,1,0,0,0,0,0,0,"- ","- ",35.459300994873047,-120.68189239501953,"SAN LUIS OBISPO",ATASCADERO,-120.68101501464844,35.459087371826172
91332382,2020,2020-10-27,9745,2020-10-18,0002,017817,,7,3,9,4000,0,2,4,,1,055,"S. MESA RD.","TEFFT ST.",0.00,,Y,A,-,N,,,,,,,,,,Y,4,0,1,3,A,-,12,22450,A,N,D,C,A,A,H,-,C,A,0,,,,,Y,,A,07,0,0,1,0,0,0,0,0,0,"- ","- ",35.024700164794922,-120.49852752685547,"SAN LUIS OBISPO",UNINCORPORATED,-120.49846649169922,35.024688720703125
91333952,2020,2020-10-29,9745,2020-10-22,1550,017151,,4,2,9,4000,0,2,4,,1,025,"LOS OSOS VALLEY RD","FOOTHILL BLVD",500.00,E,N,B,-,N,,,,,,,,,,Y,3,0,1,2,A,-,03,22350,,N,C,C,A,A,H,-,A,D,0,,,,,Y,,A,01,0,1,0,0,0,0,0,0,0,"- ","- ",35.275299072265625,-120.71019744873047,"SAN LUIS OBISPO",UNINCORPORATED,-120.71051788330078,35.275596618652344
91335975,2020,2020-10-30,9740,2020-10-29,1450,020057,,4,2,3,4004,0,1,2,,2,003,"US-101 N/B TO S. SPRING ST.","NIBLICK RD.",2000.00,S,N,A,-,Y,,,101,,,,R,,N,Y,4,0,1,2,A,-,03,22350,,N,C,C,A,A,H,-,A,D,0,,,,,Y,,A,07,0,0,1,0,0,0,0,0,0,"- ","- ",35.609310150146484,-120.69135284423828,"SAN LUIS OBISPO","PASO ROBLES",-120.69135284423828,35.609310150146484
91336859,2020,2020-11-02,9745,2020-10-23,0150,017061,,5,3,9,4000,0,3,5,,2,004,"PRINTZ RD","NOYES RD",0.00,,Y,A,-,N,,,,,,,,,,Y,3,0,2,1,A,-,03,22350,,N,E,I,A,A,H,-,D,A,0,,,,,Y,,A,01,0,1,1,0,0,0,0,0,0,"- ","- ",35.148239135742188,-120.58931732177734,"SAN LUIS OBISPO",UNINCORPORATED,-120.58895874023438,35.148361206054688
91337036,2020,2020-11-02,9745,2020-10-31,1610,020689,,6,2,9,4000,0,3,5,,2,004,"HALCYON RD","MOUNTAIN VIEW RD.",600.00,N,N,A,-,N,,,,,,,,,,Y,3,0,1,1,A,-,01,23152,A,N,E,I,A,A,H,-,A,D,0,,,,,Y,Y,D,22,0,1,0,0,0,0,0,0,0,"- ","- ",35.085098266601562,-120.5906982421875,"SAN LUIS OBISPO",UNINCORPORATED,-120.59082794189453,35.085071563720703
91337792,2020,2020-11-03,9745,2020-10-25,1534,020417,,7,2,9,4000,0,2,4,,1,048,"AVILA BEACH DR.","ONTARIO RD.",900.00,W,N,B,-,N,,,,,,,,,,Y,3,0,1,2,A,-,03,22350,,N,C,C,A,A,H,-,A,D,0,,,,,Y,,A,01,0,1,0,0,0,0,0,0,0,"- ","- ",35.182350158691406,-120.70693206787109,"SAN LUIS OBISPO",UNINCORPORATED,-120.70662689208984,35.182285308837891
91340442,2020,2020-11-05,9740,2020-10-31,0127,019259,,6,3,9,4000,0,1,2,,2,004,"US-101 NORTHBOUND","SAN MARCOS RD",2640.00,N,N,A,-,Y,,,101,,,,,,N,Y,4,0,1,1,A,-,08,22107,,N,F,A,A,A,H,-,D,D,0,,,,,Y,,D,22,0,0,1,0,0,0,0,0,0,"- ","- ",35.730018615722656,-120.70102691650391,"SAN LUIS OBISPO",UNINCORPORATED,-120.70096588134766,35.730033874511719
91343711,2020,2020-11-12,9745,2020-11-05,1740,018454,,4,2,3,4001,0,1,2,,2,402,"US-101 SOUTHBOUND","EL CAMPO RD",2640.00,N,N,A,-,Y,,,101,,,,,,S,N,4,0,1,2,A,-,03,22350,,N,C,C,A,A,H,-,D,D,0,,,,,Y,,A,01,0,0,1,0,0,0,0,0,0,"- ","- ",35.114151000976562,-120.57038879394531,"SAN LUIS OBISPO","ARROYO GRANDE",-120.57040405273438,35.114131927490234
91351331,2020,2020-11-23,9740,2020-11-15,1800,020710,,7,2,9,4000,0,3,5,,2,017,"LA PANZA ROAD","JOAQUIN WAY",6600.00,E,N,A,-,N,,,,,,,,,,Y,4,0,1,1,C,-,18,,,N,E,H,A,A,H,-,D,D,0,,,,,Y,,-,"- ",0,0,1,0,0,0,0,0,0,"- ","- ",35.488010406494141,-120.43376159667969,"SAN LUIS OBISPO",UNINCORPORATED,-120.43462371826172,35.488479614257812
91353732,2020,2020-11-25,9740,2020-11-14,2310,019648,,6,3,9,4000,0,1,3,,2,008,SR-46,"SHIMMINS CANYON ROAD",46.00,W,N,A,-,Y,,,46,,,,,,,Y,4,0,1,2,A,-,01,23152,A,N,A,C,A,A,H,-,D,D,0,,,,,Y,Y,A,01,0,0,1,0,0,0,0,0,0,"- ","- ",35.659969329833984,-120.46546173095703,"SAN LUIS OBISPO",UNINCORPORATED,-120.46544647216797,35.659702301025391
91356743,2020,2020-12-01,9740,2020-11-22,1618,021275,,7,2,9,4000,0,1,2,,2,003,"US-101 NORTHBOUND","13TH ST",1500.00,N,N,A,-,Y,,,,,,,,,,Y,3,0,1,1,A,-,08,22107,,N,E,I,A,A,H,-,A,D,0,,,,,Y,,A,01,0,1,0,0,0,0,0,0,0,"- ","- ",35.632400512695312,-120.6864013671875,"SAN LUIS OBISPO",UNINCORPORATED,-120.68638610839844,35.632114410400391
9135729,2020,2020-09-16,4005,2020-07-07,1940,P081,3,2,5,2,4005,0,0,0,,0,,"SHELL BEACH RD","VISTA DEL MAR",10.00,N,N,A,-,N,,,,,,,,,,Y,4,0,2,1,A,-,08,22107,,N,E,I,A,A,D,-,A,D,0,,,,,Y,,A,01,0,0,2,0,0,0,0,0,0,"- ","- ",,,"SAN LUIS OBISPO","PISMO BEACH",-120.67626190185547,35.159290313720703