CASE_ID,ACCIDENT_YEAR,PROC_DATE,JURIS,COLLISION_DATE,COLLISION_TIME,OFFICER_ID,REPORTING_DISTRICT,DAY_OF_WEEK,CHP_SHIFT,POPULATION,CNTY_CITY_LOC,SPECIAL_COND,BEAT_TYPE,CHP_BEAT_TYPE,CITY_DIVISION_LAPD,CHP_BEAT_CLASS,BEAT_NUMBER,PRIMARY_RD,SECONDARY_RD,DISTANCE,DIRECTION,INTERSECTION,WEATHER_1,WEATHER_2,STATE_HWY_IND,CALTRANS_COUNTY,CALTRANS_DISTRICT,STATE_ROUTE,ROUTE_SUFFIX,POSTMILE_PREFIX,POSTMILE,LOCATION_TYPE,RAMP_INTERSECTION,SIDE_OF_HWY,TOW_AWAY,COLLISION_SEVERITY,NUMBER_KILLED,NUMBER_INJURED,PARTY_COUNT,PRIMARY_COLL_FACTOR,PCF_CODE_OF_VIOL,PCF_VIOL_CATEGORY,PCF_VIOLATION,PCF_VIOL_SUBSECTION,HIT_AND_RUN,TYPE_OF_COLLISION,MVIW,PED_ACTION,ROAD_SURFACE,ROAD_COND_1,ROAD_COND_2,LIGHTING,CONTROL_DEVICE,CHP_ROAD_TYPE,PEDESTRIAN_ACCIDENT,BICYCLE_ACCIDENT,MOTORCYCLE_ACCIDENT,TRUCK_ACCIDENT,NOT_PRIVATE_PROPERTY,ALCOHOL_INVOLVED,STWD_VEHTYPE_AT_FAULT,CHP_VEHTYPE_AT_FAULT,COUNT_SEVERE_INJ,COUNT_VISIBLE_INJ,COUNT_COMPLAINT_PAIN,COUNT_PED_KILLED,COUNT_PED_INJURED,COUNT_BICYCLIST_KILLED,COUNT_BICYCLIST_INJURED,COUNT_MC_KILLED,COUNT_MC_INJURED,PRIMARY_RAMP,SECONDARY_RAMP,LATITUDE,LONGITUDE,COUNTY,CITY,POINT_X,POINT_Y
91449539,2021,2021-04-13,9745,2021-04-11,0330,017541,,7,3,9,4000,0,1,2,,1,101,"US-101 SOUTHBOUND","CUESTA SPRINGS RD",500.00,S,N,A,-,Y,,,101,,,,,,S,Y,4,0,1,1,A,-,08,22107,,N,E,I,A,A,H,-,D,D,0,,,,,Y,,A,01,0,0,1,0,0,0,0,0,0,"- ","- ",35.348201751708984,-120.63034057617188,"SAN LUIS OBISPO",UNINCORPORATED,-120.63040161132812,35.348148345947266
91451983,2021,2021-04-16,9740,2021-04-10,1745,019800,,6,2,4,4008,0,1,2,,2,001,"US-101 SOUTHBOUND","CURBARIL AVE",528.00,N,N,A,-,Y,,,101,,,,,,S,Y,4,0,1,2,A,-,03,22350,,M,C,C,A,A,H,-,A,D,0,,,,,Y,,D,22,0,0,1,0,0,0,0,0,0,"- ","- ",35.479621887207031,-120.66007995605469,"SAN LUIS OBISPO",ATASCADERO,-120.66007232666016,35.479625701904297
91453082,2021,2021-04-19,9745,2021-04-14,0642,017151,,3,1,2,4005,0,1,2,,2,404,"US-101 NORTHBOUND","PRICE ST.",1584.00,S,N,A,-,Y,,,101,,,,,,N,Y,4,0,1,1,A,-,08,22107,,N,E,I,A,A,H,-,D,D,0,,,,,Y,,A,01,0,0,1,0,0,0,0,0,0,"- ","- ",35.138690948486328,-120.63214111328125,"SAN LUIS OBISPO","PISMO BEACH",-120.63214874267578,35.138652801513672
91456456,2021,2021-04-22,9740,2021-04-12,1223,019259,,1,1,9,4000,0,1,3,,2,008,"SR-46 W/B","UNION RD",0.00,,Y,A,-,Y,,,46,,,,,,W,Y,3,0,3,2,A,-,01,23152,A,N,D,C,A,A,H,-,A,A,0,,,,,Y,Y,A,01,0,3,0,0,0,0,0,0,0,"- ","- ",35.655731201171875,-120.53382873535156,"SAN LUIS OBISPO",UNINCORPORATED,-120.53395843505859,35.655372619628906
9146016,2020,2020-09-30,4006,2020-07-25,2026,98539,,6,5,4,4006,0,0,0,,0,,JOHNSON,LAUREL,0.00,,Y,A,-,N,,,,,,,,,,Y,2,0,2,2,A,-,09,21801,A,N,D,C,A,A,H,-,C,A,0,,,,,Y,,-,,1,1,0,0,0,0,0,0,0,"- ","- ",35.268341064453125,-120.63839721679688,"SAN LUIS OBISPO","SAN LUIS OBISPO",-120.63838958740234,35.268348693847656
91460209,2021,2021-04-28,9745,2021-04-24,0825,018454,,6,1,9,4000,0,1,2,,1,101,"US-101 S/B","TV TOWER RD",2112.00,S,N,B,-,Y,,,101,,,,,,S,Y,4,0,1,1,A,-,08,22107,,N,E,I,A,A,H,-,A,D,0,,,,,Y,,A,01,0,0,1,0,0,0,0,0,0,"- ","- ",35.341381072998047,-120.62769317626953,"SAN LUIS OBISPO",UNINCORPORATED,-120.62763214111328,35.341377258300781
91466529,2021,2021-05-05,9740,2021-05-03,1345,018988,,1,1,4,4008,0,1,2,,2,002,"US-101 NORTHBOUND","SAN ANSELMO RD",300.00,N,N,A,-,Y,,,101,,,,,,N,N,4,0,1,2,C,-,18,,,N,E,J,A,A,H,-,A,D,0,,,,Y,Y,,-,"- ",0,0,1,0,0,0,0,0,0,"- ","- ",35.4976806640625,-120.68374633789062,"SAN LUIS OBISPO",ATASCADERO,-120.68376159667969,35.497657775878906
91468691,2021,2021-05-10,9740,2021-04-30,1542,021275,,5,2,9,4000,0,3,5,,2,024,"DREYDON AVE","MELROSE AVE",0.00,,Y,A,-,N,,,,,,,,,,N,2,0,1,2,A,-,13,22515,B,N,E,I,A,A,H,-,A,D,0,,,,,Y,,A,08,1,0,0,0,0,0,0,0,0,"- ","- ",35.547489166259766,-121.08338165283203,"SAN LUIS OBISPO",UNINCORPORATED,-121.08332061767578,35.547515869140625
91470537,2021,2021-10-19,9745,2021-05-01,0630,017541,,6,1,9,4000,0,3,5,,2,005,"DIVISION STREET","BONITA SCHOOL ROAD",2112.00,E,N,A,-,N,,,,,,,,,,Y,3,0,2,2,A,-,06,21750,,N,D,C,A,A,H,-,A,D,0,,,,,Y,,A,01,0,1,1,0,0,0,0,0,0,"- ","- ",35.004920959472656,-120.51130676269531,"SAN LUIS OBISPO",UNINCORPORATED,-120.51206970214844,35.004806518554688
91471133,2021,2021-05-12,9740,2021-05-11,1625,018988,,2,2,9,4000,0,3,5,,2,022,"KILER CANYON RD","VINE ST",528.00,W,N,A,-,N,,,,,,,,,,Y,4,0,1,1,A,-,03,22350,,N,E,I,A,A,H,-,A,D,0,,,,,Y,,A,01,0,0,1,0,0,0,0,0,0,"- ","- ",35.613269805908203,-120.69418334960938,"SAN LUIS OBISPO",UNINCORPORATED,-120.69428253173828,35.613292694091797
91475463,2021,2021-05-18,9745,2021-05-10,1745,017151,,1,2,9,4000,0,1,2,,1,101,"US-101 NORTHBOUND","TASSAJARA CREEK ROAD",80.00,N,N,A,-,Y,,,101,,,,,,N,Y,3,0,1,1,A,-,01,23152,F,N,E,I,A,A,H,-,A,D,0,,,,,Y,,A,01,0,1,0,0,0,0,0,0,0,"- ","- ",35.370250701904297,-120.64108276367188,"SAN LUIS OBISPO",UNINCORPORATED,-120.64105224609375,35.370243072509766
91475942,2021,2021-05-18,9745,2021-05-11,1450,017097,,2,2,3,4001,0,1,2,,2,402,"US-101 N/B TO GRAND AVE.","GRAND AVE",240.00,S,N,A,-,Y,,,101,,,,R,,N,Y,2,0,1,2,A,-,08,22107,,N,F,A,A,A,H,-,A,D,0,,,Y,,Y,,C,02,1,0,0,0,0,0,0,0,1,"- ","- ",35.121158599853516,-120.58219909667969,"SAN LUIS OBISPO","ARROYO GRANDE",-120.58219909667969,35.121158599853516
9147882,2020,2020-10-20,4004,2020-08-31,0803,1349,,1,5,3,4004,0,0,0,,0,,"24TH ST","RIVERSIDE AV",0.00,,Y,A,-,N,,,,,,,,,,N,4,0,1,2,A,-,12,21453,A,N,D,C,A,A,H,-,A,A,0,,,,,Y,,D,22,0,0,1,0,0,0,0,0,0,"- ","- ",35.639801025390625,-120.68814849853516,"SAN LUIS OBISPO","PASO ROBLES",-120.68810272216797,35.639789581298828
91480453,2021,2021-05-27,9740,2021-05-19,2049,018069,,3,2,9,4000,0,1,3,,1,009,SR-46,SR-41,0.00,,Y,A,-,Y,,,46,,,,,,,Y,3,0,1,2,A,-,09,21801,A,N,D,C,A,A,H,-,C,A,0,,,,,Y,,A,01,0,1,0,0,0,0,0,0,0,"- ","- ",35.734428405761719,-120.28453063964844,"SAN LUIS OBISPO",UNINCORPORATED,-120.28453826904297,35.734455108642578
91480456,2021,2021-05-27,9745,2021-05-22,2015,020211,,6,2,2,4005,0,1,2,,2,404,"US-101 NORTHBOUND","SPYGLASS DRIVE",250.00,N,N,A,-,Y,,,101,,,,,,N,Y,2,0,2,2,A,-,07,21658,A,N,F,8,A,A,H,-,D,D,0,,,,,Y,,A,07,1,1,0,0,0,0,0,0,0,"- ","- ",35.164669036865234,-120.68784332275391,"SAN LUIS OBISPO","PISMO BEACH",-120.68778991699219,35.16473388671875
91482887,2021,2021-05-27,9745,2021-05-23,1020,018454,,7,1,9,4000,0,2,S,,2,054,"LOPEZ DR","HUASNA RD",50.00,E,N,A,-,N,,,,,,,,,,N,3,0,1,1,A,-,03,22350,,N,E,I,A,A,H,-,A,D,0,,,Y,,Y,,C,02,0,1,0,0,0,0,0,0,1,"- ","- ",35.139560699462891,-120.54704284667969,"SAN LUIS OBISPO",UNINCORPORATED,-120.54707336425781,35.139408111572266
91483169,2021,2021-05-27,9740,2021-05-21,0835,017498,,5,1,9,4000,0,1,3,,2,011,SR-46W,"ARBOR RD",792.00,W,N,A,-,Y,,,46,,,,,,,Y,3,0,1,2,A,-,08,22107,,N,A,C,A,A,H,-,A,D,0,,,,,Y,,D,22,0,1,0,0,0,0,0,0,0,"- ","- ",35.584671020507812,-120.71138000488281,"SAN LUIS OBISPO",UNINCORPORATED,-120.71138763427734,35.584705352783203
9148329,2020,2020-10-22,4002,2020-08-27,1623,721,,4,5,3,4002,0,0,0,,0,,"W GRAND AV","N 7TH ST",0.00,,Y,A,-,N,,,,,,,,,,N,4,0,1,2,-,-,"- ",,,N,C,C,A,A,H,-,A,D,0,,,,,Y,,D,22,0,0,1,0,0,0,0,0,0,"- ","- ",,,"SAN LUIS OBISPO","GROVER BEACH",-120.62271881103516,35.121608734130859
91483419,2021,2021-05-27,9745,2021-05-22,2035,020689,,6,2,9,4000,0,2,4,,1,048,"AVILA BEACH DRIVE","DIABLO CANYON RD",1056.00,S,N,A,-,N,,,,,,,,,,Y,4,0,1,2,A,-,08,22107,,N,C,E,A,A,H,-,C,D,0,,,,,Y,,D,22,0,0,1,0,0,0,0,0,0,"- ","- ",35.172019958496094,-120.75653839111328,"SAN LUIS OBISPO",UNINCORPORATED,-120.75642395019531,35.172370910644531
91483435,2021,2021-05-27,9745,2021-05-13,1545,017817,,4,2,2,4005,0,1,2,,2,404,"US-101 SOUTHBOUND SOUTH OF MATTIE RD.","MATTIE RD.",1900.00,S,N,A,-,Y,,,101,,,,R,,S,Y,4,0,1,2,A,-,03,22350,,N,C,C,A,A,H,-,A,D,0,,,,,Y,,A,07,0,0,1,0,0,0,0,0,0,"- ","- ",35.148681640625,-120.6488037109375,"SAN LUIS OBISPO","PISMO BEACH",-120.6488037109375,35.148681640625
91488937,2021,2021-10-06,9745,2021-05-25,1245,016390,,2,1,9,4000,0,3,5,,2,004,"S. HALCYON ROAD","MOUNTAIN VIEW ROAD",650.00,N,N,A,-,N,,,,,,,,,,Y,2,0,2,2,A,-,01,23153,A,N,B,C,A,A,H,-,A,D,0,,,,,Y,Y,A,07,1,1,0,0,0,0,0,0,0,"- ","- ",35.085281372070312,-120.59101104736328,"SAN LUIS OBISPO",UNINCORPORATED,-120.59092712402344,35.085182189941406
91492262,2021,2021-06-08,9745,2021-05-31,2142,020226,,1,2,9,4000,0,3,5,,2,004,"BONITA SCHOOL ROAD","DIVISION STREET",0.00,,Y,A,-,N,,,,,,,,,,Y,3,0,1,1,A,-,01,23152,A,N,E,I,A,A,H,-,D,D,0,,,,,Y,Y,A,01,0,1,0,0,0,0,0,0,0,"- ","- ",35.003631591796875,-120.51902008056641,"SAN LUIS OBISPO",UNINCORPORATED,-120.51895141601562,35.003547668457031
91492428,2021,2021-06-08,9740,2021-06-01,1658,020710,,2,2,4,4008,0,1,2,,2,002,"US-101 SOUTHBOUND","DEL RIO RD",1450.00,S,N,A,-,Y,,,101,,,,,,S,Y,4,0,3,2,A,-,03,22350,,N,C,C,A,A,H,-,A,D,0,,,,,Y,,A,01,0,0,3,0,0,0,0,0,0,"- ","- ",35.509731292724609,-120.69698333740234,"SAN LUIS OBISPO",ATASCADERO,-120.69708251953125,35.509658813476562
91494817,2021,2021-06-11,9745,2021-06-06,1800,020689,,7,2,9,4000,0,3,5,,2,004,"SILVER SPUR PL","22ND ST",30.00,E,N,A,-,N,,,,,,,,,,Y,4,0,2,1,A,-,12,22450,A,N,E,I,A,A,H,-,A,A,0,,,,,Y,,A,01,0,0,2,0,0,0,0,0,0,"- ","- ",35.094100952148438,-120.60736083984375,"SAN LUIS OBISPO",UNINCORPORATED,-120.60739898681641,35.094158172607422
91494974,2021,2021-06-11,9745,2021-06-08,2050,017097,,2,2,9,4000,0,2,S,,2,054,"LOPEZ DR.","ORCUTT RD",150.00,W,N,A,-,N,,,,,,,,,,N,4,0,3,2,A,-,03,22350,,N,C,C,A,A,H,-,D,D,0,,,,,Y,,A,07,0,0,3,0,0,0,0,0,0,"- ","- ",35.171981811523438,-120.53011322021484,"SAN LUIS OBISPO",UNINCORPORATED,-120.53018951416016,35.172126770019531
91496632,2021,2021-06-14,9740,2021-06-07,1540,020302,,1,2,9,4000,0,3,5,,2,017,"MAIN ST","5TH ST",0.00,,Y,A,-,N,,,,,,,,,,Y,2,0,1,2,A,-,01,23152,A,N,D,C,A,A,H,-,A,D,0,,,Y,,Y,Y,C,02,1,0,0,0,0,0,0,0,1,"- ","- ",35.548969268798828,-120.70565795898438,"SAN LUIS OBISPO",UNINCORPORATED,-120.70564270019531,35.548992156982422
91496695,2021,2021-06-14,9745,2021-05-20,1805,017968,,4,2,4,4006,0,2,S,,2,901,"PACIFIC STREET","OSOS STREET",0.00,,Y,A,-,N,,,,,,,,,,Y,4,0,2,1,A,-,01,23152,F,N,E,I,A,A,H,-,A,A,0,,,,,Y,,A,01,0,0,2,0,0,0,0,0,0,"- ","- ",35.279659271240234,-120.65931701660156,"SAN LUIS OBISPO","SAN LUIS OBISPO",-120.65946197509766,35.279640197753906
9149751,2020,2020-11-25,4008,2020-08-15,0926,3125,,6,5,4,4008,0,0,0,,0,,"SAN RAMON RD","RT 101",45.00,N,N,A,-,Y,SLO,5,101,-,-,49.300,R,1,S,N,2,0,2,2,A,-,09,21801,A,N,H,G,A,A,H,-,A,D,0,,Y,,,Y,,D,22,1,0,1,0,0,0,2,0,0,"- ",SO,35.52655029296875,-120.7047119140625,"SAN LUIS OBISPO",ATASCADERO,-120.70458984375,35.526237487792969
91498511,2021,2021-06-16,9745,2021-06-12,2005,020226,,6,2,9,4000,0,1,3,,1,021,"STATE ROUTE 1","SAN GERONIMO ROAD",3490.00,N,N,A,-,Y,,,1,,,,,,,Y,3,0,1,1,A,-,08,22107,,N,E,I,A,A,H,-,B,D,0,,,,,Y,,A,01,0,1,0,0,0,0,0,0,0,"- ","- ",35.451580047607422,-120.94438934326172,"SAN LUIS OBISPO",UNINCORPORATED,-120.94441986083984,35.451480865478516
91501659,2021,2021-06-21,9745,2021-06-15,0845,017541,,2,1,9,4000,0,2,4,,1,055,"TEFFT STREET","BLUME ST",0.00,,Y,A,-,N,,,,,,,,,,Y,3,0,2,2,A,-,09,21801,A,N,D,C,A,A,H,-,A,D,0,,,,,Y,,A,07,0,2,0,0,0,0,0,0,0,"- ","- ",35.033798217773438,-120.48986053466797,"SAN LUIS OBISPO",UNINCORPORATED,-120.48992919921875,35.033878326416016
91502066,2021,2021-06-21,9740,2021-06-19,1713,020057,,6,2,9,4000,0,1,3,,2,008,SR-46,"CHOLAME VALLEY RD",5280.00,W,N,A,-,Y,,,46,,,,,,,Y,4,0,1,2,A,-,09,21801,A,N,E,I,A,A,H,-,A,D,0,,,,,Y,,A,01,0,0,1,0,0,0,0,0,0,"- ","- ",35.722850799560547,-120.29720306396484,"SAN LUIS OBISPO",UNINCORPORATED,-120.29708862304688,35.722782135009766
91504638,2021,2021-06-23,9745,2021-06-18,1545,017817,,5,2,9,4000,0,1,3,,1,032,SR-227,"CRESTMONT DR",450.00,N,N,A,-,Y,,,227,,,,,,,Y,4,0,1,3,A,-,03,22350,,N,C,C,A,A,H,-,A,D,0,,,,,Y,,D,22,0,0,1,0,0,0,0,0,0,"- ","- ",35.226001739501953,-120.62692260742188,"SAN LUIS OBISPO",UNINCORPORATED,-120.62689971923828,35.22601318359375
91505188,2021,2021-06-24,9740,2021-06-22,1920,020302,,2,2,9,4000,0,3,5,,2,019,"TIELO ST","BONITA PL",0.00,,Y,A,-,N,,,,,,,,,,N,4,0,1,2,A,-,12,22450,A,N,H,G,A,A,H,-,A,A,0,,Y,,,Y,,L,04,0,0,1,0,0,0,1,0,0,"- ","- ",35.756801605224609,-120.69293212890625,"SAN LUIS OBISPO",UNINCORPORATED,-120.69287109375,35.756809234619141
91508948,2021,2021-06-29,9745,2021-06-26,1945,019070,,6,2,9,4000,0,2,4,,1,026,"PERFUMO CANYON ROAD","SEE CANYON ROAD",72.00,N,N,A,-,N,,,,,,,,,,Y,2,0,3,1,A,-,08,22107,,N,F,A,A,A,G,-,B,D,0,,,,,Y,,A,01,1,0,2,0,0,0,0,0,0,"- ","- ",35.242050170898438,-120.77789306640625,"SAN LUIS OBISPO",UNINCORPORATED,-120.77767944335938,35.242225646972656
9151013,2020,2020-10-19,4006,2020-08-29,1500,20008,SLO,6,5,4,4006,0,0,0,,0,,HIGUERA,SOUTH,226.00,S,N,A,-,N,,,,,,,,,,N,4,0,1,2,A,-,08,22107,,N,B,I,A,A,H,-,A,D,0,,Y,,,Y,,L,04,0,0,1,0,0,0,1,0,0,"- ","- ",35.268798828125,-120.6702880859375,"SAN LUIS OBISPO","SAN LUIS OBISPO",-120.67037200927734,35.268932342529297
91511394,2021,2021-07-01,9745,2021-06-21,1635,017061,,1,2,9,4000,0,2,4,,1,048,"AVILA BEACH DRIVE","ONTARIO RD",279.00,E,N,A,-,N,,,,,,,,,,Y,2,0,3,2,A,-,09,21804,A,N,D,C,A,A,H,-,A,D,0,,,Y,,Y,Y,A,07,2,0,1,0,0,0,0,0,2,"- ","- ",35.180038452148438,-120.70353698730469,"SAN LUIS OBISPO",UNINCORPORATED,-120.70353698730469,35.180389404296875
91512231,2021,2021-07-02,9745,2021-06-28,1338,020689,,1,1,9,4000,0,3,5,,2,004,"WILLOW RD.","SUNDALE WAY",1182.00,W,N,A,-,N,,,,,,,,,,Y,4,0,1,1,A,-,08,22107,,N,E,I,A,A,H,-,A,D,0,,,,,Y,,A,01,0,0,1,0,0,0,0,0,0,"- ","- ",35.047370910644531,-120.54592132568359,"SAN LUIS OBISPO",UNINCORPORATED,-120.545654296875,35.047367095947266
91514003,2021,2021-07-06,9745,2021-07-02,1629,020417,,5,2,9,4000,0,1,2,,2,505,"US-101 SOUTHBOUND","TEFFT STREET",400.00,N,N,B,-,Y,,,101,,,,,,S,N,4,0,1,2,A,-,03,22350,,N,C,C,A,A,H,-,A,D,0,,,,,Y,,A,07,0,0,1,0,0,0,0,0,0,"- ","- ",35.037818908691406,-120.48562622070312,"SAN LUIS OBISPO",UNINCORPORATED,-120.48563385009766,35.037815093994141
9151464,2020,2020-09-21,4003,2020-06-10,0932,B5598,4,3,5,2,4003,0,0,0,,0,001,"MAIN ST","KERN AV",0.00,,Y,A,-,N,,,,,,,,,,Y,4,0,1,1,A,-,01,23152,F,N,A,I,A,A,H,-,A,D,0,,,,,Y,,A,07,0,0,1,0,0,0,0,0,0,"- ","- ",,,"SAN LUIS OBISPO","MORRO BAY",-120.84381103515625,35.354469299316406
91514876,2021,2021-07-07,9750,2021-06-05,2050,020511,,6,2,9,4000,0,1,3,,2,061,SR-166,"BULL CANYON RD",2376.00,W,N,A,-,Y,,,166,,,,,,,Y,2,0,1,1,A,-,08,22107,,N,E,I,A,A,H,-,D,D,0,,,,,Y,Y,A,01,1,0,0,0,0,0,0,0,0,"- ","- ",34.999099731445312,-120.38819885253906,"SAN LUIS OBISPO",UNINCORPORATED,-120.38813781738281,34.999275207519531
91515709,2021,2021-07-08,9745,2021-06-24,0813,017541,,4,1,9,4000,0,3,5,,2,004,"OSO FLACO LAKE RD","DIVISION STREET",2218.00,W,N,A,-,N,,,,,,,,,,Y,3,0,1,1,A,-,08,22107,,M,F,A,A,A,H,-,A,D,0,,,,,Y,Y,A,07,0,1,0,0,0,0,0,0,0,"- ","- ",35.002529144287109,-120.53817749023438,"SAN LUIS OBISPO",UNINCORPORATED,-120.53775787353516,35.002399444580078
91515866,2021,2021-07-08,9740,2021-07-05,2015,020302,,1,2,9,4000,0,1,3,,2,011,SR-46W,"YORK MOUNTAIN RD (WEST)",528.00,E,N,A,-,Y,,,46,,,,,,,Y,2,0,1,1,C,-,18,,,N,H,H,A,A,H,-,A,D,0,,,Y,,Y,,-,"- ",1,0,0,0,0,0,0,0,1,"- ","- ",35.537410736083984,-120.82663726806641,"SAN LUIS OBISPO",UNINCORPORATED,-120.82663726806641,35.537433624267578
91515905,2021,2021-07-08,9740,2021-07-04,1915,019800,,7,2,9,4000,0,1,3,,2,007,SR-41,"CAMP 8 RD.",1584.00,S,N,A,-,Y,,,,,,,,,,Y,2,0,2,1,A,-,08,22107,,N,E,I,A,A,H,-,A,D,0,,,,,Y,,A,01,1,0,1,0,0,0,0,0,0,"- ","- ",35.542579650878906,-120.50138854980469,"SAN LUIS OBISPO",UNINCORPORATED,-120.49681854248047,35.546154022216797
91515935,2021,2021-07-08,9745,2021-07-05,1530,020211,,1,2,2,4005,0,1,2,,2,404,"US-101 NORTHBOUND","WADSWORTH AVE",10.00,S,N,A,-,Y,,,101,,,,,,N,Y,4,0,5,5,A,-,03,22350,,N,C,C,A,A,H,-,A,D,0,,,,,Y,,D,22,0,0,5,0,0,0,0,0,0,"- ","- ",35.144321441650391,-120.64176940917969,"SAN LUIS OBISPO","PISMO BEACH",-120.64174652099609,35.14434814453125
91518231,2021,2021-07-12,9745,2021-07-09,1517,017817,,5,2,9,4000,0,2,4,,1,025,"LOS OSOS VALLEY RD","FOOTHILL BLVD",20.00,W,N,A,-,N,,,,,,,,,,Y,4,0,1,2,A,-,03,22350,,N,C,C,A,A,H,-,A,D,0,,,,,Y,,D,22,0,0,1,0,0,0,0,0,0,"- ","- ",35.276611328125,-120.71180725097656,"SAN LUIS OBISPO",UNINCORPORATED,-120.71168518066406,35.276645660400391
91520088,2021,2021-07-14,9750,2021-07-03,2255,020511,,6,3,9,4000,0,2,4,,2,040,"BULL CANYON RD",SR-166,1320.00,S,N,A,-,N,,,,,,,,,,N,4,0,1,1,A,-,13,22515,A,N,E,I,A,A,H,-,D,D,0,,,,,Y,,D,22,0,0,1,0,0,0,0,0,0,"- ","- ",34.994621276855469,-120.38327789306641,"SAN LUIS OBISPO",UNINCORPORATED,-120.38261413574219,34.994915008544922
91520882,2021,2021-07-15,9745,2021-07-08,0930,017857,,4,1,9,4000,0,1,2,,1,101,"US-101 SOUTHBOUND","HAWK HILL RD",590.00,N,N,A,-,Y,,,101,,,,,,S,Y,3,0,1,1,A,-,07,21658,A,N,E,8,A,A,H,-,A,D,0,,,,,Y,,A,01,0,1,0,0,0,0,0,0,0,"- ","- ",35.314609527587891,-120.62313842773438,"SAN LUIS OBISPO",UNINCORPORATED,-120.62303161621094,35.314517974853516
91523336,2021,2021-07-19,9745,2021-07-10,1448,020417,,6,2,9,4000,0,3,5,,2,004,"NOYES RD.","LAS LOMAS DR.",107.00,N,N,B,-,N,,,,,,,,,,Y,4,0,2,2,A,-,03,22350,,N,C,C,A,A,H,-,A,D,0,,,,,Y,,A,01,0,0,2,0,0,0,0,0,0,"- ","- ",35.157051086425781,-120.58699035644531,"SAN LUIS OBISPO",UNINCORPORATED,-120.58695220947266,35.157012939453125
91527876,2021,2021-07-23,9745,2021-07-17,2221,017817,,6,3,9,4000,0,3,5,,2,003,"ONTARIO RD","CASTILLO CT",20.00,S,N,A,-,N,,,,,,,,,,Y,4,0,2,2,A,-,05,21460,A,N,A,C,A,A,H,-,D,D,0,,,,,Y,,A,08,0,0,2,0,0,0,0,0,0,"- ","- ",35.205379486083984,-120.69721984863281,"SAN LUIS OBISPO",UNINCORPORATED,-120.6971435546875,35.2054443359375
91527922,2021,2021-07-23,9745,2021-07-17,1920,020029,,6,2,9,4000,0,1,3,,2,022,"S. BAY BLVD TO SR-1 N/B","S. BAY BLVD",1250.00,N,N,A,-,Y,,,,,,,,,,Y,4,0,1,1,A,-,08,22107,,N,E,I,A,A,H,-,A,D,0,,,,,Y,,D,22,0,0,1,0,0,0,0,0,0,"- ","- ",35.364818572998047,-120.82610321044922,"SAN LUIS OBISPO",UNINCORPORATED,,
91528461,2021,2021-07-26,9745,2021-07-17,2150,020689,,6,2,9,4000,0,2,S,,2,054,"LOPEZ DR.","ROCK FALLS RD.",8448.00,W,N,A,-,N,,,,,,,,,,Y,2,0,1,1,A,-,01,23152,A,N,F,I,A,A,H,-,D,D,0,,,,,Y,Y,D,22,1,0,0,0,0,0,0,0,0,"- ","- ",35.186851501464844,-120.47593688964844,"SAN LUIS OBISPO",UNINCORPORATED,-120.47615814208984,35.186790466308594
91529505,2021,2021-07-27,9745,2021-07-22,1705,020229,,4,2,4,4006,0,1,3,,1,041,"SR-1 WB EAST OF HALCYON","S. HALCYON RD",25.00,E,N,A,-,Y,,,,,,,,,,N,4,0,1,2,A,-,03,22350,,F,C,C,A,A,H,-,A,A,0,,,,,Y,,-,99,0,0,1,0,0,0,0,0,0,"- ","- ",35.098201751708984,-120.59217071533203,"SAN LUIS OBISPO","SAN LUIS OBISPO",-120.59229278564453,35.098159790039062
9152979,2020,2020-10-22,4008,2020-08-28,1123,2154,,5,5,4,4008,0,0,0,,0,,"EL CAMINO REAL","MONTECITO AV",325.00,S,N,A,-,N,,,,,,,,,,N,4,0,2,2,A,-,09,21804,A,N,D,-,A,A,H,-,A,D,0,,,,,Y,,A,01,0,0,2,0,0,0,0,0,0,"- ","- ",35.466018676757812,-120.64891815185547,"SAN LUIS OBISPO",ATASCADERO,-120.64813995361328,35.465450286865234
91530446,2021,2021-10-06,9745,2021-07-15,1956,017061,,4,2,9,4000,0,2,4,,1,024,"S. BAY BLVD","NIPOMO AVE",75.00,S,N,A,-,N,,,,,,,,,,Y,4,0,1,3,A,-,03,22350,,N,C,C,A,A,H,-,B,A,0,,,,,Y,,A,01,0,0,1,0,0,0,0,0,0,"- ","- ",35.315841674804688,-120.82327270507812,"SAN LUIS OBISPO",UNINCORPORATED,-120.82347869873047,35.31634521484375
91530568,2021,2021-07-28,9745,2021-07-19,1614,017541,,1,2,3,4001,0,1,2,,2,404,"US 101 NORTHBOUND","OAK PARK BLVD",150.00,S,N,A,-,Y,,,,,,,,,,N,3,0,1,2,A,-,08,22107,,N,E,I,A,A,H,-,A,D,0,,,,Y,Y,,G,25,0,1,0,0,0,0,0,0,0,"- ","- ",35.130020141601562,-120.60603332519531,"SAN LUIS OBISPO","ARROYO GRANDE",-120.60659027099609,35.130409240722656