CASE_ID,ACCIDENT_YEAR,PROC_DATE,JURIS,COLLISION_DATE,COLLISION_TIME,OFFICER_ID,REPORTING_DISTRICT,DAY_OF_WEEK,CHP_SHIFT,POPULATION,CNTY_CITY_LOC,SPECIAL_COND,BEAT_TYPE,CHP_BEAT_TYPE,CITY_DIVISION_LAPD,CHP_BEAT_CLASS,BEAT_NUMBER,PRIMARY_RD,SECONDARY_RD,DISTANCE,DIRECTION,INTERSECTION,WEATHER_1,WEATHER_2,STATE_HWY_IND,CALTRANS_COUNTY,CALTRANS_DISTRICT,STATE_ROUTE,ROUTE_SUFFIX,POSTMILE_PREFIX,POSTMILE,LOCATION_TYPE,RAMP_INTERSECTION,SIDE_OF_HWY,TOW_AWAY,COLLISION_SEVERITY,NUMBER_KILLED,NUMBER_INJURED,PARTY_COUNT,PRIMARY_COLL_FACTOR,PCF_CODE_OF_VIOL,PCF_VIOL_CATEGORY,PCF_VIOLATION,PCF_VIOL_SUBSECTION,HIT_AND_RUN,TYPE_OF_COLLISION,MVIW,PED_ACTION,ROAD_SURFACE,ROAD_COND_1,ROAD_COND_2,LIGHTING,CONTROL_DEVICE,CHP_ROAD_TYPE,PEDESTRIAN_ACCIDENT,BICYCLE_ACCIDENT,MOTORCYCLE_ACCIDENT,TRUCK_ACCIDENT,NOT_PRIVATE_PROPERTY,ALCOHOL_INVOLVED,STWD_VEHTYPE_AT_FAULT,CHP_VEHTYPE_AT_FAULT,COUNT_SEVERE_INJ,COUNT_VISIBLE_INJ,COUNT_COMPLAINT_PAIN,COUNT_PED_KILLED,COUNT_PED_INJURED,COUNT_BICYCLIST_KILLED,COUNT_BICYCLIST_INJURED,COUNT_MC_KILLED,COUNT_MC_INJURED,PRIMARY_RAMP,SECONDARY_RAMP,LATITUDE,LONGITUDE,COUNTY,CITY,POINT_X,POINT_Y
94755663,2025,2025-07-09,9745,2025-06-26,1808,024166,,4,2,9,4000,0,1,2,,2,505,"US-101 SOUTHBOUND","EL CAMPO RD",4488.00,S,N,A,-,Y,SLO,,101," "," ",10.980,H,,L,Y,4,0,1,1,A,-,08,22107,,N,E,8,A,A,A,-,A,D,0,,,,,Y,,A,07,0,0,1,0,0,0,0,0,0,"- ","- ",35.104099273681641,-120.55161285400391,"SAN LUIS OBISPO",UNINCORPORATED,-120.55159759521484,35.104106903076172
94758076,2025,2025-07-11,9745,2025-06-28,1535,022565,,6,2,9,4000,0,3,5,,2,002,"H STREET","FRESNO AVE",130.00,S,N,A,-,N,,,,,,,,,,N,2,0,1,1,A,-,03,22350,,N,F,A,A,A,H,-,A,D,0,,,Y,,Y,,C,02,1,0,0,0,0,0,0,0,1,"- ","- ",35.448249816894531,-120.90007019042969,"SAN LUIS OBISPO",UNINCORPORATED,-120.89994812011719,35.448413848876953
94761171,2025,2025-07-14,9740,2025-07-06,1639,020302,,7,2,9,4000,0,3,5,,2,018,"GENESEO RD.","LINNE RD.",1056.00,N,N,A,-,N,,,,,,,,,,N,4,0,1,1,A,-,01,23152,A,N,E,I,A,A,H,-,A,D,0,,,,,Y,Y,A,07,0,0,1,0,0,0,0,0,0,"- ","- ",35.597751617431641,-120.56015014648438,"SAN LUIS OBISPO",UNINCORPORATED,-120.56024169921875,35.597633361816406
94762199,2025,2025-07-15,9740,2025-07-11,1220,024255,,5,1,9,4000,0,3,5,,2,017,"CRESTON RD.","NEAL SPRING RD.",0.00,,Y,A,-,N,,,,,,,,,,N,4,0,1,2,A,-,03,22350,,N,C,C,A,A,H,-,A,D,0,,,,,Y,,D,22,0,0,1,0,0,0,0,0,0,"- ","- ",35.575508117675781,-120.61650085449219,"SAN LUIS OBISPO",UNINCORPORATED,-120.61651611328125,35.575496673583984
94762326,2025,2025-07-15,9740,2025-07-12,"400 ",024160,,6,3,3,4004,0,1,2,,2,003,"US-101 NORTHBOUND","N. SPRING ST.",1000.00,S,N,A,-,Y,SLO,,101," "," ",58.776,H,,R,N,3,0,1,1,A,-,08,22107,,N,E,I,A,A,H,-,D,D,0,,,,,Y,,A,01,0,1,0,0,0,0,0,0,0,"- ","- ",35.65325927734375,-120.69306182861328,"SAN LUIS OBISPO","PASO ROBLES",-120.69304656982422,35.653285980224609
94763455,2025,2025-07-16,9745,2025-07-03,1305,020619,,4,1,9,4000,0,2,4,,1,055,"TEFFT STREET","EUCALYPTUS ROAD",0.00,,Y,A,-,N,,,,,,,,,,Y,3,0,1,1,A,-,08,22107,,N,E,8,A,A,H,-,A,D,0,,,,,Y,,A,01,0,1,0,0,0,0,0,0,0,"- ","- ",35.019119262695312,-120.50119018554688,"SAN LUIS OBISPO",UNINCORPORATED,-120.50125885009766,35.019107818603516
94768219,2025,2025-07-18,9745,2025-07-09,1637,017817,,3,2,9,4000,0,1,2,,1,101,"US-101 SOUTHBOUND","TV TOWER RD.",1000.00,S,N,A,-,Y,SLO,,101," "," ",34.845,H,,L,Y,3,0,1,3,A,-,03,22350,,N,C,C,A,A,H,-,A,D,0,,,,,Y,,A,01,0,1,0,0,0,0,0,0,0,"- ","- ",35.345039367675781,-120.62876892089844,"SAN LUIS OBISPO",UNINCORPORATED,-120.6287841796875,35.345035552978516
94774181,2025,2025-07-23,9745,2025-07-12,1315,020619,,6,1,9,4000,0,3,5,,2,004,"OSO FLACO LAKE ROAD","DIVISION STREET",0.00,,Y,A,-,N,,,,,,,,,,Y,4,0,2,2,A,-,09,21802,A,N,D,C,A,A,H,-,A,A,0,,,,,Y,,A,01,0,0,2,0,0,0,0,0,0,"- ","- ",35.000438690185547,-120.53073883056641,"SAN LUIS OBISPO",UNINCORPORATED,-120.53074645996094,35.000434875488281
94775921,2025,2025-07-24,9740,2025-07-21,1655,021145,,1,2,9,4000,0,1,2,,2,002,"US-101 NORTHBOUND","SR-46 (WEST)",1320.00,S,N,A,-,Y,SLO,,101," "," ",53.625,H,,R,Y,4,0,1,2,A,-,03,22350,,N,C,C,A,A,H,-,A,D,0,,,,,Y,,D,22,0,0,1,0,0,0,0,0,0,"- ","- ",35.582248687744141,-120.69650268554688,"SAN LUIS OBISPO",UNINCORPORATED,-120.69645690917969,35.582244873046875
94776239,2025,2025-07-29,9745,2025-07-15,1155,017857,,2,1,9,4000,0,2,4,,1,025,"LOS OSOS VALLEY ROAD","CLARK VALLEY ROAD",987.00,E,N,A,-,N,,,,,,,,,,Y,3,0,4,3,A,-,03,22350,,N,C,C,A,A,H,-,A,D,0,,,,,Y,,D,22,0,1,3,0,0,0,0,0,0,"- ","- ",35.302749633789062,-120.79744720458984,"SAN LUIS OBISPO",UNINCORPORATED,-120.79753875732422,35.302749633789062
9477901,2022,2022-10-21,4005,2022-05-27,1545,P109,6,5,5,2,4005,0,0,0,,0,,"DOLLIVER ST","PARK AV",0.00,,Y,A,-,N,,,,,,,,,,N,4,0,1,2,A,-,09,21802,A,N,D,C,A,A,H,-,A,D,0,,,,,Y,,A,07,0,0,1,0,0,0,0,0,0,"- ","- ",,,"SAN LUIS OBISPO","PISMO BEACH",-120.638617,35.138188
9477936,2022,2022-07-27,4005,2022-06-11,1323,P109,7,6,5,2,4005,0,0,0,,0,,"FIVE CITIES DR","A AV",715.00,S,N,A,-,N,,,,,,,,,,N,3,0,1,2,A,-,05,21650,1,N,D,G,A,A,H,-,A,A,0,,Y,,,Y,,L,04,0,1,0,0,0,0,1,0,0,"- ","- ",,,"SAN LUIS OBISPO","PISMO BEACH",,
94780789,2025,2025-07-29,9745,2025-07-18,"915 ",016390,,5,1,9,4000,0,1,3,,1,045,"SR-1 (GUADALUPE ROAD)","DIVISION STREET",1145.00,S,N,B,-,Y,SLO,,1," "," ",0.724,H,,R,Y,4,0,1,2,A,-,08,22107,,N,A,C,A,A,H,-,A,D,0,,,,,Y,,A,01,0,0,1,0,0,0,0,0,0,"- ","- ",34.987880706787109,-120.57057189941406,"SAN LUIS OBISPO",UNINCORPORATED,-120.57056427001953,34.987880706787109
94781548,2025,2025-07-29,9745,2025-07-12,1757,024166,,6,2,9,4000,0,3,5,,2,005,"CAMINO CABALLO","CALLE FRESA",100.00,W,N,A,-,N,,,,,,,,,,Y,3,0,1,1,A,-,01,23152,A,N,E,8,A,A,H,-,A,D,0,,,,,Y,Y,D,22,0,1,0,0,0,0,0,0,0,"- ","- ",35.035018920898438,-120.52822113037109,"SAN LUIS OBISPO",UNINCORPORATED,-120.52806091308594,35.035037994384766
94781780,2025,2025-07-29,9745,2025-07-19,1230,020619,,6,1,9,4000,0,3,5,,2,004,"BRANCH MILL RD","HUASNA RD",1320.00,S,N,A,-,N,,,,,,,,,,Y,4,0,1,1,A,-,03,22350,,N,F,A,A,A,H,-,A,D,0,,,,,Y,,A,01,0,0,1,0,0,0,0,0,0,"- ","- ",35.130439758300781,-120.54908752441406,"SAN LUIS OBISPO",UNINCORPORATED,-120.54290771484375,35.131900787353516
94782592,2025,2025-07-30,9745,2025-07-19,1505,022930,,6,2,9,4000,0,3,5,,2,004,"DIVISION STREET",SR-1,5808.00,E,N,A,-,N,,,,,,,,,,Y,3,0,1,1,A,-,08,22107,,N,F,J,A,A,H,-,A,D,0,,,,,Y,,A,01,0,1,0,0,0,0,0,0,0,"- ","- ",34.991741180419922,-120.55119323730469,"SAN LUIS OBISPO",UNINCORPORATED,-120.55128479003906,34.991519927978516
94782904,2025,2025-07-30,9745,2025-07-20,"815 ",020619,,7,1,9,4000,0,3,5,,2,003,"BUCKLEY RD","DAVENPORT CREEK RD",250.00,E,N,A,-,N,,,,,,,,,,N,2,0,1,1,A,-,08,22107,,N,F,A,A,A,H,-,A,D,0,,Y,,,Y,,L,04,1,0,0,0,0,0,1,0,0,"- ","- ",35.235881805419922,-120.64826965332031,"SAN LUIS OBISPO",UNINCORPORATED,-120.64826202392578,35.23583984375
94783393,2025,2025-07-30,9740,2025-07-20,1306,024398,,7,1,9,4000,0,1,3,,1,014,SR-1,"PICO AVE.",3168.00,N,N,A,-,Y,SLO,,1," "," ",55.438,H,,R,Y,2,0,2,2,A,-,09,21801,A,N,A,C,A,A,H,-,A,D,0,,,,,Y,,A,01,1,1,0,0,0,0,0,0,0,"- ","- ",35.622360229492188,-121.15460205078125,"SAN LUIS OBISPO",UNINCORPORATED,-121.15460968017578,35.622356414794922
94783397,2025,2025-07-30,9740,2025-07-23,1535,024398,,3,2,9,4000,0,1,3,,1,014,SR-1,"EXOTIC GARDEN RD.",120.00,N,N,A,-,Y,SLO,,1," "," ",52.245,H,,R,Y,4,0,1,1,C,-,18,,,N,H,H,A,A,H,-,A,D,0,,,,,Y,,-,"- ",0,0,1,0,0,0,0,0,0,"- ","- ",35.585819244384766,-121.12138366699219,"SAN LUIS OBISPO",UNINCORPORATED,-121.12139129638672,35.585811614990234
94788331,2025,2025-08-04,9740,2025-07-20,2236,023820,,7,3,9,4000,0,1,3,,1,009,"SR-46 (EAST)","DAVIS RD.",150.00,E,N,A,-,Y,SLO,,46," "," ",54.851,H,,R,Y,3,0,3,3,A,-,16,24002,A,N,H,2,A,A,H,-,E,D,0,,,,,Y,,B,01,0,1,2,0,0,0,0,0,0,"- ","- ",35.733589172363281,-120.28890991210938,"SAN LUIS OBISPO",UNINCORPORATED,-120.28891754150391,35.733612060546875
94788916,2025,2025-08-04,9740,2025-07-29,1615,024398,,2,2,9,4000,0,2,4,,2,012,"NACIMIENTO LAKE DR. (G-14)","FRAZIER RD.",3643.00,W,N,A,-,N,,,,,,,,,,Y,3,0,1,1,A,-,03,22350,,N,E,I,A,A,H,-,A,D,0,,,,,Y,,D,22,0,1,0,0,0,0,0,0,0,"- ","- ",35.710849761962891,-120.83390045166016,"SAN LUIS OBISPO",UNINCORPORATED,-120.83348083496094,35.710758209228516
94788968,2025,2025-08-04,9745,2025-07-24,"812 ",016390,,4,1,2,4005,0,1,2,,2,404,"US-101 S/B","FRADY LANE",150.00,N,N,B,-,Y,SLO,,101," "," ",16.247,H,,L,Y,4,0,1,1,A,-,08,22107,,N,E,I,A,A,H,-,A,D,0,,,,,Y,,A,01,0,0,1,0,0,0,0,0,0,"- ","- ",35.138648986816406,-120.63321685791016,"SAN LUIS OBISPO","PISMO BEACH",-120.63323974609375,35.138591766357422
94789044,2025,2025-08-04,9740,2025-07-30,1930,022634,,3,2,9,4000,0,1,3,,2,008,"SR-46 (EAST)","DAVIS RD.",75.00,W,N,A,-,Y,SLO,,46," "," ",54.790,H,,R,Y,3,0,3,2,A,-,05,21460,A,N,A,2,A,A,H,-,A,D,0,,,,Y,Y,,A,07,0,3,0,0,0,0,0,0,0,"- ","- ",35.733261108398438,-120.28988647460938,"SAN LUIS OBISPO",UNINCORPORATED,-120.28989410400391,35.733268737792969
94793269,2025,2025-08-07,9745,2025-07-31,1240,017541,,4,1,9,4000,0,3,5,,2,005,"US-101 NB TO WILLOW ROAD","WILLOW ROAD",0.00,,Y,A,-,Y,SLO,,101," "," ",6.431,H,,R,N,4,0,1,2,A,-,09,21802,A,N,D,C,A,A,H,-,A,A,0,,,,,Y,,D,22,0,0,1,0,0,0,0,0,0,"- ","- ",35.05548095703125,-120.50093078613281,"SAN LUIS OBISPO",UNINCORPORATED,-120.50109100341797,35.055381774902344
9479392,2022,2022-09-06,4005,2022-07-22,0035,P121,6,5,5,2,4005,0,0,0,,0,,"ADDIE ST","ADDIE ST 100",0.00,,-,A,-,N,,,,,,,,,,N,3,0,1,1,A,-,03,22350,,N,E,I,A,A,H,-,C,D,0,,Y,,,Y,,L,04,0,1,0,0,0,0,1,0,0,"- ","- ",,,"SAN LUIS OBISPO","PISMO BEACH",,
94795029,2025,2025-08-08,9740,2025-08-06,"655 ",019697,,3,1,9,4000,0,1,3,,2,007,SR-41,"CRESTON RD.",0.00,,Y,A,-,Y,SLO,,41," "," ",28.104,H,,R,Y,4,0,3,2,A,-,09,21802,A,N,D,C,A,A,H,-,A,A,0,,,,,Y,,E,22,0,0,3,0,0,0,0,0,0,"- ","- ",35.534339904785156,-120.52390289306641,"SAN LUIS OBISPO",UNINCORPORATED,-120.52390289306641,35.534339904785156
94795502,2025,2026-02-20,9740,2025-08-01,1908,020057,,5,2,9,4000,0,1,3,,2,010,SR-41,"SR-46 (EAST)",2640.00,N,N,A,-,Y,,,,,,,,,,Y,4,0,3,2,A,-,08,22107,,N,B,C,A,A,H,-,A,D,0,,,,Y,Y,,A,01,0,0,3,0,0,0,0,0,0,"- ","- ",35.747940063476562,-120.26976013183594,"SAN LUIS OBISPO",UNINCORPORATED,-120.29108428955078,35.732589721679688
94795585,2025,2025-08-08,9740,2025-08-07,1556,022621,,4,2,3,4004,0,1,2,,2,003,"US-101 NORTHBOUND","N. SPRING ST.",420.00,S,N,A,-,Y,SLO,,101," "," ",58.754,H,,R,Y,4,0,1,1,A,-,01,23152,A,N,E,8,A,A,H,-,A,D,0,,,,,Y,Y,D,22,0,0,1,0,0,0,0,0,0,"- ","- ",35.653228759765625,-120.69265747070312,"SAN LUIS OBISPO","PASO ROBLES",-120.69270324707031,35.653156280517578
94797489,2025,2025-08-11,9745,2025-08-01,1520,016089,,5,2,9,4000,0,1,2,,2,505,"US-101 SOUTHBOUND","WILLOW ROAD",528.00,N,N,A,-,Y,SLO,,101," "," ",6.959,H,,L,N,4,0,1,2,A,-,03,22350,,N,C,C,A,A,H,-,A,D,0,,,,,Y,,A,01,0,0,1,0,0,0,0,0,0,"- ","- ",35.061431884765625,-120.50688934326172,"SAN LUIS OBISPO",UNINCORPORATED,-120.50691223144531,35.061416625976562
94804274,2025,2025-08-15,9740,2025-07-30,1040,019697,,3,1,9,4000,0,1,3,,2,005,SR-58,"O'DONOVAN RD.",120.00,E,N,A,-,Y,SLO,,58," "," ",11.838,H,,R,Y,2,0,1,2,A,-,17,23114,A,N,H,C,A,D,G,-,A,D,0,,,Y,Y,Y,,G,25,1,0,0,0,0,0,0,0,1,"- ","- ",35.451648712158203,-120.47869873046875,"SAN LUIS OBISPO",UNINCORPORATED,-120.47873687744141,35.451683044433594
94804914,2025,2025-08-15,9740,2025-08-14,"545 ",024160,,4,3,9,4000,0,3,5,,2,017,"EL CAMINO REAL","CARMEL RD.",500.00,S,N,B,-,N,,,,,,,,,,N,3,0,1,1,C,-,18,,,N,H,H,A,A,H,-,A,D,0,,,Y,,Y,,-,"- ",0,1,0,0,0,0,0,0,1,"- ","- ",35.431911468505859,-120.61189270019531,"SAN LUIS OBISPO",UNINCORPORATED,-120.61282348632812,35.432266235351562
94809043,2025,2025-08-19,9740,2025-08-05,"205 ",023468,,2,3,4,4008,0,1,2,,2,002,"US-101 SOUTHBOUND","SAN ANSELMO RD.",5280.00,N,N,A,-,Y,SLO,,101," "," ",47.225,H,,L,N,4,0,1,2,A,-,16,24002,A,N,C,C,A,A,H,-,C,D,0,,,,Y,Y,,E,22,0,0,1,0,0,0,0,0,0,"- ","- ",35.500350952148438,-120.68794250488281,"SAN LUIS OBISPO",ATASCADERO,-120.68795776367188,35.500331878662109
94809532,2025,2025-08-19,9745,2025-07-17,2020,020643,,4,2,9,4000,0,2,4,,1,030,"TANK FARM RD","SANTA FE RD",2640.00,E,N,A,-,N,,,,,,,,,,N,2,0,1,2,A,-,08,22107,,N,B,G,A,A,H,-,B,D,0,,Y,,,Y,,A,01,1,0,0,0,0,0,1,0,0,"- ","- ",35.246860504150391,-120.65601348876953,"SAN LUIS OBISPO",UNINCORPORATED,-120.63927459716797,35.249721527099609
94813970,2025,2025-08-22,9745,2025-08-12,"203 ",023036,,2,3,9,4000,0,3,5,,2,005,"DIVISION ST","JESSICA PL",60.00,E,N,A,-,N,,,,,,,,,,Y,4,0,1,1,A,-,08,22107,,N,E,8,A,A,H,-,C,D,0,,,,,Y,Y,D,22,0,0,1,0,0,0,0,0,0,"- ","- ",35.02294921875,-120.48739624023438,"SAN LUIS OBISPO",UNINCORPORATED,-120.48748016357422,35.022941589355469
94814382,2025,2025-08-22,9745,2025-08-07,2300,022733,,4,3,4,4006,0,1,2,,2,202,"US-101 NORTHBOUND TO BROAD STREET","BROAD STREET",10.00,S,N,A,-,Y,SLO,,101," "," ",28.727,H,,R,Y,2,0,1,1,A,-,01,23152,A,N,E,8,A,A,H,-,C,D,0,,,,,Y,Y,A,07,1,0,0,0,0,0,0,0,0,"- ","- ",35.282989501953125,-120.66741180419922,"SAN LUIS OBISPO","SAN LUIS OBISPO",-120.66765594482422,35.283119201660156
94816970,2025,2025-08-25,9745,2025-08-13,1550,022937,,3,2,2,4005,0,1,2,,2,404,"US-101 NORTHBOUND","SPYGLASS DR",1584.00,S,N,A,-,Y,SLO,,101," "," ",19.478,H,,R,Y,4,0,1,1,A,-,03,22350,,N,E,I,A,A,H,-,A,D,0,,,,,Y,,A,01,0,0,1,0,0,0,0,0,0,"- ","- ",35.161800384521484,-120.68193054199219,"SAN LUIS OBISPO","PISMO BEACH",-120.681884765625,35.161869049072266
94817124,2025,2025-08-25,9740,2025-08-18,1528,021275,,1,2,3,4004,0,1,2,,2,003,"US-101 SOUTHBOUND","SR-46 (WEST)",10.00,N,N,A,-,Y,SLO,,101," "," ",54.123,H,,L,Y,4,0,1,1,A,-,01,23152,A,N,E,I,A,A,H,-,A,D,0,,,,,Y,Y,A,01,0,0,1,0,0,0,0,0,0,"- ","- ",35.589469909667969,-120.69563293457031,"SAN LUIS OBISPO","PASO ROBLES",-120.6956787109375,35.589473724365234
94820200,2025,2025-08-27,9745,2025-08-15,1851,024166,,5,2,9,4000,0,3,5,,2,004,"WEST ORMONDE ROAD","OLD OAK PARK ROAD",0.00,,Y,A,-,N,,,,,,,,,,N,4,0,3,1,A,-,08,22107,,N,E,I,A,A,H,-,A,D,0,,,Y,,Y,,C,06,0,0,3,0,0,0,0,0,3,"- ","- ",35.167671203613281,-120.59427642822266,"SAN LUIS OBISPO",UNINCORPORATED,-120.59445953369141,35.167705535888672
94820325,2025,2025-08-27,9745,2025-08-16,"905 ",017144,,6,1,9,4000,0,3,5,,2,002,"S. OCEAN AVE.","PACIFIC AVE",75.00,N,N,A,-,N,,,,,,,,,,N,3,0,1,2,A,-,08,22107,,N,B,G,A,A,H,-,A,D,0,,Y,,,Y,,A,01,0,1,0,0,0,0,1,0,0,"- ","- ",35.447429656982422,-120.90135955810547,"SAN LUIS OBISPO",UNINCORPORATED,-120.90144348144531,35.4473876953125
94826041,2025,2025-09-02,9745,2025-08-18,1627,022937,,1,2,9,4000,0,3,5,,2,004,"SAN LUIS STREET","SAN RAFAEL STREET",200.00,W,N,A,-,N,,,,,,,,,,Y,4,0,1,2,A,-,08,22107,,N,B,E,A,A,H,-,A,D,0,,,,,Y,,A,01,0,0,1,0,0,0,0,0,0,"- ","- ",35.180301666259766,-120.73000335693359,"SAN LUIS OBISPO",UNINCORPORATED,-120.72991180419922,35.180335998535156
94827218,2025,2025-09-02,9745,2025-08-23,1245,017857,,6,1,9,4000,0,1,2,,2,303,"US-101 SOUTHBOUND","SOUTH HIGUERA STREET",1056.00,S,N,A,-,Y,SLO,,101," ",R,24.061,H,,L,N,4,0,1,2,A,-,03,22350,,N,C,C,A,A,H,-,A,D,0,,,Y,,Y,,C,02,0,0,1,0,0,0,0,0,1,"- ","- ",35.2205810546875,-120.69290161132812,"SAN LUIS OBISPO",UNINCORPORATED,-120.69290924072266,35.2205810546875
9482831,2022,2022-07-28,4002,2022-07-06,1925,927,,3,5,3,4002,0,0,0,,0,,"S OAK PARK BL","MENTONE AV",0.00,,Y,A,-,N,,,,,,,,,,Y,4,0,1,2,A,-,09,21802,A,N,A,C,A,A,H,-,A,D,0,,,,,Y,,A,01,0,0,1,0,0,0,0,0,0,"- ","- ",,,"SAN LUIS OBISPO","GROVER BEACH",-120.60966491699219,35.1148681640625
94828770,2025,2025-09-03,9740,2025-09-01,1115,019486,,1,1,9,4000,0,2,4,,2,012,"NACIMIENTO LAKE DR. (G-14)","ANTHONY WAY",50.00,E,N,A,-,N,,,,,,,,,,Y,3,0,1,3,A,-,03,22350,,N,C,C,A,A,H,-,A,D,0,,,,,Y,,E,22,0,1,0,0,0,0,0,0,0,"- ","- ",35.653831481933594,-120.72530364990234,"SAN LUIS OBISPO",UNINCORPORATED,-120.725341796875,35.654003143310547
94829865,2025,2025-09-04,9745,2025-08-24,"820 ",017709,,7,1,9,4000,0,2,4,,1,048,"AVILA BEACH DRIVE","BABE LANE",0.00,,Y,B,-,N,,,,,,,,,,N,2,0,1,2,A,-,08,22107,,N,B,G,A,A,H,-,A,D,0,,Y,,,Y,,L,04,1,0,0,0,0,0,1,0,0,"- ","- ",35.176799774169922,-120.75182342529297,"SAN LUIS OBISPO",UNINCORPORATED,-120.7518310546875,35.176769256591797
94830690,2025,2025-09-04,9745,2025-07-05,"402 ",022565,,6,3,9,4000,0,1,3,,1,045,"SR-1 (GUADALUPE ROAD)","OSO FLACO LAKE RD",3168.00,S,N,A,-,Y,SLO,,1," "," ",1.809,H,,R,Y,1,1,0,1,A,-,01,23152,A,N,E,8,A,A,H,-,D,D,0,,,,,Y,Y,A,01,0,0,0,0,0,0,0,0,0,"- ","- ",35.003620147705078,-120.57054901123047,"SAN LUIS OBISPO",UNINCORPORATED,-120.57049560546875,35.003616333007812
9483307,2022,2022-08-23,4008,2022-07-08,2051,3117,D,5,5,4,4008,0,0,0,,0,,"EL CAMINO REAL","GUSTA RD",61.00,N,N,A,-,N,,,,,,,,,,Y,3,0,1,3,A,-,03,22350,,N,B,E,A,A,H,-,C,D,0,,,,Y,Y,Y,A,01,0,1,0,0,0,0,0,0,0,"- ","- ",35.468460083007812,-120.65132904052734,"SAN LUIS OBISPO",ATASCADERO,-120.65138244628906,35.468639373779297
94834056,2025,2025-09-08,9745,2025-08-26,"615 ",017709,,2,1,9,4000,0,3,5,,2,004,"BONITA SCHOOL ROAD","DIVISION STREET",0.00,,Y,B,-,N,,,,,,,,,,Y,3,0,1,2,A,-,09,21802,A,N,D,C,A,A,H,-,A,A,0,,,,,Y,,A,07,0,1,0,0,0,0,0,0,0,"- ","- ",35.0035400390625,-120.51902008056641,"SAN LUIS OBISPO",UNINCORPORATED,-120.51895141601562,35.003547668457031
94837910,2025,2025-09-09,9745,2025-08-31,1854,022937,,7,2,9,4000,0,3,5,,2,002,"PASO ROBLES AVENUE","13TH STREET",100.00,E,N,A,-,N,,,,,,,,,,N,4,0,1,2,A,-,08,22107,,N,G,B,E,A,H,-,B,D,0,Y,,,,Y,,A,07,0,0,1,0,1,0,0,0,0,"- ","- ",35.324420928955078,-120.82843780517578,"SAN LUIS OBISPO",UNINCORPORATED,-120.8284912109375,35.324359893798828
94839735,2025,2025-09-10,9745,2025-08-12,2320,023805,,2,3,4,4006,0,1,2,,2,202,"US-101 N/B TO BROAD STREET","BROAD STREET",10.00,N,N,A,-,Y,SLO,,101," "," ",28.728,H,,R,Y,3,0,1,1,A,-,01,23152,A,N,E,I,A,A,H,-,C,D,0,,,,,Y,Y,A,07,0,1,0,0,0,0,0,0,0,"- ","- ",35.283000946044922,-120.66739654541016,"SAN LUIS OBISPO","SAN LUIS OBISPO",-120.66764831542969,35.283130645751953
94840631,2025,2025-09-11,9740,2025-09-04,1505,023285,,4,2,9,4000,0,3,5,,2,017,"MOSS LN.","EL POMAR DR.",1056.00,E,N,A,-,N,,,,,,,,,,N,2,0,3,1,A,-,08,22107,,N,E,I,A,A,H,-,A,D,0,,,,,Y,,A,08,1,2,0,0,0,0,0,0,0,"- ","- ",35.543941497802734,-120.69705963134766,"SAN LUIS OBISPO",UNINCORPORATED,-120.69774627685547,35.543693542480469
94841216,2025,2025-09-11,9745,2025-09-03,1319,016816,,3,1,9,4000,0,3,5,,2,002,"BIRCH AVENUE","CAYUCOS DRIVE",325.00,N,N,A,-,N,,,,,,,,,,N,4,0,1,2,C,-,18,,,N,B,4,A,A,H,-,A,D,0,,,,,Y,,-,"- ",0,0,1,0,0,0,0,0,0,"- ","- ",35.451900482177734,-120.90547943115234,"SAN LUIS OBISPO",UNINCORPORATED,-120.90540313720703,35.451881408691406
94841433,2025,2025-09-11,9745,2025-09-02,1132,017709,,2,1,9,4000,0,1,3,,1,045,"WILLOW ROAD",SR-1,160.00,E,N,A,-,N,,,,,,,,,,Y,4,0,1,1,A,-,08,22107,,N,F,A,A,A,H,-,A,A,0,,,,Y,Y,,G,25,0,0,1,0,0,0,0,0,0,"- ","- ",35.047168731689453,-120.56951141357422,"SAN LUIS OBISPO",UNINCORPORATED,-120.59569549560547,35.05401611328125
94842398,2025,2025-09-12,9745,2025-09-04,1550,023442,,4,2,9,4000,0,2,4,,1,055,"TEFFT ST","MAGENTA LN",100.00,E,N,A,-,N,,,,,,,,,,N,3,0,1,2,A,-,08,22107,,N,D,C,A,A,H,-,A,D,0,,,,,Y,,A,01,0,1,0,0,0,0,0,0,0,"- ","- ",35.034961700439453,-120.48822784423828,"SAN LUIS OBISPO",UNINCORPORATED,-120.48823547363281,35.034828186035156
94842694,2025,2025-09-12,9745,2025-09-06,"738 ",017857,,6,1,9,4000,0,1,3,,1,011,"SR-41 (MORRO ROAD)","CERRO ALTO ROAD",5280.00,W,N,B,-,Y,SLO,,41," "," ",6.319,H,,R,Y,3,0,1,1,A,-,08,22107,,N,F,A,A,A,H,-,A,D,0,,,Y,,Y,,C,02,0,1,0,0,0,0,0,0,1,"- ","- ",35.428691864013672,-120.76638031005859,"SAN LUIS OBISPO",UNINCORPORATED,-120.76637268066406,35.428657531738281