CASE_ID,ACCIDENT_YEAR,PROC_DATE,JURIS,COLLISION_DATE,COLLISION_TIME,OFFICER_ID,REPORTING_DISTRICT,DAY_OF_WEEK,CHP_SHIFT,POPULATION,CNTY_CITY_LOC,SPECIAL_COND,BEAT_TYPE,CHP_BEAT_TYPE,CITY_DIVISION_LAPD,CHP_BEAT_CLASS,BEAT_NUMBER,PRIMARY_RD,SECONDARY_RD,DISTANCE,DIRECTION,INTERSECTION,WEATHER_1,WEATHER_2,STATE_HWY_IND,CALTRANS_COUNTY,CALTRANS_DISTRICT,STATE_ROUTE,ROUTE_SUFFIX,POSTMILE_PREFIX,POSTMILE,LOCATION_TYPE,RAMP_INTERSECTION,SIDE_OF_HWY,TOW_AWAY,COLLISION_SEVERITY,NUMBER_KILLED,NUMBER_INJURED,PARTY_COUNT,PRIMARY_COLL_FACTOR,PCF_CODE_OF_VIOL,PCF_VIOL_CATEGORY,PCF_VIOLATION,PCF_VIOL_SUBSECTION,HIT_AND_RUN,TYPE_OF_COLLISION,MVIW,PED_ACTION,ROAD_SURFACE,ROAD_COND_1,ROAD_COND_2,LIGHTING,CONTROL_DEVICE,CHP_ROAD_TYPE,PEDESTRIAN_ACCIDENT,BICYCLE_ACCIDENT,MOTORCYCLE_ACCIDENT,TRUCK_ACCIDENT,NOT_PRIVATE_PROPERTY,ALCOHOL_INVOLVED,STWD_VEHTYPE_AT_FAULT,CHP_VEHTYPE_AT_FAULT,COUNT_SEVERE_INJ,COUNT_VISIBLE_INJ,COUNT_COMPLAINT_PAIN,COUNT_PED_KILLED,COUNT_PED_INJURED,COUNT_BICYCLIST_KILLED,COUNT_BICYCLIST_INJURED,COUNT_MC_KILLED,COUNT_MC_INJURED,PRIMARY_RAMP,SECONDARY_RAMP,LATITUDE,LONGITUDE,COUNTY,CITY,POINT_X,POINT_Y
94856577,2025,2025-09-23,9745,2025-09-03,"650 ",016390,,3,1,2,4005,0,1,2,,2,404,"US-101 NORTHBOUND","SPYGLASS DRIVE",1075.00,N,N,A,-,Y,SLO,,101," ",R,20.034,H,,R,Y,2,0,1,2,A,-,03,22350,,N,C,C,A,A,H,-,A,D,0,,,Y,,Y,,C,02,1,0,0,0,0,0,0,0,1,"- ","- ",35.166481018066406,-120.68948364257812,"SAN LUIS OBISPO","PISMO BEACH",-120.689453125,35.166496276855469
94856838,2025,2025-09-23,9745,2025-09-08,1700,023442,,1,2,9,4000,0,1,2,,2,505,"US-101 SOUTHBOUND","LETITIA VINEYARD DR",2640.00,N,N,A,-,Y,SLO,,101," "," ",10.165,H,,L,Y,4,0,1,2,A,-,03,22350,,N,C,C,A,A,H,-,A,D,0,,,,,Y,,A,08,0,0,1,0,0,0,0,0,0,"- ","- ",35.094158172607422,-120.54408264160156,"SAN LUIS OBISPO",UNINCORPORATED,-120.54411315917969,35.094142913818359
94858115,2025,2025-09-24,9745,2025-09-12,1308,016390,,5,1,9,4000,0,1,2,,2,505,"US-101 NORTHBOUND","TEFFT STREET",3696.00,N,N,A,-,Y,SLO,,101," "," ",5.452,H,,R,Y,2,0,1,2,A,-,01,23152,A,N,E,I,A,A,H,-,A,D,0,,,,,Y,Y,A,01,1,0,0,0,0,0,0,0,0,"- ","- ",35.043891906738281,-120.49095916748047,"SAN LUIS OBISPO",UNINCORPORATED,-120.4908447265625,35.043956756591797
94858232,2025,2025-09-24,9740,2025-09-20,1527,020057,,6,2,4,4008,0,1,2,,2,001,"US-101 SOUTHBOUND","SAN DIEGO RD.",528.00,N,N,A,-,Y,SLO,,101," "," ",43.027,H,,L,Y,3,0,1,1,A,-,08,22107,,N,F,A,A,A,H,-,A,D,0,,,,,Y,,A,07,0,1,0,0,0,0,0,0,0,"- ","- ",35.453861236572266,-120.64211273193359,"SAN LUIS OBISPO",ATASCADERO,-120.64205169677734,35.453887939453125
94858730,2025,2025-09-24,9745,2025-09-13,1840,017817,,6,2,9,4000,0,3,5,,2,003,"ONTARIO ROAD","AVILA BEACH DRIVE",10.00,N,N,A,-,N,,,,,,,,,,N,4,0,1,2,A,-,03,22350,,N,C,G,A,A,H,-,A,D,0,,Y,,,Y,Y,L,04,0,0,1,0,0,0,1,0,0,"- ","- ",35.181278228759766,-120.70420837402344,"SAN LUIS OBISPO",UNINCORPORATED,-120.70411682128906,35.181018829345703
94860273,2025,2025-09-25,9740,2025-09-13,1120,021145,,6,1,9,4000,0,3,5,,2,017,"EL POMAR DR.","MOSS LN.",528.00,E,N,A,-,N,,,,,,,,,,Y,4,0,1,1,C,-,18,,,N,E,8,A,A,H,-,A,D,0,,,,,Y,,-,"- ",0,0,1,0,0,0,0,0,0,"- ","- ",35.554359436035156,-120.70223999023438,"SAN LUIS OBISPO",UNINCORPORATED,-120.70041656494141,35.544792175292969
94860425,2025,2025-09-25,9740,2025-09-13,1215,021145,,6,1,9,4000,0,1,2,,2,001,"US-101 SOUTHBOUND","SANTA BARBARA RD.",528.00,S,N,A,-,Y,SLO,,101," "," ",41.990,H,,L,N,4,0,1,2,D,-,00,,,N,H,A,A,A,H,-,A,D,0,,,,Y,Y,,-,"- ",0,0,1,0,0,0,0,0,0,"- ","- ",35.439479827880859,-120.63778686523438,"SAN LUIS OBISPO",UNINCORPORATED,-120.63783264160156,35.439476013183594
94865099,2025,2025-09-29,9740,2025-09-19,2125,024398,,5,2,9,4000,0,3,5,,2,017,"CRESTON RD.","LAGUNA DEL CAMPO",90.00,E,N,A,-,N,,,,,,,,,,Y,3,0,1,2,A,-,08,22107,,F,D,C,A,A,H,-,D,D,0,,,,,Y,,A,01,0,1,0,0,0,0,0,0,0,"- ","- ",35.594589233398438,-120.65265655517578,"SAN LUIS OBISPO",UNINCORPORATED,-120.65300750732422,35.594730377197266
94866530,2025,2025-09-30,9740,2025-09-19,2200,024395,,5,3,9,4000,0,1,3,,2,011,"SR-46 (WEST)","S. GREEN VALLEY RD.",1100.00,W,N,A,-,Y,SLO,,46," ",R,3.253,H,,R,N,3,0,1,1,A,-,08,22107,,N,F,A,A,A,H,-,D,D,0,,,,,Y,,A,07,0,1,0,0,0,0,0,0,0,"- ","- ",35.540531158447266,-120.99527740478516,"SAN LUIS OBISPO",UNINCORPORATED,-120.99527740478516,35.540752410888672
94874538,2025,2025-10-06,9745,2025-09-24,"820 ",020417,,3,1,2,4005,0,1,2,,2,404,"US-101 NORTHBOUND","4TH STREET",1584.00,S,N,B,-,Y,SLO,,101," "," ",15.290,H,,R,Y,4,0,1,4,A,-,03,22350,,N,C,C,A,B,H,-,A,D,0,,,,,Y,,D,22,0,0,1,0,0,0,0,0,0,"- ","- ",35.134189605712891,-120.61743927001953,"SAN LUIS OBISPO","PISMO BEACH",-120.617431640625,35.134197235107422
94877795,2025,2025-10-08,9745,2025-09-24,"249 ",023036,,3,3,3,4001,0,1,2,,2,402,"US-101 SOUTHBOUND FROM TRAFFIC WAY","TRAFFIC WAY",430.00,S,N,C,-,Y,SLO,,101," "," ",12.456,H,,L,Y,2,0,1,1,A,-,08,22107,,N,E,I,A,B,H,-,C,D,0,,,,,Y,,D,22,1,0,0,0,0,0,0,0,0,"- ","- ",35.115928649902344,-120.57302856445312,"SAN LUIS OBISPO","ARROYO GRANDE",-120.5731201171875,35.115833282470703
94881221,2025,2025-11-13,9740,2025-10-09,1750,020057,,4,2,9,4000,0,1,3,,2,011,"SR-46 (WEST)","OLD CREEK RD.",2640.00,W,N,A,-,Y,SLO,,46," ",R,10.963,H,,R,Y,3,0,1,1,C,-,18,,,N,H,H,A,A,H,-,A,D,0,,,,,Y,,-,"- ",0,1,0,0,0,0,0,0,0,"- ","- ",35.533439636230469,-120.86759948730469,"SAN LUIS OBISPO",UNINCORPORATED,-120.86759948730469,35.533447265625
9488524,2022,2022-08-18,4002,2022-07-28,1536,093,,4,5,3,4002,0,0,0,,0,,"W GRAND AV","4TH ST",0.00,,Y,A,-,N,,,,,,,,,,Y,4,0,1,2,A,-,03,22350,,N,D,C,A,A,H,-,A,A,0,,,Y,,Y,,A,01,0,0,1,0,0,0,0,0,0,"- ","- ",,,"SAN LUIS OBISPO","GROVER BEACH",-120.62644195556641,35.121799468994141
9488561,2022,2022-10-13,4002,2022-07-25,1507,672,,1,5,3,4002,0,0,0,,0,,"N OAK PARK BL","OAK PARK BL 500",0.00,,N,A,-,N,,,,,,,,,,Y,4,0,1,2,A,-,03,22350,,N,C,C,A,A,H,-,A,A,0,,,,,Y,,A,01,0,0,1,0,0,0,0,0,0,"- ","- ",,,"SAN LUIS OBISPO","GROVER BEACH",-120.60917663574219,35.120960235595703
94888329,2025,2025-10-16,9745,2025-10-07,"342 ",023036,,2,3,9,4000,0,3,5,,2,004,SR-1,"OSO FLACO LAKE ROAD",0.00,,Y,A,-,Y,SLO,,1," "," ",2.334,H,,R,Y,4,0,2,2,A,-,12,22450,A,N,D,C,A,A,H,-,D,A,0,,,,,Y,,A,08,0,0,2,0,0,0,0,0,0,"- ","- ",35.010768890380859,-120.56755065917969,"SAN LUIS OBISPO",UNINCORPORATED,-120.56758880615234,35.010780334472656
9489563,2022,2022-09-08,4008,2022-08-11,1045,4153,,4,5,4,4008,0,0,0,,0,,"SANTA LUCIA RD","SAN ANDRES AV",0.00,,Y,A,-,N,,,,,,,,,,Y,3,0,2,2,A,-,09,21801,A,N,D,C,A,A,H,-,A,A,0,,,,,Y,,A,01,0,2,0,0,0,0,0,0,0,"- ","- ",35.484241485595703,-120.67623138427734,"SAN LUIS OBISPO",ATASCADERO,-120.67617034912109,35.484012603759766
94896411,2025,2025-10-21,9745,2025-10-09,1935,020643,,4,2,9,4000,0,2,4,,1,025,"LOS OSOS VALLEY ROAD","PALISADES AVENUE",140.00,E,N,A,-,N,,,,,,,,,,Y,3,0,1,1,A,-,08,22107,,N,A,I,A,A,H,-,C,D,0,,,,,Y,Y,A,07,0,1,0,0,0,0,0,0,0,"- ","- ",35.311748504638672,-120.83602142333984,"SAN LUIS OBISPO",UNINCORPORATED,-120.83609771728516,35.311817169189453
94898246,2025,2025-10-23,9740,2025-10-16,1100,023285,,4,1,9,4000,0,1,2,,2,003,"US-101 S/B TO SR-46 (EAST)","SR-46 (EAST)",535.00,N,N,A,-,Y,SLO,,101," "," ",58.025,H,,L,Y,2,0,1,2,A,-,11,21954,A,N,G,B,E,A,H,-,A,D,0,Y,,,,Y,,N,60,1,0,0,0,1,0,0,0,0,"- ","- ",35.643939971923828,-120.68621063232422,"SAN LUIS OBISPO",UNINCORPORATED,-120.68606567382812,35.643993377685547
94904399,2025,2025-10-28,9740,2025-10-26,1355,017498,,7,1,9,4000,0,1,2,,2,002,"US-101 NORTHBOUND","VINEYARD DR.",50.00,N,N,A,-,Y,SLO,,101," "," ",50.665,H,,R,N,3,0,1,1,C,-,18,,,N,H,H,A,A,H,-,A,D,0,,,,,Y,,-,"- ",0,1,0,0,0,0,0,0,0,"- ","- ",35.543998718261719,-120.71452331542969,"SAN LUIS OBISPO",UNINCORPORATED,-120.71449279785156,35.54400634765625
94905560,2025,2025-11-13,9740,2025-10-24,1650,024263,,5,2,9,4000,0,3,5,,2,018,"BITTERWATER VALLEY RD.","BITTERWATER CANYON RD.",370.00,N,N,A,-,N,,,,,,,,,,N,3,0,2,2,A,-,05,21460,A,N,B,C,A,A,H,-,A,D,0,,,,,Y,,E,22,0,2,0,0,0,0,0,0,0,"- ","- ",35.570899963378906,-120.12481689453125,"SAN LUIS OBISPO",UNINCORPORATED,-120.10746765136719,35.557220458984375
94905737,2025,2025-10-28,9740,2025-10-19,"140 ",022634,,7,3,9,4000,0,1,3,,2,007,SR-41,"CRIPPLE CREEK RD.",3696.00,S,N,A,-,Y,SLO,,41," "," ",25.505,H,,R,Y,4,0,1,1,A,-,01,23152,A,N,E,I,A,A,H,-,D,D,0,,,,,Y,Y,D,22,0,0,1,0,0,0,0,0,0,"- ","- ",35.526130676269531,-120.56397247314453,"SAN LUIS OBISPO",UNINCORPORATED,-120.56393432617188,35.526115417480469
94906312,2025,2025-10-29,9740,2025-10-25,"125 ",024395,,6,3,9,4000,0,1,3,,1,009,"SR-46 (EAST)","ANTELOPE RD.",250.00,E,N,A,-,Y,SLO,,46," "," ",58.349,H,,R,Y,4,0,1,1,A,-,08,22107,,N,F,A,A,A,H,-,D,D,0,,,,,Y,,M,59,0,0,1,0,0,0,0,0,0,"- ","- ",35.743679046630859,-120.22817993164062,"SAN LUIS OBISPO",UNINCORPORATED,-120.22818756103516,35.743751525878906
94909425,2025,2025-12-09,9740,2025-10-28,1700,020302,,2,2,9,4000,0,3,5,,2,019,"INDIAN VALLEY RD.","VINEYARD CANYON RD.",10032.00,N,N,A,-,N,,,,,,,,,,Y,2,0,1,1,A,-,08,22107,,N,E,I,A,A,H,-,A,D,0,,,,,Y,,D,22,1,0,0,0,0,0,0,0,0,"- ","- ",35.790641784667969,-120.71817779541016,"SAN LUIS OBISPO",UNINCORPORATED,-120.71701049804688,35.789939880371094
94911308,2025,2025-11-03,9745,2025-10-12,1109,017709,,7,1,9,4000,0,2,4,,1,048,"AVILA BEACH DRIVE","SAN MIGUEL STREET",295.00,W,N,A,-,N,,,,,,,,,,N,3,0,2,3,A,-,08,22107,,N,B,G,A,A,H,-,A,D,0,,Y,,,Y,,L,04,0,2,0,0,0,0,2,0,0,"- ","- ",35.181690216064453,-120.73352813720703,"SAN LUIS OBISPO",UNINCORPORATED,-120.73352813720703,35.181709289550781
94911410,2025,2025-11-03,9745,2025-10-22,1928,023476,,3,2,9,4000,0,2,4,,1,055,"TEFFT STREET","THOMPSON AVENUE",0.00,,Y,A,-,N,,,,,,,,,,N,4,0,1,2,A,-,08,22107,,N,A,C,A,A,H,-,C,A,0,,,,,Y,,D,22,0,0,1,0,0,0,0,0,0,"- ","- ",35.043048858642578,-120.47617340087891,"SAN LUIS OBISPO",UNINCORPORATED,-120.47605133056641,35.042903900146484
94913742,2025,2025-11-06,9745,2025-10-08,1330,020643,,3,1,4,4006,0,1,2,,2,202,"US-101 NORTHBOUND","MONTEREY ST",2112.00,N,N,A,-,Y,SLO,,101," "," ",30.441,H,,R,N,2,0,1,1,A,-,08,22107,,N,E,I,A,A,H,-,A,A,0,,Y,,,Y,,M,91,1,0,0,0,0,0,1,0,0,"- ","- ",35.293788909912109,-120.64208221435547,"SAN LUIS OBISPO","SAN LUIS OBISPO",-120.64211273193359,35.293827056884766
94916079,2025,2025-11-07,9745,2025-10-28,1118,016390,,2,1,9,4000,0,3,5,,2,004,"WILLOW ROAD","VIA CONCHA ROAD",0.00,,Y,A,-,N,,,,,,,,,,Y,4,0,2,3,A,-,09,21802,A,N,D,C,A,A,H,-,A,A,0,,,,,Y,,A,07,0,0,2,0,0,0,0,0,0,"- ","- ",35.047389984130859,-120.55043792724609,"SAN LUIS OBISPO",UNINCORPORATED,-120.55050659179688,35.047351837158203
94917922,2025,2025-11-10,9745,2025-10-20,1921,020417,,1,2,9,4000,0,1,2,,1,101,"US-101 SOUTHBOUND","OLD STAGE COACH ROAD",4224.00,N,N,B,-,Y,SLO,,101," ",R,33.620,H,,L,N,3,0,1,1,A,-,17,21200,,N,E,I,A,A,H,-,C,D,0,,Y,,,Y,Y,L,04,0,1,0,0,0,0,1,0,0,"- ","- ",35.329391479492188,-120.62148284912109,"SAN LUIS OBISPO",UNINCORPORATED,-120.62139892578125,35.329433441162109
9491919,2022,2022-09-26,4005,2022-07-03,2019,P118,5,7,5,2,4005,0,0,0,,0,,DOLLIVER,"SAN LUIS",0.00,,Y,A,-,Y,SLO,5,1,-,-,15.840,I,5,S,N,4,0,2,2,A,-,01,23152,A,N,D,C,A,A,H,-,A,A,0,,,,,Y,Y,A,07,0,0,2,0,0,0,0,0,0,"- ","- ",,,"SAN LUIS OBISPO","PISMO BEACH",-120.64410400390625,35.14361572265625
94919255,2025,2025-11-11,9745,2025-10-16,1936,023442,,4,2,9,4000,0,2,4,,1,055,"TEFFT STREET","FRONTAGE ROAD",180.00,E,N,A,-,N,,,,,,,,,,N,3,0,1,2,A,-,11,21955,,N,G,B,D,A,H,-,D,A,0,Y,,,,Y,Y,N,60,0,1,0,0,1,0,0,0,0,"- ","- ",35.036899566650391,-120.48471832275391,"SAN LUIS OBISPO",UNINCORPORATED,-120.48475646972656,35.036785125732422
94919645,2025,2025-11-11,9745,2025-10-29,"638 ",016390,,3,1,2,4005,0,1,2,,2,404,"US-101 NORTHBOUND","OAK PARK BOULEVARD",1150.00,N,N,A,-,Y,SLO,,101," "," ",14.841,H,,R,Y,4,0,1,2,A,-,04,21703,,N,C,C,A,A,H,-,A,D,0,,,,,Y,,A,07,0,0,1,0,0,0,0,0,0,"- ","- ",35.131038665771484,-120.61051177978516,"SAN LUIS OBISPO","PISMO BEACH",-120.61050415039062,35.131053924560547
94919885,2025,2025-11-11,9745,2025-10-22,"805 ",020619,,3,1,9,4000,0,1,2,,2,505,"US-101 NORTHBOUND",SR-166,6600.00,N,N,B,-,Y,SLO,,101," "," ",2.151,H,,R,Y,2,0,1,1,A,-,08,22107,,N,E,8,A,A,H,-,B,D,0,,,,,Y,,D,22,1,0,0,0,0,0,0,0,0,"- ","- ",35.009811401367188,-120.45072937011719,"SAN LUIS OBISPO",UNINCORPORATED,-120.45068359375,35.009864807128906
94921363,2025,2025-11-12,9740,2025-11-03,1955,020335,,1,2,9,4000,0,3,5,,2,017,"O'DONOVAN RD.","IRON SPRINGS RD.",3168.00,N,N,A,-,N,,,,,,,,,,Y,2,0,1,1,A,-,01,23152,A,N,E,8,A,A,H,-,D,D,0,,,,,Y,Y,A,07,1,0,0,0,0,0,0,0,0,"- ","- ",35.476470947265625,-120.50373077392578,"SAN LUIS OBISPO",UNINCORPORATED,-120.50405120849609,35.476707458496094
94924810,2025,2025-11-12,9745,2025-10-31,2150,020765,,5,2,9,4000,0,3,5,,2,003,"AIRPORT DRIVE","AVIADORES WAY",300.00,W,N,A,-,N,,,,,,,,,,N,4,0,1,2,A,-,03,22350,,N,C,E,A,A,H,-,C,D,0,,,,,Y,,A,07,0,0,1,0,0,0,0,0,0,"- ","- ",35.239299774169922,-120.63796234130859,"SAN LUIS OBISPO",UNINCORPORATED,,
94924970,2025,2025-11-12,9745,2025-11-02,1230,017709,,7,1,9,4000,0,3,5,,2,004,"ORCUTT ROAD","EDNA RANCH CIRCLE",2640.00,S,N,A,-,N,,,,,,,,,,Y,4,0,2,2,A,-,09,21804,A,N,D,C,A,A,H,-,A,D,0,,,,,Y,,A,01,0,0,2,0,0,0,0,0,0,"- ","- ",35.200229644775391,-120.57115173339844,"SAN LUIS OBISPO",UNINCORPORATED,-120.56683349609375,35.197128295898438
9492641,2022,2022-10-14,4008,2022-08-07,1151,1145,,7,5,4,4008,0,0,0,,0,,"SAN JACINTO AV","NOGALES AV",0.00,,Y,A,-,N,,,,,,,,,,Y,3,0,1,2,A,-,09,21801,A,N,A,C,A,A,H,-,A,D,0,,,,,Y,,D,22,0,1,0,0,0,0,0,0,0,"- ","- ",35.497379302978516,-120.67471313476562,"SAN LUIS OBISPO",ATASCADERO,-120.67469787597656,35.497474670410156
94926633,2025,2025-11-12,9740,2025-11-03,1730,020302,,1,2,9,4000,0,1,3,,1,014,SR-1,"BURTON DR.",0.00,,Y,B,-,Y,SLO,,1," "," ",48.989,H,,R,N,4,0,1,2,A,-,12,21453,A,N,H,G,A,A,H,-,A,A,0,,Y,,,Y,,-,"- ",0,0,1,0,0,0,1,0,0,"- ","- ",35.555400848388672,-121.08248901367188,"SAN LUIS OBISPO",UNINCORPORATED,-121.08247375488281,35.555332183837891
94926740,2025,2025-11-12,9745,2025-11-05,1752,018009,,3,2,3,4001,0,1,2,,2,402,"U.S.101 SOUTHBOUND","OAK PARK BLVD",1056.00,S,N,C,-,Y,SLO,,101," "," ",14.383,H,,L,N,4,0,1,1,A,-,08,22107,,N,E,I,A,B,H,-,D,D,0,,,,,Y,,A,07,0,0,1,0,0,0,0,0,0,"- ","- ",35.128940582275391,-120.60283660888672,"SAN LUIS OBISPO","ARROYO GRANDE",-120.60285186767578,35.128921508789062
94931477,2025,2025-11-14,9740,2025-11-09,1130,019697,,7,1,9,4000,0,1,3,,2,007,SR-41,"STRAW RIDGE RD.",0.00,,Y,A,-,Y,SLO,,41," "," ",27.159,H,,R,Y,3,0,1,2,A,-,05,21460,,N,B,C,A,A,H,-,A,D,0,,,Y,,Y,,C,02,0,1,0,0,0,0,0,0,1,"- ","- ",35.533409118652344,-120.54058074951172,"SAN LUIS OBISPO",UNINCORPORATED,-120.54058074951172,35.533412933349609
94931536,2025,2025-11-14,9740,2025-11-08,"945 ",022621,,6,1,9,4000,0,3,5,,2,017,"NEAL SPRINGS RD.","HANGING TREE RD.",1584.00,W,N,A,-,N,,,,,,,,,,N,2,0,1,1,A,-,08,22107,,N,F,A,A,A,H,-,A,D,0,,Y,,,Y,,L,04,1,0,0,0,0,0,1,0,0,"- ","- ",35.569290161132812,-120.66445922851562,"SAN LUIS OBISPO",UNINCORPORATED,-120.66490173339844,35.568931579589844
9493316,2022,2022-09-23,4008,2022-09-02,1332,1145,,5,5,4,4008,0,0,0,,0,,"MORRO RD","EL CAMINO REAL",639.00,S,N,A,-,Y,SLO,5,41,-,-,15.820,I,5,N,Y,4,0,1,2,A,-,09,21804,,N,A,C,A,A,H,-,A,A,0,,,Y,,Y,,A,01,0,0,1,0,0,0,0,0,1,"- ","- ",,,"SAN LUIS OBISPO",ATASCADERO,-120.66539764404297,35.484287261962891
94936307,2025,2025-11-18,9745,2025-10-21,1525,018805,,2,2,9,4000,0,3,5,,2,002,"OLD CREEK ROAD","MONTECITO ROAD",7920.00,N,N,A,-,N,,,,,,,,,,Y,2,0,1,2,A,-,05,21650,,N,A,C,A,A,H,-,A,D,0,,,Y,,Y,,C,02,1,0,0,0,0,0,0,0,1,"- ","- ",35.457099914550781,-120.86221313476562,"SAN LUIS OBISPO",UNINCORPORATED,-120.86225891113281,35.45703125
94941560,2025,2025-11-21,9745,2025-11-13,1119,017541,,4,1,9,4000,0,2,4,,1,052,"THOMPSON AVENUE","RANCHO ROAD",10.00,N,N,B,-,N,,,,,,,,,,Y,4,0,1,2,A,-,03,22350,,N,C,C,A,A,H,-,A,D,0,,,,,Y,,D,22,0,0,1,0,0,0,0,0,0,"- ","- ",35.034770965576172,-120.4671630859375,"SAN LUIS OBISPO",UNINCORPORATED,-120.46710205078125,35.034759521484375
94941755,2025,2025-11-21,9730,2025-11-18,1640,020335,,2,2,9,4000,0,1,S,,2,904,SR-1,"LOS BURROS RD.",3696.00,N,N,A,-,Y,MON,,1," "," ",11.307,H,,R,Y,2,0,1,1,A,-,01,23152,A,N,F,A,A,A,H,-,D,D,0,,,,,Y,Y,D,22,1,0,0,0,0,0,0,0,0,"- ","- ",35.887901306152344,-121.46054077148438,"SAN LUIS OBISPO",UNINCORPORATED,-121.46054077148438,35.887901306152344
94945173,2025,2025-11-24,9740,2025-11-22,1950,024398,,6,2,9,4000,0,1,3,,2,008,"SR-46 (EAST)",SR-41,2323.00,E,N,A,-,Y,,,,,,,,,,Y,4,0,2,2,A,-,08,22107,,N,A,C,A,A,H,-,D,D,0,,,,,Y,,D,22,0,0,2,0,0,0,0,0,0,"- ","- ",35.739910125732422,-120.26113128662109,"SAN LUIS OBISPO",UNINCORPORATED,-120.27680969238281,35.735816955566406
94946962,2025,2025-11-25,9740,2025-11-24,"725 ",019330,,1,1,9,4000,0,3,5,,2,022,"NACIMIENTO LAKE DR.","INTERLAKE RD.",60.00,W,N,E,-,N,,,,,,,,,,N,3,0,1,1,A,-,03,22350,,N,E,I,A,B,H,-,A,D,0,,,,,Y,,D,22,0,1,0,0,0,0,0,0,0,"- ","- ",35.774738311767578,-120.89115905761719,"SAN LUIS OBISPO",UNINCORPORATED,-120.89124298095703,35.774677276611328
94956275,2025,2025-12-03,9745,2025-11-21,1620,022930,,5,2,9,4000,0,3,5,,2,004,"AVILA BEACH DRIVE","ONTARIO ROAD",0.00,,Y,A,-,N,,,,,,,,,,Y,3,0,2,2,A,-,09,21802,A,N,D,C,A,A,H,-,A,A,0,,,,,Y,,A,07,0,2,0,0,0,0,0,0,0,"- ","- ",35.181140899658203,-120.70426177978516,"SAN LUIS OBISPO",UNINCORPORATED,-120.70412445068359,35.180992126464844
94958511,2025,2025-12-05,9745,2025-12-03,1800,022937,,3,2,3,4001,0,1,2,,2,402,"US 101 SOUTHBOUND","GRAND AVE",528.00,S,N,A,-,Y,SLO,,101," "," ",13.003,H,,L,Y,4,0,1,3,A,-,03,22350,,N,C,C,A,A,H,-,C,D,0,,,,,Y,,A,01,0,0,1,0,0,0,0,0,0,"- ","- ",35.120418548583984,-120.58094787597656,"SAN LUIS OBISPO","ARROYO GRANDE",-120.58096313476562,35.120395660400391
94961757,2025,2025-12-08,9740,2025-11-25,"815 ",019697,,2,1,9,4000,0,1,3,,2,007,SR-41,"LA PANZA RD.",0.00,,Y,A,-,Y,SLO,,41," "," ",28.113,H,,R,Y,4,0,1,2,A,-,09,21800,A,N,D,C,A,A,H,-,A,A,0,,,,,Y,,A,01,0,0,1,0,0,0,0,0,0,"- ","- ",35.534370422363281,-120.52375030517578,"SAN LUIS OBISPO",UNINCORPORATED,-120.52375030517578,35.534339904785156
94966700,2025,2025-12-10,9745,2025-12-01,1245,016390,,1,1,9,4000,0,3,5,,2,004,"BRANCH MILL ROAD","HUASNA ROAD",3500.00,W,N,A,-,N,,,,,,,,,,Y,4,0,1,1,A,-,08,22107,,N,E,J,A,B,H,-,A,A,0,,,,,Y,,A,01,0,0,1,0,0,0,0,0,0,"- ","- ",35.130409240722656,-120.54952239990234,"SAN LUIS OBISPO",UNINCORPORATED,-120.54081726074219,35.134990692138672
94968747,2025,2025-12-11,9745,2025-12-02,"942 ",017144,,2,1,9,4000,0,1,3,,2,023,"SR-1 SOUTHBOUND","SOUTH BAY BOULEVARD",300.00,S,N,B,-,Y,SLO,,1," "," ",27.861,H,,L,Y,3,0,1,2,A,-,17,23114,A,N,E,I,A,A,H,-,A,D,0,,,,,Y,,E,22,0,1,0,0,0,0,0,0,0,"- ","- ",35.364219665527344,-120.82276916503906,"SAN LUIS OBISPO",UNINCORPORATED,-120.82280731201172,35.364078521728516
94974299,2025,2025-12-16,9745,2025-10-20,2045,023805,,1,2,9,4000,0,2,4,,1,053,"POMEROY ROAD","ADEN WAY",0.00,,Y,E,-,N,,,,,,,,,,Y,4,0,1,1,A,-,01,23152,A,N,E,I,A,A,H,-,D,D,0,,,,,Y,Y,A,01,0,0,1,0,0,0,0,0,0,"- ","- ",35.061969757080078,-120.52722930908203,"SAN LUIS OBISPO",UNINCORPORATED,-120.527197,35.061858999999998
94976554,2025,2025-12-17,9740,2025-12-16,1500,019800,,2,2,9,4000,0,1,2,,2,002,"US-101 SOUTHBOUND","SR-46 (WEST)",100.00,S,N,A,-,Y,SLO,,101," "," ",54.028,H,,L,Y,4,0,1,2,A,-,03,22350,,N,C,C,A,A,H,-,A,D,0,,,,,Y,,D,22,0,0,1,0,0,0,0,0,0,"- ","- ",35.588088989257812,-120.69583129882812,"SAN LUIS OBISPO",UNINCORPORATED,-120.69586944580078,35.588092803955078