CASE_ID,ACCIDENT_YEAR,PROC_DATE,JURIS,COLLISION_DATE,COLLISION_TIME,OFFICER_ID,REPORTING_DISTRICT,DAY_OF_WEEK,CHP_SHIFT,POPULATION,CNTY_CITY_LOC,SPECIAL_COND,BEAT_TYPE,CHP_BEAT_TYPE,CITY_DIVISION_LAPD,CHP_BEAT_CLASS,BEAT_NUMBER,PRIMARY_RD,SECONDARY_RD,DISTANCE,DIRECTION,INTERSECTION,WEATHER_1,WEATHER_2,STATE_HWY_IND,CALTRANS_COUNTY,CALTRANS_DISTRICT,STATE_ROUTE,ROUTE_SUFFIX,POSTMILE_PREFIX,POSTMILE,LOCATION_TYPE,RAMP_INTERSECTION,SIDE_OF_HWY,TOW_AWAY,COLLISION_SEVERITY,NUMBER_KILLED,NUMBER_INJURED,PARTY_COUNT,PRIMARY_COLL_FACTOR,PCF_CODE_OF_VIOL,PCF_VIOL_CATEGORY,PCF_VIOLATION,PCF_VIOL_SUBSECTION,HIT_AND_RUN,TYPE_OF_COLLISION,MVIW,PED_ACTION,ROAD_SURFACE,ROAD_COND_1,ROAD_COND_2,LIGHTING,CONTROL_DEVICE,CHP_ROAD_TYPE,PEDESTRIAN_ACCIDENT,BICYCLE_ACCIDENT,MOTORCYCLE_ACCIDENT,TRUCK_ACCIDENT,NOT_PRIVATE_PROPERTY,ALCOHOL_INVOLVED,STWD_VEHTYPE_AT_FAULT,CHP_VEHTYPE_AT_FAULT,COUNT_SEVERE_INJ,COUNT_VISIBLE_INJ,COUNT_COMPLAINT_PAIN,COUNT_PED_KILLED,COUNT_PED_INJURED,COUNT_BICYCLIST_KILLED,COUNT_BICYCLIST_INJURED,COUNT_MC_KILLED,COUNT_MC_INJURED,PRIMARY_RAMP,SECONDARY_RAMP,LATITUDE,LONGITUDE,COUNTY,CITY,POINT_X,POINT_Y
6536270,2014,2014-08-19,4005,2014-05-29,1550,P085,3,4,5,2,4005,0,0,0,,0,,PRICE,STIMSON,0.00,,Y,A,-,N,,,,,,,,,,N,4,0,1,2,A,-,05,21650,1,N,D,G,A,A,H,-,A,A,0,,Y,,,Y,,L,04,0,0,1,0,0,0,1,0,0,"- ","- ",,,"SAN LUIS OBISPO","PISMO BEACH",-120.63848998,35.140360059999999
6536309,2014,2016-04-07,4008,2014-05-18,1500,4044,,7,5,4,4008,0,0,0,,0,,"MORRO RD","ATASCADERO AV",10.00,W,N,A,-,Y,SLO,5,41,-,-,15.560,H,-,N,N,4,0,1,2,A,-,04,21703,,N,C,C,A,A,H,-,A,A,0,,,,,Y,,A,01,0,0,1,0,0,0,0,0,0,"- ","- ",35.480739999999997,-120.66656,"SAN LUIS OBISPO",ATASCADERO,-120.66649045,35.480522780000001
6537550,2014,2016-04-05,9750,2014-06-18,0545,013267,,3,3,9,4000,0,1,3,,1,065,"RT 166","RT 33",6336.00,W,N,A,-,Y,SLO,5,166,-,-,73.400,H,-,W,Y,3,0,2,2,A,-,06,21750,,N,C,C,A,A,H,-,B,D,0,,,,,Y,,A,01,0,2,0,0,0,0,0,0,0,"- ","- ",34.934170000000002,-119.53482,"SAN LUIS OBISPO",UNINCORPORATED,-119.53543349,34.934157620000001
6538245,2014,2016-04-06,4004,2014-06-22,1145,1200,03,7,5,3,4004,0,0,0,,0,034,"RT 46",UNION,0.00,,Y,A,-,Y,SLO,5,46,-,-,38.610,I,5,E,Y,2,0,2,2,A,-,09,21800,A,N,D,C,A,A,H,-,A,D,0,,,Y,,Y,,A,01,1,1,0,0,0,0,0,0,2,"- ","- ",,,"SAN LUIS OBISPO","PASO ROBLES",-120.53399666,35.65538866
6538333,2014,2016-04-05,9750,2014-06-28,1232,014820,,6,1,9,4000,0,1,3,,1,063,"RT 166","SIERRA MADRE RD",36432.00,E,N,A,-,Y,SLO,5,166,-,-,41.410,H,-,W,Y,2,0,1,1,A,-,03,22350,,N,F,A,A,A,H,-,A,D,0,,,Y,,Y,,C,02,1,0,0,0,0,0,0,0,1,"- ","- ",35.066409999999998,-119.98305999999999,"SAN LUIS OBISPO",UNINCORPORATED,-120.03895103000001,35.091383299999997
6538513,2014,2014-08-13,4006,2014-06-27,0939,10140,4006,5,5,4,4006,0,0,0,,0,,HIGUERA,MORRO,120.00,W,N,A,-,N,,,,,,,,,,N,4,0,1,2,A,-,17,22517,,N,B,C,A,A,H,-,A,D,0,,,,,Y,,A,01,0,0,1,0,0,0,0,0,0,"- ","- ",,,"SAN LUIS OBISPO","SAN LUIS OBISPO",-120.66205346,35.280404300000001
6540948,2014,2016-05-04,9745,2014-07-14,2140,016514,,1,2,9,4000,0,1,3,,1,011,"RT 41","BEAR RIDGE RD",1584.00,N,N,A,-,Y,SLO,5,41,-,-,5.670,H,-,N,Y,4,0,1,1,A,-,08,22107,,N,H,A,A,A,H,-,D,D,0,,,,,Y,,A,07,0,0,1,0,0,0,0,0,0,"- ","- ",35.426879999999997,-120.77775,"SAN LUIS OBISPO",UNINCORPORATED,-120.77649246999999,35.427836859999999
6541944,2014,2016-05-02,4005,2014-07-05,1410,P085,3,6,5,2,4005,0,0,0,,0,,DOLLIVER,"STIMSON AV",0.00,,Y,A,-,Y,SLO,5,1,-,-,15.450,I,5,S,N,3,0,2,2,A,-,09,21802,A,N,D,C,A,A,H,-,A,A,0,,,Y,,Y,,A,01,0,2,0,0,0,0,0,0,2,"- ","- ",,,"SAN LUIS OBISPO","PISMO BEACH",-120.63982038,35.139224929999997
6544012,2014,2014-08-12,4006,2014-06-20,1133,27940,,5,5,4,4006,0,0,0,,0,,MARSH,MORRO,75.00,W,N,A,-,N,,,,,,,,,,N,4,0,1,2,A,-,11,21954,A,N,G,B,E,A,H,-,A,A,0,Y,,,,Y,,N,60,0,0,1,0,1,0,0,0,0,"- ","- ",,,"SAN LUIS OBISPO","SAN LUIS OBISPO",-120.66122195,35.279687449999997
6544512,2014,2014-08-12,4006,2014-06-25,1601,16380,,3,5,4,4006,0,0,0,,0,,SWEENEY,BROAD,246.00,W,N,A,-,N,,,,,,,,,,N,3,0,1,2,A,-,11,21956,,N,G,J,E,A,H,-,A,D,0,Y,,,,Y,,N,60,0,1,0,0,1,0,0,0,0,"- ","- ",,,"SAN LUIS OBISPO","SAN LUIS OBISPO",-120.65154525,35.262127450000001
6544516,2014,2016-04-09,9745,2014-06-26,1645,012876,,4,2,9,4000,0,1,2,,2,404,"RT 101","SPYGLASS DR",1056.00,S,N,A,-,Y,SLO,5,101,-,R,19.610,H,-,S,Y,4,0,5,2,A,-,04,21703,,N,C,C,A,A,H,-,A,D,1,,,,,Y,,A,01,0,0,5,0,0,0,0,0,0,"- ","- ",35.16236,-120.68339,"SAN LUIS OBISPO",UNINCORPORATED,-120.68395357999999,35.16249449
6544532,2014,2014-08-12,4006,2014-06-25,1129,16380,,3,5,4,4006,0,0,0,,0,,MONTEREY,JOHNSON,154.00,W,N,A,-,N,,,,,,,,,,N,4,0,1,2,A,-,17,22517,,N,B,G,A,A,H,-,A,D,0,,Y,,,Y,,A,01,0,0,1,0,0,0,1,0,0,"- ","- ",,,"SAN LUIS OBISPO","SAN LUIS OBISPO",-120.65766729000001,35.284020150000003
6546688,2014,2016-05-09,4004,2014-07-01,1513,1197,03,2,5,3,4004,0,0,0,,0,034,"RT 46 E",UNION,0.00,,Y,A,-,Y,SLO,5,46,-,-,38.610,H,-,E,N,4,0,1,2,A,-,09,21800,A,N,D,C,A,A,H,-,A,D,0,,,,,Y,,D,22,0,0,1,0,0,0,0,0,0,"- ","- ",,,"SAN LUIS OBISPO","PASO ROBLES",-120.53399666,35.65538866
6546692,2014,2016-04-07,4004,2014-06-22,1601,0376,03,7,5,3,4004,0,0,0,,0,033,"GOLDEN HILL","RT 46 E",204.00,N,N,A,-,Y,SLO,5,46,-,-,31.310,I,6,W,N,3,0,2,2,A,-,09,21804,A,N,B,C,A,A,H,-,A,A,0,,,Y,Y,Y,,F,26,0,1,1,0,0,0,0,0,2,"- ","- ",,,"SAN LUIS OBISPO","PASO ROBLES",-120.65808991999999,35.644628570000002
6547155,2014,2014-08-13,9740,2014-06-28,1205,014460,,6,1,9,4000,0,2,4,,2,012,"NACIMIENTO LAKE DR","HERITAGE LOOP RD",1056.00,S,N,A,-,N,,,,,,,,,,N,2,0,1,1,A,-,03,22350,,N,F,A,A,A,H,-,A,D,0,,,Y,,Y,,C,02,1,0,0,0,0,0,0,0,1,"- ","- ",35.741950000000003,-120.87397,"SAN LUIS OBISPO",UNINCORPORATED,-120.87335634,35.741436329999999
6547670,2014,2016-05-09,9740,2014-07-08,0905,012113,,2,1,9,4000,0,1,3,,1,009,"RT 46","ANTELOPE RD",1629.00,E,N,A,-,Y,SLO,5,46,-,-,58.610,H,-,E,Y,2,0,4,3,A,-,06,21751,,N,A,C,A,A,H,-,A,D,0,,,,Y,Y,,A,01,4,0,0,0,0,0,0,0,0,"- ","- ",35.744399999999999,-120.22342,"SAN LUIS OBISPO",UNINCORPORATED,-120.22383188000001,35.744018269999998
6548389,2014,2014-08-21,9745,2014-06-26,1534,013212,,4,2,9,4000,0,2,4,,1,042,"ORCUTT RD","LOPEZ DR",3168.00,N,N,A,-,N,,,,,,,,,,N,4,0,1,1,A,-,08,22107,,N,E,I,A,A,H,-,A,D,0,,,,,Y,,A,07,0,0,1,0,0,0,0,0,0,"- ","- ",35.177289999999999,-120.53937000000001,"SAN LUIS OBISPO",UNINCORPORATED,-120.53832948,35.177061780000002
6548674,2014,2014-08-13,4006,2014-06-20,0816,14062002,4006,5,5,4,4006,0,0,0,,0,,"LOS OSOS VALLEY RD","CALLE JOAQUIN",146.00,S,N,A,-,N,,,,,,,,,,Y,4,0,1,2,A,-,09,21804,A,N,D,D,A,A,H,-,A,D,0,,,,,Y,,A,07,0,0,1,0,0,0,0,0,0,"- ","- ",,,"SAN LUIS OBISPO","SAN LUIS OBISPO",-120.68286667,35.246352000000002
6548917,2014,2016-01-06,4006,2014-06-30,1322,16280,,1,5,4,4006,0,0,0,,0,,BROAD,"TANK FARM RD",11.00,S,N,A,-,N,,,,,,,,,,Y,3,0,2,3,A,-,03,22350,,N,C,C,A,A,H,-,A,A,0,,,,,Y,,A,01,0,1,1,0,0,0,0,0,0,"- ","- ",,,"SAN LUIS OBISPO","SAN LUIS OBISPO",-120.64300535,35.248322279999996
6549622,2014,2016-05-04,9745,2014-07-02,1819,017541,,3,2,2,4005,0,1,2,,2,404,"RT 101","SPYGLASS DR",2640.00,S,N,A,-,Y,SLO,5,101,-,-,19.310,H,-,S,Y,4,0,1,2,A,-,03,22350,,N,C,C,A,A,H,-,A,D,1,,,,,Y,,A,01,0,0,1,0,0,0,0,0,0,"- ","- ",35.160780000000003,-120.67977999999999,"SAN LUIS OBISPO","PISMO BEACH",-120.67934603,35.160703060000003
6549771,2014,2016-04-07,9740,2014-06-28,1253,013246,,6,1,4,4008,0,1,2,,2,002,"RT 101","DEL RIO RD",2640.00,S,N,A,-,Y,SLO,5,101,-,-,47.830,H,-,S,Y,4,0,1,2,A,-,03,22350,,N,C,C,A,A,H,-,A,D,1,,,,,Y,,A,01,0,0,1,0,0,0,0,0,0,"- ","- ",35.506439999999998,-120.69449,"SAN LUIS OBISPO",ATASCADERO,-120.69489917,35.506810710000003
6550326,2014,2016-05-04,9745,2014-07-03,2150,017541,,4,2,9,4000,0,1,2,,2,505,"RT 101","TEFFT ST",10560.00,S,N,A,-,Y,SLO,5,101,-,-,2.850,H,-,N,Y,3,0,1,2,A,-,08,22107,,N,B,C,A,A,H,-,D,D,1,,,,Y,Y,,A,01,0,1,0,0,0,0,0,0,0,"- ","- ",35.030000000000001,-120.285,"SAN LUIS OBISPO",UNINCORPORATED,-120.46053743,35.01514933
6550438,2014,2016-01-15,9745,2014-07-04,1242,017151,,5,1,9,4000,0,1,3,,1,032,"RT 227","BUCKLEY RD",50.00,N,N,A,-,N,,,,,,,,,,N,4,0,1,2,A,-,03,22350,,N,C,C,A,A,H,-,A,D,0,,,,,Y,,A,01,0,0,1,0,0,0,0,0,0,"- ","- ",35.287010000000002,-120.66313,"SAN LUIS OBISPO",UNINCORPORATED,-120.63123822,35.233542579999998
6550442,2014,2014-08-25,9745,2014-07-05,1630,016068,,6,2,9,4000,0,3,5,,2,005,"UPPER LOS BERROS RD","N DANA FOOTHILL RD",5280.00,N,N,A,-,N,,,,,,,,,,Y,4,0,1,1,A,-,08,22107,,N,F,A,A,A,H,-,A,D,0,,,,,Y,,A,07,0,0,1,0,0,0,0,0,0,"- ","- ",35.089829999999999,-120.50651999999999,"SAN LUIS OBISPO",UNINCORPORATED,-120.4980288,35.095828099999999
6550446,2014,2014-08-25,9745,2014-07-02,1430,012876,,3,2,9,4000,0,2,4,,1,048,"AVILA BEACH DR","1ST ST",40.00,E,N,A,-,N,,,,,,,,,,N,4,0,1,2,A,-,21,22106,,N,C,C,A,A,H,-,A,A,0,,,,,Y,,A,08,0,0,1,0,0,0,0,0,0,"- ","- ",35.180700000000002,-120.73611,"SAN LUIS OBISPO",UNINCORPORATED,-120.73592752,35.180552050000003
6551772,2014,2016-07-11,4006,2014-04-10,1845,33665,,4,5,4,4006,0,0,0,,0,,FOOTHILL,"RT 1",15.00,E,N,A,-,Y,,,,,,,,,,N,2,0,1,2,A,-,08,22100,A,F,H,G,A,A,H,-,A,A,0,,Y,,,Y,,A,01,1,0,0,0,0,0,1,0,0,"- ","- ",,,"SAN LUIS OBISPO","SAN LUIS OBISPO",-120.66800974,35.294069999999998
6557892,2014,2016-05-02,9745,2014-07-09,1350,012876,,3,1,9,4000,0,3,5,,2,002,"STENNER CREEK RD","RT 1",45.00,E,N,A,-,Y,SLO,5,1,-,-,18.580,I,6,N,Y,3,0,1,1,A,-,05,21650,,N,E,I,A,A,H,-,A,D,1,,,,,Y,,D,22,0,1,0,0,0,0,0,0,0,"- ","- ",35.308300000000003,-120.68052,"SAN LUIS OBISPO",UNINCORPORATED,-120.68079009,35.307980690000001
6558736,2014,2016-05-04,9745,2014-07-16,0750,012876,,3,1,9,4000,0,1,2,,2,202,"RT 101","SANTA ROSA ST",700.00,S,N,B,-,Y,SLO,5,101,-,-,28.940,H,-,S,Y,4,0,1,1,A,-,03,22350,,N,E,I,A,A,H,-,A,D,1,,,,,Y,,A,01,0,0,1,0,0,0,0,0,0,"- ","- ",35.285209999999999,-120.66582,"SAN LUIS OBISPO",UNINCORPORATED,-120.66523556999999,35.285592639999997
6558760,2014,2014-08-26,9745,2014-07-13,0645,017151,,7,1,9,4000,0,2,4,,1,055,"TEFFT ST","HAZEL LN",15.00,E,N,A,-,N,,,,,,,,,,Y,3,0,1,1,A,-,01,23152,A,N,E,I,A,A,H,-,A,D,0,,,,,Y,Y,A,01,0,1,0,0,0,0,0,0,0,"- ","- ",35.02411,-120.49887,"SAN LUIS OBISPO",UNINCORPORATED,-120.49886972,35.023947669999998
6559399,2014,2014-09-02,9745,2014-07-09,0750,012876,,3,1,9,4000,0,2,4,,1,055,"LOPEZ DR","HUASNA RD",700.00,E,N,B,-,N,,,,,,,,,,Y,3,0,1,1,A,-,01,23152,A,N,E,I,A,A,H,-,A,D,0,,,,,Y,Y,A,01,0,1,0,0,0,0,0,0,0,"- ","- ",35.141840000000002,-120.54689999999999,"SAN LUIS OBISPO",UNINCORPORATED,-120.54685754,35.141147289999999
6559403,2014,2016-05-04,9745,2014-07-12,1113,017144,,6,1,9,4000,0,1,2,,2,505,"RT 101","TEFFT ST",2640.00,N,N,A,-,Y,SLO,5,101,-,-,5.350,H,-,N,N,4,0,1,2,A,-,07,21658,A,N,E,I,A,A,H,-,A,D,1,,,,,Y,,A,01,0,0,1,0,0,0,0,0,0,"- ","- ",35.051090000000002,-120.49732,"SAN LUIS OBISPO",UNINCORPORATED,-120.48977561,35.042765789999997
6560254,2014,2016-05-09,9750,2014-07-05,1330,017379,,6,1,9,4000,0,1,3,,1,067,"RT 33","RT 166",50.00,S,N,A,-,Y,SLO,5,33,-,-,2.770,H,-,S,Y,2,0,2,1,A,-,08,22107,,N,E,I,A,A,H,-,A,D,0,,,,,Y,,A,01,1,0,1,0,0,0,0,0,0,"- ","- ",34.935940000000002,-119.51284,"SAN LUIS OBISPO",UNINCORPORATED,-119.50813476,34.936638440000003
6563685,2014,2014-07-25,9740,2014-04-20,1430,15644,,7,2,9,4000,0,3,5,,2,016,"POZO RD","HI MOUNTAIN RD",4224.00,W,N,A,-,N,,,,,,,,,,Y,3,0,1,1,A,-,01,23152,A,N,E,I,A,A,H,-,A,D,0,,,,,Y,Y,A,01,0,1,0,0,0,0,0,0,0,"- ","- ",35.303350000000002,-120.39279000000001,"SAN LUIS OBISPO",UNINCORPORATED,-120.40130782,35.293050999999998
6565369,2014,2016-05-04,9740,2014-07-07,1050,011452,,1,1,4,4008,0,1,2,,2,001,"RT 101","SANTA BARBARA RD",528.00,S,N,A,-,Y,SLO,5,101,-,-,42.170,H,-,N,Y,4,0,1,2,A,-,07,21658,A,N,B,C,A,A,H,-,A,D,1,,,,,Y,,A,01,0,0,1,0,0,0,0,0,0,"- ","- ",35.440669999999997,-120.63767,"SAN LUIS OBISPO",ATASCADERO,-120.63799192,35.442130519999999
6566380,2014,2016-05-04,9740,2014-07-07,1352,019259,,1,1,9,4000,0,1,2,,2,004,"RT 101","SPRING ST",1584.00,N,N,A,-,Y,SLO,5,101,-,-,59.060,H,-,N,Y,3,0,1,1,A,-,01,23152,A,N,F,-,A,A,H,-,A,D,5,,,,,Y,Y,A,01,0,1,0,0,0,0,0,0,0,"- ","- ",35.658949999999997,-120.69765,"SAN LUIS OBISPO",UNINCORPORATED,-120.6966886,35.655308769999998
6566388,2014,2014-08-25,9740,2014-07-11,1440,13133,,5,2,9,4000,0,3,5,,2,019,"GENESEO RD","LONE PINE PL",90.00,S,N,A,-,N,,,,,,,,,,N,3,0,3,1,A,-,08,22107,,F,F,A,A,A,H,-,A,D,0,,,,,Y,,A,07,0,2,1,0,0,0,0,0,0,"- ","- ",35.625900000000001,-120.55056999999999,"SAN LUIS OBISPO",UNINCORPORATED,-120.55108681999999,35.626366740000002
6568934,2014,2016-05-03,9750,2014-07-12,0130,18009,,6,3,9,4000,0,1,3,,2,061,"RT 166","TEPUSQUET RD",10560.00,W,N,A,-,Y,SLO,5,166,-,-,22.100,H,-,W,Y,2,0,1,1,A,-,08,22107,,N,E,J,A,A,H,-,D,D,0,,,,,Y,,A,08,1,0,0,0,0,0,0,0,0,"- ","- ",35.029409999999999,-120.24714,"SAN LUIS OBISPO",UNINCORPORATED,-120.24041726,35.025822839999996
6568994,2014,2016-05-04,4008,2014-07-01,0530,2032,,2,5,4,4008,0,0,0,,0,,"MORRO RD","CURBARIL AV",45.00,E,N,A,-,Y,SLO,5,41,-,-,15.120,H,-,S,Y,3,0,1,1,B,-,22,,,N,E,I,A,A,H,-,A,A,0,,,,,Y,,D,72,0,1,0,0,0,0,0,0,0,"- ","- ",35.474339999999998,-120.66829,"SAN LUIS OBISPO",ATASCADERO,-120.66831271,35.474231860000003
6569573,2014,2016-05-02,9745,2014-07-16,2200,018021,,3,3,9,4000,0,1,3,,2,023,"RT 1","HIGHLAND DR",30.00,N,N,A,-,Y,SLO,5,1,-,-,21.150,H,-,S,Y,4,0,1,3,A,-,03,22350,,N,C,C,A,A,H,-,C,D,1,,,,,Y,,D,22,0,0,1,0,0,0,0,0,0,"- ","- ",35.298850000000002,-120.67435,"SAN LUIS OBISPO",UNINCORPORATED,-120.72080414,35.322642080000001
6571209,2014,2016-05-04,9745,2014-07-12,2134,015716,,6,2,3,4001,0,1,2,,2,402,"RT 101","GRAND AV",528.00,S,N,A,-,Y,SLO,5,101,-,-,13.070,H,-,N,Y,2,0,7,3,A,-,01,23152,A,N,A,C,A,A,H,-,C,D,1,,,,,Y,Y,A,01,1,4,2,0,0,0,0,0,0,"- ","- ",35.120750000000001,-120.58131,"SAN LUIS OBISPO","ARROYO GRANDE",-120.58194425000001,35.120962499999997
6572482,2014,2016-05-04,9740,2014-07-15,2130,013952,,2,2,9,4000,0,1,3,,2,010,"RT 41","RT 46",12672.00,N,N,A,-,Y,SLO,5,41,-,-,46.400,H,-,S,Y,2,0,1,1,A,-,08,22107,,N,F,A,A,A,H,-,D,D,0,,,,,Y,,A,01,1,0,0,0,0,0,0,0,0,"- ","- ",35.761380000000003,-120.25494,"SAN LUIS OBISPO",UNINCORPORATED,-120.2541698,35.762241750000001
6572961,2014,2014-08-07,4008,2014-05-29,2021,3054,,4,5,4,4008,0,0,0,,0,48S1,"SANTA YNEZ AV","DEVON CT",1005.00,E,N,A,-,N,,,,,,,,,,N,3,0,1,1,A,-,14,24400,,N,F,I,A,A,H,-,B,D,0,,,,,Y,,-,,0,1,0,0,0,0,0,0,0,"- ","- ",,,"SAN LUIS OBISPO",ATASCADERO,-120.66875591,35.478406970000002
6573973,2014,2014-09-02,4006,2014-07-10,2320,92800,,4,5,4,4006,0,0,0,,0,,SOUTH,BEEBEE,0.00,,Y,A,-,N,,,,,,,,,,N,4,0,1,1,A,-,17,21208,A,N,F,I,A,A,H,-,C,A,0,,Y,,,Y,Y,L,04,0,0,1,0,0,0,1,0,0,"- ","- ",,,"SAN LUIS OBISPO","SAN LUIS OBISPO",-120.66799949999999,35.269533000000003
6573974,2014,2014-08-27,4006,2014-07-07,0750,16380,,1,5,4,4006,0,0,0,,0,,"LOS OSOS VALLEY","AUTO PARK WY",147.00,N,N,A,-,N,,,,,,,,,,Y,4,0,2,2,A,-,08,22107,,N,D,C,A,A,H,-,A,D,0,,,,,Y,,A,07,0,0,2,0,0,0,0,0,0,"- ","- ",,,"SAN LUIS OBISPO","SAN LUIS OBISPO",-120.68544283999999,35.250174340000001
6573975,2014,2016-05-04,4006,2014-07-10,1732,27940,,4,5,4,4006,0,0,0,,0,,MADONNA,"RT 101",0.00,,Y,A,-,Y,SLO,5,101,-,-,27.400,R,4,N,Y,4,0,2,5,A,-,03,22350,,N,C,C,A,A,H,-,A,A,0,,,,,Y,,A,01,0,0,2,0,0,0,0,0,0,"- ",NF,,,"SAN LUIS OBISPO","SAN LUIS OBISPO",-120.67359021999999,35.264634729999997
6573978,2014,2015-10-01,4006,2014-07-09,1452,16380,,3,5,4,4006,0,0,0,,0,,"LOS OSOS VALLEY","CALLE JOAQUIN",0.00,,Y,A,-,N,,,,,,,,,,Y,3,0,1,2,A,-,09,21801,A,N,D,C,A,A,H,-,A,D,0,,,,,Y,,A,07,0,1,0,0,0,0,0,0,0,"- ","- ",,,"SAN LUIS OBISPO","SAN LUIS OBISPO",-120.68302994,35.24673009
6573980,2014,2016-05-04,9745,2014-07-20,1751,015734,,7,2,9,4000,0,1,3,,1,011,"RT 41","BEAR RIDGE RD",1056.00,S,N,A,-,Y,SLO,5,41,-,-,5.170,H,-,S,Y,3,0,1,1,A,-,08,22107,,N,E,I,A,A,H,-,A,D,0,,,,,Y,,A,01,0,1,0,0,0,0,0,0,0,"- ","- ",35.423740000000002,-120.78505,"SAN LUIS OBISPO",UNINCORPORATED,-120.78353343000001,35.423893280000001
6576565,2014,2014-08-18,4006,2014-07-18,1354,27940,,5,5,4,4006,0,0,0,,0,,CHORRO,PEACH,0.00,,Y,A,-,N,,,,,,,,,,N,3,0,1,2,A,-,08,22100,A,N,B,C,A,A,H,-,A,A,0,,,Y,,Y,,A,01,0,1,0,0,0,0,0,0,1,"- ","- ",,,"SAN LUIS OBISPO","SAN LUIS OBISPO",-120.66568989,35.283060030000001
6576569,2014,2014-08-18,4006,2014-07-23,1740,27940,,3,5,4,4006,0,0,0,,0,,MADONNA,DALIDIO,683.00,W,N,A,-,N,,,,,,,,,,Y,3,0,2,3,A,-,05,21650,,N,A,C,A,A,H,-,A,A,0,,,,,Y,,A,01,0,1,1,0,0,0,0,0,0,"- ","- ",,,"SAN LUIS OBISPO","SAN LUIS OBISPO",-120.68209774,35.260381010000003
6576617,2014,2014-08-28,4006,2014-07-27,2304,59000,,7,5,4,4006,0,0,0,,0,,"SAN LUIS DR",CORRALITOS,706.00,E,N,A,-,N,,,,,,,,,,Y,4,0,1,1,A,-,03,22350,,N,A,H,A,A,H,-,C,D,0,,,,,Y,,A,08,0,0,1,0,0,0,0,0,0,"- ","- ",,,"SAN LUIS OBISPO","SAN LUIS OBISPO",-120.64565772,35.291054350000003
6576621,2014,2016-05-06,4006,2014-07-10,0934,27940,,4,5,4,4006,0,0,0,,0,,CALIFORNIA,"RT 101",0.00,,Y,A,-,Y,SLO,5,101,-,-,29.440,R,4,N,N,3,0,1,1,A,-,21,22106,,N,F,-,A,A,H,-,A,A,0,,Y,,,Y,,L,04,0,1,0,0,0,0,1,0,0,"- ","- ",,,"SAN LUIS OBISPO","SAN LUIS OBISPO",-120.65868116999999,35.290344130000001
6577674,2014,2016-05-02,9740,2014-07-26,1800,19259,,6,2,9,4000,0,1,3,,1,014,"RT 1","PICO AV",0.00,,Y,E,-,Y,SLO,5,1,-,-,54.752,I,5,N,Y,4,0,3,3,A,-,09,21801,A,N,D,C,A,A,H,-,A,D,0,,,,,Y,,A,01,0,0,3,0,0,0,0,0,0,"- ","- ",35.615029999999997,-121.14668,"SAN LUIS OBISPO",UNINCORPORATED,-121.14641834,35.615022930000002
6577763,2014,2014-08-26,9740,2014-07-18,1300,019259,,5,1,9,4000,0,3,5,,2,017,"MAIN ST","4TH ST",0.00,,Y,A,-,N,,,,,,,,,,Y,4,0,1,3,A,-,03,22350,,N,C,C,A,A,H,-,A,D,0,,,,,Y,,A,01,0,0,1,0,0,0,0,0,0,"- ","- ",35.549750000000003,-120.70475999999999,"SAN LUIS OBISPO",UNINCORPORATED,-120.70489986,35.549800060000003
6577767,2014,2014-08-27,9740,2014-07-24,0835,013246,,4,1,9,4000,0,3,5,,2,017,"HUER HUERO RD","KATA CREEK RD",175.00,S,N,A,-,N,,,,,,,,,,Y,3,0,1,1,C,-,18,,,N,E,I,A,A,H,-,A,D,0,,,,,Y,,-,"- ",0,1,0,0,0,0,0,0,0,"- ","- ",35.415900000000001,-120.4145,"SAN LUIS OBISPO",UNINCORPORATED,-120.46430964,35.415960839999997
6577771,2014,2016-05-04,9740,2014-07-10,1035,011452,,4,1,4,4008,0,1,2,,2,002,"RT 101","SAN ANSELMO RD",1056.00,S,N,A,-,Y,SLO,5,101,-,-,46.670,H,-,S,N,4,0,1,1,A,-,03,22350,,N,F,A,A,A,H,-,A,D,1,,,Y,,Y,,C,02,0,0,1,0,0,0,0,0,1,"- ","- ",35.494779999999999,-120.68004999999999,"SAN LUIS OBISPO",ATASCADERO,-120.68045659000001,35.495138089999998
6577934,2014,2014-08-19,4005,2014-06-28,1844,P096,3,6,5,2,4005,0,0,0,,0,,"PRICE ST","HOLLISTER AV",93.00,N,N,A,-,N,,,,,,,,,,N,4,0,1,2,A,-,11,21954,A,N,G,B,D,A,H,-,A,D,0,Y,,,,Y,,A,08,0,0,1,0,1,0,0,0,0,"- ","- ",,,"SAN LUIS OBISPO","PISMO BEACH",-120.64211754999999,35.143530249999998
6585724,2014,2016-05-02,9745,2014-07-26,1605,015734,,6,2,9,4000,0,1,3,,2,023,"RT 1","QUINTANA RD",2640.00,S,N,A,-,Y,SLO,5,1,-,-,26.470,H,-,S,Y,3,0,1,1,A,-,08,22107,,N,E,I,A,A,H,-,A,D,1,,,,,Y,,A,01,0,1,0,0,0,0,0,0,0,"- ","- ",35.358980000000003,-120.79965,"SAN LUIS OBISPO",UNINCORPORATED,-120.79943815,35.35884093
6585845,2014,2014-08-18,4004,2014-07-09,1852,1187,04,3,5,3,4004,0,0,0,,0,048,"STONEY CREEK",BEECHWOOD,275.00,W,N,A,-,N,,,,,,,,,,N,3,0,1,2,A,-,09,21804,A,N,D,G,A,A,H,-,A,A,0,,Y,,,Y,,L,04,0,1,0,0,0,0,1,0,0,"- ","- ",,,"SAN LUIS OBISPO","PASO ROBLES",-120.65622491000001,35.60525251
6587497,2014,2014-09-05,9745,2014-08-03,2130,17146,,7,2,9,4000,0,2,4,,1,058,"ORCHARD RD","SOUTHLAND ST",245.00,N,N,A,-,N,,,,,,,,,,Y,2,0,1,2,A,-,09,21804,A,N,C,C,A,A,H,-,C,D,0,,,Y,,Y,Y,A,01,1,0,0,0,0,0,0,0,1,"- ","- ",35.017000000000003,-120.48086000000001,"SAN LUIS OBISPO",UNINCORPORATED,-120.48103509000001,35.017013769999998