CASE_ID,ACCIDENT_YEAR,PROC_DATE,JURIS,COLLISION_DATE,COLLISION_TIME,OFFICER_ID,REPORTING_DISTRICT,DAY_OF_WEEK,CHP_SHIFT,POPULATION,CNTY_CITY_LOC,SPECIAL_COND,BEAT_TYPE,CHP_BEAT_TYPE,CITY_DIVISION_LAPD,CHP_BEAT_CLASS,BEAT_NUMBER,PRIMARY_RD,SECONDARY_RD,DISTANCE,DIRECTION,INTERSECTION,WEATHER_1,WEATHER_2,STATE_HWY_IND,CALTRANS_COUNTY,CALTRANS_DISTRICT,STATE_ROUTE,ROUTE_SUFFIX,POSTMILE_PREFIX,POSTMILE,LOCATION_TYPE,RAMP_INTERSECTION,SIDE_OF_HWY,TOW_AWAY,COLLISION_SEVERITY,NUMBER_KILLED,NUMBER_INJURED,PARTY_COUNT,PRIMARY_COLL_FACTOR,PCF_CODE_OF_VIOL,PCF_VIOL_CATEGORY,PCF_VIOLATION,PCF_VIOL_SUBSECTION,HIT_AND_RUN,TYPE_OF_COLLISION,MVIW,PED_ACTION,ROAD_SURFACE,ROAD_COND_1,ROAD_COND_2,LIGHTING,CONTROL_DEVICE,CHP_ROAD_TYPE,PEDESTRIAN_ACCIDENT,BICYCLE_ACCIDENT,MOTORCYCLE_ACCIDENT,TRUCK_ACCIDENT,NOT_PRIVATE_PROPERTY,ALCOHOL_INVOLVED,STWD_VEHTYPE_AT_FAULT,CHP_VEHTYPE_AT_FAULT,COUNT_SEVERE_INJ,COUNT_VISIBLE_INJ,COUNT_COMPLAINT_PAIN,COUNT_PED_KILLED,COUNT_PED_INJURED,COUNT_BICYCLIST_KILLED,COUNT_BICYCLIST_INJURED,COUNT_MC_KILLED,COUNT_MC_INJURED,PRIMARY_RAMP,SECONDARY_RAMP,LATITUDE,LONGITUDE,COUNTY,CITY,POINT_X,POINT_Y
6754959,2014,2015-01-30,4006,2014-12-09,0954,69585,,2,5,4,4006,0,0,0,,0,,"SANTA ROSA",WALNUT,0.00,,Y,A,-,N,,,,,,,,,,N,4,0,1,2,A,-,10,21950,A,N,G,B,B,A,H,-,A,A,0,Y,,,,Y,,A,01,0,0,1,0,1,0,0,0,0,"- ","- ",,,"SAN LUIS OBISPO","SAN LUIS OBISPO",-120.66285993,35.285910100000002
6754960,2014,2015-01-30,4006,2014-12-07,1141,30105,,7,5,4,4006,0,0,0,,0,,"SANTA ROSA",PALM,30.00,N,N,B,-,N,,,,,,,,,,N,4,0,3,2,A,-,03,22350,,M,C,C,A,A,H,-,A,A,0,,,,,Y,,A,01,0,0,3,0,0,0,0,0,0,"- ","- ",,,"SAN LUIS OBISPO","SAN LUIS OBISPO",-120.66082011,35.283606040000002
6754962,2014,2015-02-05,4006,2014-12-06,0936,68327,,6,5,4,4006,0,0,0,,0,,GRAND,HAYS,0.00,,Y,A,-,N,,,,,,,,,,N,4,0,1,2,A,-,09,21804,A,N,D,C,A,A,H,-,A,D,0,,,,,Y,,A,01,0,0,1,0,0,0,0,0,0,"- ","- ",,,"SAN LUIS OBISPO","SAN LUIS OBISPO",-120.65308989,35.295140070000002
6755646,2014,2015-02-03,9740,2014-12-13,2125,014662,,6,2,9,4000,0,3,5,,2,021,"GRANACHE WY","BETHEL RD",0.00,,Y,B,-,N,,,,,,,,,,Y,3,0,1,1,A,-,01,23152,A,N,E,I,A,A,H,-,D,A,0,,,,,Y,Y,A,01,0,1,0,0,0,0,0,0,0,"- ","- ",35.540199999999999,-120.7311,"SAN LUIS OBISPO",UNINCORPORATED,-120.73119996,35.540320100000002
6755665,2014,2015-02-03,9740,2014-12-05,0905,012113,,5,1,9,4000,0,1,3,,2,008,"RT 46","JARDINE RD",0.00,,Y,B,-,Y,,,46,,,,,,,Y,3,0,3,2,A,-,09,21802,A,N,D,C,A,A,H,-,A,A,0,,,,,Y,Y,A,01,0,3,0,0,0,0,0,0,0,"- ","- ",35.659190000000002,-120.60289,"SAN LUIS OBISPO",UNINCORPORATED,-120.60287581999999,35.659084589999999
6755755,2014,2015-02-04,9745,2014-12-18,1725,16514,,4,2,9,4000,0,3,5,,2,005,"LAS FLORES DR","LA QUINTA DR",22.00,N,N,A,-,N,,,,,,,,,,Y,3,0,1,1,A,-,08,22107,,N,E,I,A,A,H,-,D,D,0,,,,,Y,,A,01,0,1,0,0,0,0,0,0,0,"- ","- ",35.0139,-120.50176,"SAN LUIS OBISPO",UNINCORPORATED,-120.50185293,35.013841900000003
6757177,2014,2015-07-18,4004,2014-12-26,1501,1189,02,5,5,3,4004,0,0,0,,0,027,"RT 46",VINE,0.00,,Y,A,-,Y,,,,,,,,,,N,3,0,1,2,A,-,03,22350,,N,C,C,A,A,H,-,A,A,0,,,,,Y,,A,01,0,1,0,0,0,0,0,0,0,"- ","- ",,,"SAN LUIS OBISPO","PASO ROBLES",-120.69641986000001,35.589430110000002
6757261,2014,2015-02-03,4004,2014-12-07,1314,1200,01,7,5,3,4004,0,0,0,,0,"1 7",SPRING,"14TH ST",35.00,N,N,B,-,N,,,,,,,,,,N,4,0,2,3,A,-,03,22350,,N,C,C,A,A,H,-,A,A,0,,,,,Y,,A,01,0,0,2,0,0,0,0,0,0,NO,"- ",,,"SAN LUIS OBISPO","PASO ROBLES",-120.69158760000001,35.628855940000001
6759020,2014,2016-06-18,9745,2014-12-06,0808,14910,,6,1,9,4000,0,1,3,,2,023,"RT 1","EDUCATION DR",4752.00,N,N,A,-,Y,SLO,5,1,-,-,23.550,H,-,S,N,4,0,1,1,A,-,08,22107,,N,F,A,A,B,H,-,A,D,1,,,,,Y,,A,01,0,0,1,0,0,0,0,0,0,"- ","- ",35.33034,-120.7602,"SAN LUIS OBISPO",UNINCORPORATED,-120.75689656999999,35.336109090000001
6759036,2014,2015-02-03,9745,2014-12-03,1720,16068,,3,2,9,4000,0,1,3,,1,032,"RT 227","BIDDLE RANCH RD",0.00,,Y,B,C,Y,,,227,,,,,,,Y,3,0,2,2,A,-,01,23152,A,N,D,C,A,B,H,-,D,D,0,,,,,Y,Y,A,01,0,1,1,0,0,0,0,0,0,"- ","- ",35.215000000000003,-120.61626,"SAN LUIS OBISPO",UNINCORPORATED,-120.61638284999999,35.214986320000001
6759307,2014,2015-01-26,4001,2014-11-17,1545,P0106,1,1,5,3,4001,0,0,0,,0,CITY,"EAST GRAND AV","RT 101",100.00,W,N,A,-,Y,,,,,,,,,,Y,4,0,1,3,A,-,03,22350,,N,C,C,A,A,H,-,A,A,0,,,,,Y,,A,01,0,0,1,0,0,0,0,0,0,"- ",SO,,,"SAN LUIS OBISPO","ARROYO GRANDE",-120.65329,35.291969999999999
6759309,2014,2015-01-26,4001,2014-11-20,1727,P090,3,4,5,3,4001,0,0,0,,0,CITY,"WEST BRANCH ST","BRISCO RD",470.00,W,N,C,-,N,,,,,,,,,,Y,4,0,1,3,A,-,03,22350,,N,C,C,A,B,H,-,B,A,0,,,,,Y,,A,01,0,0,1,0,0,0,0,0,0,"- ","- ",,,"SAN LUIS OBISPO","ARROYO GRANDE",-120.59445859,35.125330220000002
6760584,2014,2015-01-30,9750,2014-12-13,1924,018009,,6,2,9,4000,0,1,3,,2,061,"RT 166","TWITCHELL DAM RD",5280.00,E,N,A,-,Y,,,,,,,,,,Y,4,0,2,1,C,-,18,,,N,E,H,A,A,H,-,D,D,0,,,,,Y,,-,"- ",0,0,2,0,0,0,0,0,0,"- ","- ",,,"SAN LUIS OBISPO",UNINCORPORATED,-120.33936036999999,35.016452039999997
6761320,2014,2015-01-23,4006,2014-10-12,0335,33665,,7,5,4,4006,0,0,0,,0,,"WEST FOOTHILL BL","BLUE GRANITE LN",135.00,W,N,A,-,N,,,,,,,,,,Y,4,0,1,1,A,-,01,23152,B,N,E,I,A,A,H,-,D,D,0,,,,,Y,Y,A,01,0,0,1,0,0,0,0,0,0,"- ","- ",,,"SAN LUIS OBISPO","SAN LUIS OBISPO",-120.70179369,35.285201030000003
6761922,2014,2015-07-06,4003,2014-11-07,2134,P2413,6,5,5,2,4003,0,0,0,,0,001,"MAIN ST","ATASCADERO RD",0.00,,N,A,-,N,,,,,,,,,,Y,4,0,1,3,A,-,03,22350,,N,C,C,A,A,H,-,C,A,0,,,,,Y,,D,22,0,0,1,0,0,0,0,0,0,"- ","- ",,,"SAN LUIS OBISPO","MORRO BAY",-120.8548215,35.380197000000003
6763323,2014,2015-02-03,9745,2014-12-15,2209,17151,,1,3,9,4000,0,1,2,,1,101,"RT 101","RESERVOIR CANYON RD",1584.00,N,N,C,-,Y,,,101,,,,,,,Y,3,0,2,1,C,-,18,,,N,E,J,A,B,H,-,D,D,0,,,,,Y,,-,"- ",0,1,1,0,0,0,0,0,0,"- ","- ",35.30068,-120.62588,"SAN LUIS OBISPO",UNINCORPORATED,-120.62582071999999,35.300670490000002
6763327,2014,2015-02-03,9745,2014-12-12,1520,12876,,5,2,9,4000,0,1,2,,2,202,"RT 101","MADONNA RD",1056.00,S,N,B,-,Y,,,,,,,,,,N,4,0,1,2,A,-,01,23152,E,N,C,C,A,A,H,-,A,D,0,,,,,Y,,A,07,0,0,1,0,0,0,0,0,0,"- ","- ",35.263210000000001,-120.67377,"SAN LUIS OBISPO",UNINCORPORATED,,
6765556,2014,2015-02-04,9745,2014-12-23,1710,014996,,2,2,3,4001,0,1,2,,2,402,"RT 101","GRAND AV",125.00,N,N,A,-,Y,,,101,,,,,,,Y,4,0,2,3,A,-,03,22350,,N,C,C,A,A,H,-,B,D,0,,,,,Y,,A,01,0,0,2,0,0,0,0,0,0,"- ","- ",35.121409999999997,-120.58382,"SAN LUIS OBISPO","ARROYO GRANDE",-120.58385126,35.12130587
6765816,2014,2015-02-13,4006,2014-12-12,1415,68823,,5,5,4,4006,0,0,0,,0,,"MADONNA RD","RT 101",102.00,E,N,A,-,Y,,,,,,,,,,Y,4,0,3,6,A,-,08,22107,,N,B,C,A,-,H,-,A,A,0,,,,,Y,,A,01,0,0,3,0,0,0,0,0,0,"- ",SF,,,"SAN LUIS OBISPO","SAN LUIS OBISPO",,
6766280,2015,2016-09-08,9745,2015-01-16,1820,13212,,5,2,9,4000,0,1,3,,1,041,"RT 1","COOLIDGE DR",800.00,N,N,A,-,Y,SLO,5,1,-,-,13.360,H,-,N,Y,3,0,2,3,A,-,09,21801,A,N,D,C,A,A,H,-,D,D,0,,,,,Y,,A,01,0,1,1,0,0,0,0,0,0,"- ","- ",35.112119999999997,-120.62562,"SAN LUIS OBISPO",UNINCORPORATED,-120.62559734,35.112044470000001
6768177,2014,2015-02-02,4003,2014-11-26,1538,L3701,6,3,5,2,4003,0,0,0,,0,002,"MAIN ST","ATASCADERO RD",0.00,,Y,A,-,N,,,,,,,,,,N,3,0,1,3,A,-,07,21658,A,N,B,E,A,A,H,-,A,A,0,,,Y,,Y,,-,,0,1,0,0,0,0,0,0,1,"- ","- ",,,"SAN LUIS OBISPO","MORRO BAY",-120.8548215,35.380197000000003
6768515,2014,2015-02-09,9745,2014-12-20,0842,17017,,6,1,9,4000,0,1,2,,2,505,"RT 101","TEFFT ST",3168.00,N,N,A,-,Y,,,101,,,,,,,Y,3,0,1,1,A,-,08,22107,,N,E,I,A,A,H,-,A,D,0,,,,,Y,,D,22,0,1,0,0,0,0,0,0,0,"- ","- ",35.043939999999999,-120.49124,"SAN LUIS OBISPO",UNINCORPORATED,-120.49117465,35.043998549999998
6775034,2015,2015-03-18,9745,2015-01-04,1247,17017,,7,1,9,4000,0,2,4,,1,046,"PRICE CANYON RD","THOUSAND HILLS RD",750.00,E,N,A,-,N,,,,,,,,,,Y,4,0,1,1,A,-,08,22107,,N,E,I,A,A,H,-,A,D,0,,,,,Y,,A,01,0,0,1,0,0,0,0,0,0,"- ","- ",35.165869999999998,-120.62967,"SAN LUIS OBISPO",UNINCORPORATED,-120.62975407,35.165882920000001
6775040,2015,2015-02-19,9745,2015-01-05,0900,14996,,1,1,9,4000,0,3,5,,2,005,"DIVISION ST","MEREDITH AV",263.00,E,N,A,-,N,,,,,,,,,,Y,4,0,1,2,A,-,08,22107,,N,D,C,A,A,H,-,A,D,0,,,,,Y,,A,01,0,0,1,0,0,0,0,0,0,"- ","- ",35.055320000000002,-120.50064999999999,"SAN LUIS OBISPO",UNINCORPORATED,-120.48028128999999,35.028306909999998
6776840,2014,2015-02-12,4001,2014-12-24,1320,P069,,3,5,3,4001,0,0,0,,0,CITY,"WEST BRANCH ST","TOWN CENTER DR",30.00,E,N,A,-,N,,,,,,,,,,N,4,0,1,2,A,-,03,22350,,N,C,C,A,A,H,-,A,A,0,,,,,Y,,A,01,0,0,1,0,0,0,0,0,0,"- ","- ",,,"SAN LUIS OBISPO","ARROYO GRANDE",-120.59634268000001,35.126165370000002
6777024,2014,2015-01-28,9740,2014-11-30,1100,13952,,7,1,9,4000,0,3,5,,2,022,"CHIMNEY ROCK RD","ADELAIDA RD",6336.00,W,N,B,C,N,,,,,,,,,,Y,3,0,2,1,A,-,08,22107,,N,F,A,A,B,H,-,A,D,0,,,,,Y,,A,01,0,1,1,0,0,0,0,0,0,"- ","- ",35.654879999999999,-120.90828,"SAN LUIS OBISPO",UNINCORPORATED,-120.89480478,35.653339269999996
6781778,2015,2016-10-19,9745,2015-01-15,1722,016002,,4,2,9,4000,0,1,2,,2,202,"RT 101","LOS OSOS VALLEY RD",2112.00,S,N,A,-,Y,SLO,5,101,-,-,25.510,H,-,S,Y,4,0,2,2,A,-,03,22350,,N,C,C,A,A,H,-,C,D,1,,,,,Y,,A,01,0,0,2,0,0,0,0,0,0,"- ","- ",35.237349999999999,-120.684,"SAN LUIS OBISPO",UNINCORPORATED,-120.68377905,35.239212729999998
6782649,2014,2015-02-17,9740,2014-12-23,1200,011452,,2,1,9,4000,0,1,3,,2,011,"RT 46","OLD CREEK RD",27984.00,W,N,A,-,Y,,,46,,,,,,,N,4,0,1,2,A,-,06,21751,,N,F,A,A,A,H,-,A,D,0,,,Y,,Y,,A,01,0,0,1,0,0,0,0,0,1,"- ","- ",35.550249999999998,-120.9487,"SAN LUIS OBISPO",UNINCORPORATED,-120.94868941999999,35.550182239999998
6782736,2015,2016-09-08,9745,2015-01-09,1013,013531,,5,1,9,4000,0,1,2,,2,505,"RT 101","LAETITIA WINERY RD",2100.00,N,N,A,-,Y,SLO,5,101,-,-,10.060,H,-,N,Y,4,0,1,1,A,-,08,22107,,N,E,I,A,A,H,-,A,D,0,,,,,Y,,A,01,0,0,1,0,0,0,0,0,0,"- ","- ",35.085929999999998,-120.53216,"SAN LUIS OBISPO",UNINCORPORATED,-120.54279038,35.093328919999998
6782737,2015,2016-09-08,9745,2015-01-08,2323,017146,,4,3,9,4000,0,1,3,,2,023,"RT 1","SAN LUISITO CREEK RD",2640.00,S,N,A,-,Y,SLO,5,1,-,-,25.210,H,-,N,Y,4,0,1,1,A,-,08,22107,,N,E,I,A,A,H,-,D,D,1,,,,,Y,,A,01,0,0,1,0,0,0,0,0,0,"- ","- ",35.351979999999998,-120.77578,"SAN LUIS OBISPO",UNINCORPORATED,-120.77826809,35.35301235
6782839,2015,2015-02-20,9745,2015-01-04,0640,14910,,7,1,9,4000,0,3,5,,2,003,"BUCKLEY RD","DAVENPORT CREEK RD",300.00,E,N,A,-,N,,,,,,,,,,Y,4,0,1,1,A,-,08,22107,,N,E,I,A,A,H,-,B,D,0,,,,,Y,,A,01,0,0,1,0,0,0,0,0,0,"- ","- ",35.235819999999997,-120.64852,"SAN LUIS OBISPO",UNINCORPORATED,-120.64809562000001,35.235843010000004
6783589,2015,2015-03-18,4006,2015-02-06,1936,27940,,5,5,4,4006,0,0,0,,0,,"HUASNA DR",MADONNA,250.00,S,N,A,-,N,,,,,,,,,,N,2,0,1,1,A,-,17,23116,A,N,H,A,A,A,H,-,C,D,0,,,,,Y,,D,22,1,0,0,0,0,0,0,0,0,"- ","- ",,,"SAN LUIS OBISPO","SAN LUIS OBISPO",-120.68750403999999,35.257062859999998
6788613,2015,2016-10-19,9745,2015-01-27,1650,017238,,2,2,9,4000,0,1,2,,2,303,"RT 101","SAN LUIS BAY DR",528.00,S,N,B,-,Y,SLO,5,101,-,R,22.190,H,-,N,Y,4,0,1,1,A,-,08,22107,,N,E,I,A,A,H,-,A,D,1,,,,,Y,,A,01,0,0,1,0,0,0,0,0,0,"- ","- ",35.195270000000001,-120.69922,"SAN LUIS OBISPO",UNINCORPORATED,-120.69976446,35.194719229999997
6788625,2015,2015-03-03,9745,2015-01-31,1340,016514,,6,1,9,4000,0,2,4,,1,026,"PERFUMO CANYON RD","SERPENTINE LN",3168.00,N,N,A,-,N,,,,,,,,,,Y,4,0,1,1,A,-,08,22107,,N,F,A,A,A,H,-,A,D,0,,,,,Y,,A,01,0,0,1,0,0,0,0,0,0,"- ","- ",35.260309999999997,-120.75962,"SAN LUIS OBISPO",UNINCORPORATED,-120.75950392999999,35.26012764
6788633,2015,2016-09-08,9745,2015-01-23,0740,012601,,5,1,9,4000,0,1,3,,2,023,"RT 1","EDUCATION DR",0.00,,Y,A,-,Y,SLO,5,1,-,-,22.653,I,5,S,Y,4,0,1,2,A,-,09,21453,C,N,D,C,A,A,H,-,A,A,1,,,,,Y,,A,01,0,0,1,0,0,0,0,0,0,"- ","- ",35.332720000000002,-120.74324,"SAN LUIS OBISPO",UNINCORPORATED,-120.74273307999999,35.333177480000003
6788634,2015,2016-10-19,9745,2015-01-31,1235,15716,,6,1,9,4000,0,1,2,,2,505,"RT 101","TEFFT ST",5280.00,N,N,A,-,Y,SLO,5,101,-,-,5.850,H,-,S,N,4,0,1,2,A,-,03,22350,,N,C,C,A,A,H,-,A,D,1,,,,,Y,,D,22,0,0,1,0,0,0,0,0,0,"- ","- ",35.047960000000003,-120.49484,"SAN LUIS OBISPO",UNINCORPORATED,-120.49521493,35.048508959999999
6788637,2015,2016-10-19,9745,2015-01-28,2330,016068,,3,3,9,4000,0,1,2,,2,303,"RT 101","HIGUERA ST",1056.00,S,N,A,-,Y,SLO,5,101,-,R,24.100,H,-,N,Y,4,0,1,1,A,-,08,22107,,N,F,A,A,A,H,-,D,D,1,,,,,Y,,A,07,0,0,1,0,0,0,0,0,0,"- ","- ",35.217460000000003,-120.6947,"SAN LUIS OBISPO",UNINCORPORATED,-120.69224401,35.221216519999999
6788638,2015,2015-02-27,9745,2015-01-26,2313,20229,,1,3,9,4000,0,2,4,,1,048,"AVILA BEACH DR","1ST ST",133.00,E,N,C,-,N,,,,,,,,,,Y,3,0,1,2,A,-,01,23152,A,N,C,E,A,B,H,-,C,D,0,,,,,Y,Y,A,01,0,1,0,0,0,0,0,0,0,"- ","- ",35.180929999999996,-120.73497,"SAN LUIS OBISPO",UNINCORPORATED,-120.73565929999999,35.18068504
6788885,2015,2016-10-19,9745,2015-02-03,0945,013531,,2,1,2,4005,0,1,2,,2,404,"RT 101","MATTIE RD",1584.00,S,N,A,-,Y,SLO,5,101,-,-,17.440,H,-,N,Y,4,0,2,3,A,-,03,22350,,N,C,C,A,A,D,-,A,D,1,,,,,Y,,A,01,0,0,2,0,0,0,0,0,0,"- ","- ",35.1492,-120.64894,"SAN LUIS OBISPO","PISMO BEACH",-120.64956994000001,35.149521010000001
6788897,2015,2016-10-19,9745,2015-02-03,0920,015144,,2,1,2,4005,0,1,2,,2,404,"RT 101","MATTIE RD",110.00,S,N,A,-,Y,SLO,5,101,-,-,17.720,H,-,N,Y,4,0,1,1,A,-,08,22107,,N,E,I,A,A,D,-,A,D,1,,,,,Y,,A,01,0,0,1,0,0,0,0,0,0,"- ","- ",35.151299999999999,-120.65424,"SAN LUIS OBISPO","PISMO BEACH",-120.65405054999999,35.150908280000003
6789653,2014,2015-02-23,4006,2014-12-11,2038,57275,,4,5,4,4006,0,0,0,,0,,JOHNSON,ELLA,250.00,S,N,A,-,N,,,,,,,,,,N,4,0,1,1,A,-,03,22350,,N,E,J,A,A,G,-,C,D,0,,,Y,,Y,,C,02,0,0,1,0,0,0,0,0,1,"- ","- ",,,"SAN LUIS OBISPO","SAN LUIS OBISPO",-120.6485962,35.276835390000002
6789654,2014,2015-02-09,4006,2014-12-31,1444,69585,,3,5,4,4006,0,0,0,,0,,"LOS OSOS VALLEY","FROOM RANCH",364.00,S,N,A,-,N,,,,,,,,,,N,4,0,1,2,A,-,09,21804,A,N,C,C,A,A,H,-,A,D,0,,,,,Y,,A,01,0,0,1,0,0,0,0,0,0,"- ","- ",,,"SAN LUIS OBISPO","SAN LUIS OBISPO",-120.68691354000001,35.251727109999997
6791669,2014,2015-02-09,4003,2014-12-25,1351,L3701,3,4,5,2,4003,0,0,0,,0,001,"MAIN ST","PACIFIC ST",0.00,,Y,A,-,N,,,,,,,,,,Y,4,0,2,2,A,-,09,21802,A,N,D,C,A,A,H,-,A,A,0,,,,,Y,,A,08,0,0,2,0,0,0,0,0,0,"- ","- ",,,"SAN LUIS OBISPO","MORRO BAY",-120.85000988,35.364970079999999
6791670,2014,2015-02-09,4003,2014-12-13,1124,P1281,3,6,5,2,4003,0,0,0,,0,001,"PACIFIC ST","SHASTA AV",0.00,,Y,A,-,N,,,,,,,,,,Y,3,0,2,2,A,-,09,21802,,N,D,C,A,A,H,-,A,A,0,,,,,Y,,A,01,0,1,1,0,0,0,0,0,0,"- ","- ",,,"SAN LUIS OBISPO","MORRO BAY",-120.84658989,35.365010030000001
6792538,2014,2015-02-02,9740,2014-12-10,0025,13952,,3,3,9,4000,0,1,2,,2,001,"RT 101","SANTA BARBARA RD",2112.00,S,N,B,-,Y,,,101,,,,,,,Y,4,0,1,1,A,-,08,22107,,M,F,A,A,A,H,-,D,D,0,,,,,Y,,D,22,0,0,1,0,0,0,0,0,0,"- ","- ",35.437660000000001,-120.6374,"SAN LUIS OBISPO",UNINCORPORATED,-120.63732447,35.437671260000002
6795524,2014,2015-02-17,4008,2014-10-24,0932,4044,,5,5,4,4008,0,0,0,,0,,"CURBARIL AV","ATASCADERO AV",0.00,,Y,A,-,N,,,,,,,,,,N,4,0,1,2,A,-,11,21950,B,N,G,B,D,A,H,-,A,A,0,Y,,,,Y,Y,N,60,0,0,1,0,1,0,0,0,0,"- ","- ",,,"SAN LUIS OBISPO",ATASCADERO,-120.66530994999999,35.474340089999998
6796848,2015,2015-07-31,4004,2015-01-19,1523,1189,02,1,5,3,4004,0,0,0,,0,023,8TH,"PASO ROBLES",0.00,,Y,A,-,N,,,,,,,,,,N,4,0,1,2,A,-,09,21804,A,N,D,C,A,A,H,-,A,D,0,,,,,Y,,D,22,0,0,1,0,0,0,0,0,0,"- ","- ",,,"SAN LUIS OBISPO","PASO ROBLES",-120.69168485,35.622499140000002
6796912,2015,2015-08-10,4004,2015-01-10,1550,1189,01,6,5,3,4004,0,0,0,,0,1-4,"21ST ST",VINE,0.00,,Y,A,-,N,,,,,,,,,,N,4,0,1,2,A,-,09,21804,A,N,B,C,A,A,H,-,A,D,0,,,,,Y,,A,01,0,0,1,0,0,0,0,0,0,"- ","- ",,,"SAN LUIS OBISPO","PASO ROBLES",-120.69472998000001,35.635920110000001
6796916,2015,2015-08-10,4004,2015-01-12,1640,1191,02,1,5,3,4004,0,0,0,,0,2-6,SPRING,NIBLICK,100.00,N,N,A,-,N,,,,,,,,,,N,4,0,1,2,A,-,03,22350,,N,C,C,A,A,H,-,A,A,0,,,,,Y,,A,07,0,0,1,0,0,0,0,0,0,"- ","- ",,,"SAN LUIS OBISPO","PASO ROBLES",-120.69046539,35.615524639999997
6796935,2015,2015-03-18,4006,2015-01-04,0740,64920,,7,5,4,4006,0,0,0,,0,,"MORRO ST","CHURCH ST",0.00,,Y,A,-,N,,,,,,,,,,N,4,0,1,2,A,-,09,21800,A,N,D,G,A,A,H,-,A,A,0,,Y,,,Y,,A,01,0,0,1,0,0,0,1,0,0,"- ","- ",,,"SAN LUIS OBISPO","SAN LUIS OBISPO",-120.65683995000001,35.275220050000001
6796936,2015,2015-02-24,4006,2015-01-07,0752,16380,,3,5,4,4006,0,0,0,,0,,"SANTA ROSA",MILL,125.00,N,N,A,-,N,,,,,,,,,,N,4,0,1,2,A,-,08,22107,,N,C,C,A,A,H,-,A,D,0,,,,,Y,,A,01,0,0,1,0,0,0,0,0,0,"- ","- ",,,"SAN LUIS OBISPO","SAN LUIS OBISPO",-120.66171439,35.284598809999999
6797365,2015,2016-09-13,9750,2015-01-17,1229,14820,,6,1,9,4000,0,1,3,,2,061,"RT 166","ALAMO CREEK RD",0.00,,Y,A,-,Y,SLO,5,166,-,-,17.250,I,5,E,Y,4,0,4,2,A,-,03,22350,,N,C,C,A,A,H,-,A,D,0,,,,,Y,,A,01,0,0,4,0,0,0,0,0,0,"- ","- ",35.022410000000001,-120.31259,"SAN LUIS OBISPO",UNINCORPORATED,-120.3124052,35.022511979999997
6800943,2015,2016-10-19,9745,2015-02-07,1239,017017,,6,1,4,4006,0,1,2,,1,101,"RT 101","SANTA ROSA ST",200.00,S,N,C,-,Y,SLO,5,101,-,-,43.970,H,-,S,Y,4,0,2,2,A,-,08,22107,,N,A,C,A,B,H,-,A,D,0,,,,,Y,,D,22,0,0,2,0,0,0,0,0,0,"- ","- ",35.285299999999999,-120.66543,"SAN LUIS OBISPO","SAN LUIS OBISPO",-120.65107548,35.465405089999997
6802856,2015,2016-10-03,9745,2015-01-10,1555,015734,,6,2,9,4000,0,1,3,,1,011,"RT 41","OLD MORRO RD W",300.00,S,N,B,-,Y,SLO,5,41,-,-,10.220,H,-,S,Y,3,0,1,1,C,-,18,,,N,E,I,A,A,H,-,A,D,0,,,,,Y,,-,"- ",0,1,0,0,0,0,0,0,0,"- ","- ",35.451189999999997,-120.70083,"SAN LUIS OBISPO",UNINCORPORATED,-120.73460915,35.460185629999998
6803073,2015,2016-09-08,9745,2015-01-19,1733,017017,,1,2,9,4000,0,3,5,,2,004,"RT 1","POQUITO PL",0.00,,Y,A,-,Y,SLO,5,1,-,-,8.660,I,5,N,Y,3,0,1,2,A,-,09,21802,A,N,F,A,A,A,H,-,C,D,0,,,Y,,Y,,A,01,0,1,0,0,0,0,0,0,1,"- ","- ",35.076889999999999,-120.58915,"SAN LUIS OBISPO",UNINCORPORATED,-120.58929920999999,35.076886880000004
6805421,2015,2015-03-04,4008,2015-01-14,1130,3013,,3,5,4,4008,0,0,0,,0,,"GRAVES CREEK RD","ARDILLA RD",0.00,,Y,A,-,N,,,,,,,,,,N,4,0,2,2,A,-,09,21802,A,N,D,C,A,A,H,-,A,A,0,,,,,Y,,D,22,0,0,2,0,0,0,0,0,0,"- ","- ",,,"SAN LUIS OBISPO",ATASCADERO,-120.696732,35.490231000000001
6805511,2015,2016-10-19,4008,2015-01-19,1335,3013,,1,5,4,4008,0,0,0,,0,,"MORRO RD","RT 101",15.00,S,N,A,-,Y,SLO,5,101,-,-,45.457,R,4,S,N,4,0,1,2,A,-,03,22350,,N,C,D,A,A,H,-,A,A,0,,,Y,,Y,,A,07,0,0,1,0,0,0,0,0,1,"- ",SO,,,"SAN LUIS OBISPO",ATASCADERO,-120.66356093,35.484356900000002
6805521,2015,2015-02-24,4008,2015-01-15,1424,3013,,4,5,4,4008,0,0,0,,0,,"SANTA ROSA RD","LAKE VIEW DR",0.00,,Y,A,-,N,,,,,,,,,,N,3,0,1,2,A,-,09,21802,A,N,-,G,A,A,H,-,A,A,0,,Y,,,Y,,A,01,0,1,0,0,0,0,1,0,0,"- ","- ",,,"SAN LUIS OBISPO",ATASCADERO,-120.66338989,35.461740030000001
6805808,2015,2015-03-02,9740,2015-01-20,1635,14691,,2,2,9,4000,0,3,5,,2,018,"UNION RD","PENMAN SPRINGS RD",1056.00,E,N,A,-,N,,,,,,,,,,Y,3,0,1,1,A,-,03,22350,,N,F,A,A,A,H,-,A,A,0,,,,Y,Y,,G,25,0,1,0,0,0,0,0,0,0,"- ","- ",35.630479999999999,-120.61055,"SAN LUIS OBISPO",UNINCORPORATED,-120.61079506999999,35.63039466
6806112,2015,2016-10-19,9740,2015-01-19,0105,13133,,1,3,3,4004,0,1,2,,2,002,"RT 101","MAIN ST",4224.00,N,N,A,-,Y,SLO,5,101,-,-,53.240,H,-,N,Y,2,0,1,1,A,-,08,22107,,N,E,I,A,A,H,-,D,D,1,,,,,Y,,A,07,1,0,0,0,0,0,0,0,0,"- ","- ",35.577109999999998,-120.69701999999999,"SAN LUIS OBISPO","PASO ROBLES",-120.6972609,35.57652478