CASE_ID,ACCIDENT_YEAR,PROC_DATE,JURIS,COLLISION_DATE,COLLISION_TIME,OFFICER_ID,REPORTING_DISTRICT,DAY_OF_WEEK,CHP_SHIFT,POPULATION,CNTY_CITY_LOC,SPECIAL_COND,BEAT_TYPE,CHP_BEAT_TYPE,CITY_DIVISION_LAPD,CHP_BEAT_CLASS,BEAT_NUMBER,PRIMARY_RD,SECONDARY_RD,DISTANCE,DIRECTION,INTERSECTION,WEATHER_1,WEATHER_2,STATE_HWY_IND,CALTRANS_COUNTY,CALTRANS_DISTRICT,STATE_ROUTE,ROUTE_SUFFIX,POSTMILE_PREFIX,POSTMILE,LOCATION_TYPE,RAMP_INTERSECTION,SIDE_OF_HWY,TOW_AWAY,COLLISION_SEVERITY,NUMBER_KILLED,NUMBER_INJURED,PARTY_COUNT,PRIMARY_COLL_FACTOR,PCF_CODE_OF_VIOL,PCF_VIOL_CATEGORY,PCF_VIOLATION,PCF_VIOL_SUBSECTION,HIT_AND_RUN,TYPE_OF_COLLISION,MVIW,PED_ACTION,ROAD_SURFACE,ROAD_COND_1,ROAD_COND_2,LIGHTING,CONTROL_DEVICE,CHP_ROAD_TYPE,PEDESTRIAN_ACCIDENT,BICYCLE_ACCIDENT,MOTORCYCLE_ACCIDENT,TRUCK_ACCIDENT,NOT_PRIVATE_PROPERTY,ALCOHOL_INVOLVED,STWD_VEHTYPE_AT_FAULT,CHP_VEHTYPE_AT_FAULT,COUNT_SEVERE_INJ,COUNT_VISIBLE_INJ,COUNT_COMPLAINT_PAIN,COUNT_PED_KILLED,COUNT_PED_INJURED,COUNT_BICYCLIST_KILLED,COUNT_BICYCLIST_INJURED,COUNT_MC_KILLED,COUNT_MC_INJURED,PRIMARY_RAMP,SECONDARY_RAMP,LATITUDE,LONGITUDE,COUNTY,CITY,POINT_X,POINT_Y
6974463,2015,2015-07-08,4006,2015-06-19,1804,80908,,5,5,4,4006,0,0,0,,0,,HIGUERA,BROAD,40.00,W,N,A,-,N,,,,,,,,,,Y,2,0,1,2,A,-,01,23152,A,N,A,B,D,A,H,-,A,A,0,Y,,,,Y,Y,A,01,1,0,0,0,1,0,0,0,0,"- ","- ",,,"SAN LUIS OBISPO","SAN LUIS OBISPO",-120.66460585,35.278842640000001
6974467,2015,2015-07-08,4006,2015-06-10,2345,15913,,3,5,4,4006,0,0,0,,0,,"S HIGUERA","SOUTH ST",120.00,S,N,A,-,N,,,,,,,,,,N,3,0,1,2,A,-,11,21954,A,F,G,B,E,A,H,-,C,D,0,Y,,,,Y,Y,N,60,0,1,0,0,1,0,0,0,0,"- ","- ",,,"SAN LUIS OBISPO","SAN LUIS OBISPO",-120.67032945,35.269222880000001
6976206,2015,2015-07-14,4006,2015-06-03,1303,82350,,3,5,4,4006,0,0,0,,0,,FOOTHILL,FERINNI,0.00,,Y,A,-,N,,,,,,,,,,N,3,0,1,1,A,-,03,22350,,N,E,J,A,A,H,-,A,D,0,,Y,,,Y,,L,04,0,1,0,0,0,0,1,0,0,"- ","- ",,,"SAN LUIS OBISPO","SAN LUIS OBISPO",-120.67393996,35.29411005
6978425,2015,2017-01-04,9740,2015-06-28,1530,015167,,7,2,9,4000,0,1,2,,2,003,"RT 101","13TH ST",528.00,S,N,A,-,Y,SLO,5,101,-,-,56.780,H,-,N,Y,4,0,3,2,A,-,03,22350,,N,C,C,A,A,H,-,A,D,1,,,,,Y,,A,01,0,0,3,0,0,0,0,0,0,"- ","- ",35.626469999999998,-120.68626999999999,"SAN LUIS OBISPO",UNINCORPORATED,-120.68634627,35.62653057
6978494,2015,2015-07-13,9740,2015-06-30,1830,14691,,2,2,9,4000,0,3,5,,2,018,"E CENTRE ST","CALLE ARROYO",30.00,W,N,A,-,N,,,,,,,,,,N,2,0,1,1,C,-,18,,,N,H,A,A,A,H,-,A,D,0,,,,,Y,,-,"- ",1,0,0,0,0,0,0,0,0,"- ","- ",35.655520000000003,-120.36908,"SAN LUIS OBISPO",UNINCORPORATED,-120.36894929,35.655605110000003
6978511,2015,2016-09-08,4008,2015-06-17,1509,3013,,3,5,4,4008,0,0,0,,0,,"MORRO RD",MERCEDES,1085.00,S,N,A,-,Y,SLO,5,41,-,R,16.720,H,-,N,Y,3,0,1,1,A,-,03,22350,,N,F,-,A,A,H,-,A,D,0,,,Y,,Y,,C,02,0,1,0,0,0,0,0,0,1,"- ","- ",,,"SAN LUIS OBISPO",ATASCADERO,-120.66046559,35.496476649999998
6981151,2015,2016-09-29,9745,2015-06-24,2140,18728,,3,2,2,4003,0,1,3,,2,022,"RT 1","MAIN ST",188.00,S,N,A,-,Y,SLO,5,1,-,-,29.580,H,-,N,Y,2,0,1,1,A,-,01,23152,F,N,E,I,A,A,H,-,D,D,1,,,,,Y,Y,D,22,1,0,0,0,0,0,0,0,0,"- ","- ",35.373220000000003,-120.85082,"SAN LUIS OBISPO","MORRO BAY",-120.85079197,35.373264159999998
6982824,2015,2017-01-05,9745,2015-06-23,1516,017144,,2,2,9,4000,0,1,2,,2,505,"RT 101","LAETITIA WINERY RD",0.00,,Y,A,-,Y,SLO,5,101,-,-,9.660,I,6,N,Y,3,0,1,1,A,-,01,23152,A,N,F,A,A,A,H,-,A,D,0,,,,,Y,Y,A,07,0,1,0,0,0,0,0,0,0,"- ","- ",,,"SAN LUIS OBISPO",UNINCORPORATED,-120.53745546,35.089467120000002
6983431,2015,2017-01-13,9740,2015-07-03,1440,016849,,5,2,9,4000,0,1,3,,2,008,"RT 46","BITTERWATER RD",4224.00,W,N,A,-,Y,SLO,5,46,-,-,52.000,H,-,E,Y,4,0,5,1,A,-,08,22107,,N,F,A,A,A,A,-,A,D,0,,,,,Y,,A,08,0,0,5,0,0,0,0,0,0,"- ","- ",35.703609999999998,-120.32131,"SAN LUIS OBISPO",UNINCORPORATED,-120.32132992,35.70375232
6984298,2015,2017-01-14,9750,2015-07-03,2120,17616,,5,2,9,4000,0,1,3,,1,064,"RT 166","COTTONWOOD CYN RD",5280.00,W,N,A,-,Y,SLO,5,166,-,-,50.430,H,-,W,Y,2,0,1,1,A,-,08,22107,,N,E,I,A,A,H,-,D,D,0,,,,,Y,,A,01,1,0,0,0,0,0,0,0,0,"- ","- ",35.057139999999997,-119.91982,"SAN LUIS OBISPO",UNINCORPORATED,-119.89724158999999,35.045073449999997
6984822,2015,2015-07-14,4003,2015-04-17,1805,M5895,3,5,5,2,4003,0,0,0,,0,001,"MAIN ST","SURF ST",42.00,N,N,A,-,N,,,,,,,,,,Y,4,0,1,3,A,-,03,22350,,N,C,D,A,A,H,-,A,A,0,,,,,Y,,A,01,0,0,1,0,0,0,0,0,0,"- ","- ",,,"SAN LUIS OBISPO","MORRO BAY",-120.85006496,35.370724719999998
6984965,2015,2015-07-20,4006,2015-06-23,1145,16380,,2,5,4,4006,0,0,0,,0,,MARSH,BROAD,0.00,,Y,A,-,N,,,,,,,,,,N,4,0,1,2,A,-,08,22100,B,N,D,C,A,A,H,-,A,A,0,,,,,Y,,D,22,0,0,1,0,0,0,0,0,0,"- ","- ",,,"SAN LUIS OBISPO","SAN LUIS OBISPO",-120.66380993999999,35.278109999999998
6984969,2015,2016-09-08,4006,2015-06-23,1215,16380,,2,5,4,4006,0,0,0,,0,,FOOTHILL,"SANTA ROSA",8.00,E,N,A,-,Y,SLO,5,1,-,-,17.340,I,5,S,N,4,0,1,2,A,-,10,21950,A,F,G,B,B,A,H,-,A,A,0,Y,,,,Y,,-,99,0,0,1,0,1,0,0,0,0,"- ","- ",,,"SAN LUIS OBISPO","SAN LUIS OBISPO",-120.66805332,35.294032209999997
6987720,2015,2017-01-12,4004,2015-07-01,0737,0890,03,3,5,3,4004,0,0,0,,0,033,AIRPORT,"RT 46 E",0.00,,Y,A,-,Y,SLO,5,46,-,-,32.145,I,5,W,Y,3,0,1,3,A,-,09,21801,A,N,D,C,A,A,H,-,A,A,0,,,,,Y,,A,01,0,1,0,0,0,0,0,0,0,"- ","- ",,,"SAN LUIS OBISPO","PASO ROBLES",-120.64331996999999,35.644619630000001
6988692,2015,2015-07-22,4004,2015-06-23,1655,1200,02,2,5,3,4004,0,0,0,,0,2-2,13TH,PINE,153.00,W,N,A,-,N,,,,,,,,,,Y,4,0,1,2,A,-,01,23152,A,N,B,C,A,A,H,-,A,A,0,,,,,Y,,A,01,0,0,1,0,0,0,0,0,0,"- ","- ",,,"SAN LUIS OBISPO","PASO ROBLES",-120.68945381,35.627834729999996
6988696,2015,2015-07-22,4004,2015-06-21,1347,0430,03,7,5,3,4004,0,0,0,,0,3-5,JARDINE,"OAK TREE FLAT",528.00,S,N,A,-,N,,,,,,,,,,N,3,0,1,1,C,-,18,,,N,H,J,A,A,H,-,A,D,0,,Y,,,Y,,-,"- ",0,1,0,0,0,0,1,0,0,"- ","- ",,,"SAN LUIS OBISPO","PASO ROBLES",-120.60555875,35.682393150000003
6989580,2015,2015-07-22,4006,2015-06-12,1248,88911,,5,5,4,4006,0,0,0,,0,,WALNUT,MORRO,0.00,,Y,A,-,N,,,,,,,,,,Y,4,0,1,2,A,-,01,23152,A,N,E,E,A,A,H,-,C,D,0,,,,,Y,Y,A,07,0,0,1,0,0,0,0,0,0,"- ","- ",,,"SAN LUIS OBISPO","SAN LUIS OBISPO",-120.66518999,35.284550080000002
6989641,2015,2015-07-17,4006,2015-06-23,1929,15913,,2,5,4,4006,0,0,0,,0,,"S HIGUERA",MADONNA,180.00,N,N,A,-,N,,,,,,,,,,N,4,0,1,2,A,-,04,21703,,N,C,C,A,A,H,-,A,D,0,,,,,Y,,A,07,0,0,1,0,0,0,0,0,0,"- ","- ",,,"SAN LUIS OBISPO","SAN LUIS OBISPO",-120.67040294,35.268763030000002
6990013,2015,2015-08-13,9745,2015-07-07,2230,020144,,2,3,9,4000,0,3,5,,2,004,"HUASNA RD","ALISOS RD",1584.00,E,N,A,-,N,,,,,,,,,,Y,3,0,1,1,A,-,08,22107,,N,E,I,A,A,H,-,D,D,0,,,,Y,Y,,G,26,0,1,0,0,0,0,0,0,0,"- ","- ",35.134509999999999,-120.50836,"SAN LUIS OBISPO",UNINCORPORATED,-120.50959082999999,35.134622630000003
6990325,2015,2017-01-13,9745,2015-07-09,2150,017144,,4,2,9,4000,0,1,2,,2,303,"RT 101 SOUTHBOUND","SAN LUIS BAY DR",2640.00,N,N,A,-,Y,SLO,5,101,-,R,22.790,H,-,S,Y,4,0,1,2,A,-,03,22350,,N,C,C,A,A,H,-,D,D,1,,,,,Y,,A,01,0,0,1,0,0,0,0,0,0,"- ","- ",35.210299999999997,-120.69701999999999,"SAN LUIS OBISPO",UNINCORPORATED,-120.69727954,35.203083980000002
6990329,2015,2015-07-27,9745,2015-07-07,1825,016068,,2,2,9,4000,0,2,4,,1,024,"SOUTH BAY BL","TURRI RD",5280.00,N,N,A,-,N,,,,,,,,,,Y,4,0,1,2,A,-,03,22350,,N,C,C,A,A,H,-,A,D,0,,,,,Y,,A,01,0,0,1,0,0,0,0,0,0,"- ","- ",35.346670000000003,-120.82567,"SAN LUIS OBISPO",UNINCORPORATED,-120.82808049,35.350203280000002
6993749,2015,2015-11-12,4001,2015-06-17,0959,P0106,462,3,5,3,4001,0,0,0,,0,OPERAT,"EQUESTRIAN WY","MUSTANG CIR",410.00,S,N,A,-,N,,,,,,,,,,Y,4,0,2,2,A,-,08,22107,,N,C,E,A,A,H,-,A,D,0,,,,,Y,,A,01,0,0,2,0,0,0,0,0,0,"- ","- ",,,"SAN LUIS OBISPO","ARROYO GRANDE",-120.59745409,35.136530610000001
6994006,2015,2017-01-14,9745,2015-07-15,1152,15734,,3,1,9,4000,0,1,3,,2,023,"RT 1","COLONY DR",75.00,N,N,A,-,Y,SLO,5,1,-,-,19.810,H,-,S,N,4,0,2,2,A,-,03,22350,,N,C,C,A,A,H,-,A,A,1,,,,,Y,,A,01,0,0,2,0,0,0,0,0,0,"- ","- ",35.319650000000003,-120.69746000000001,"SAN LUIS OBISPO",UNINCORPORATED,-120.69714251000001,35.319585500000002
6994010,2015,2015-08-10,9745,2015-07-15,1405,12601,,3,2,9,4000,0,3,5,,2,002,"9TH ST","LOS OLIVOS AV",0.00,,Y,A,-,N,,,,,,,,,,Y,3,0,1,2,A,-,09,21801,A,N,A,C,A,A,H,-,A,A,0,,,,,Y,,A,01,0,1,0,0,0,0,0,0,0,"- ","- ",35.313540000000003,-120.83337,"SAN LUIS OBISPO",UNINCORPORATED,-120.83329997,35.313160109999998
6994073,2015,2015-08-06,9745,2015-07-12,2042,20144,,7,2,9,4000,0,2,4,,1,025,"LOS OSOS VALLEY RD","FOOTHILL BL",0.00,,Y,B,-,N,,,,,,,,,,Y,3,0,1,2,A,-,12,21453,A,F,D,C,A,A,H,-,C,A,0,,,,,Y,,D,22,0,1,0,0,0,0,0,0,0,"- ","- ",35.276620000000001,-120.71163,"SAN LUIS OBISPO",UNINCORPORATED,-120.71162999000001,35.276620090000002
6994169,2015,2017-01-13,9745,2015-07-17,1310,012876,,5,1,9,4000,0,1,2,,1,101,"RT 101","CUESTA SPRINGS RD",5280.00,S,N,A,-,Y,SLO,5,101,-,R,33.340,H,-,S,Y,3,0,3,2,A,-,08,22101,D,N,A,C,A,A,H,-,A,D,5,,,,,Y,,A,01,0,1,2,0,0,0,0,0,0,"- ","- ",35.325429999999997,-120.62044,"SAN LUIS OBISPO",UNINCORPORATED,-120.62035088,35.325690100000003
6994173,2015,2017-01-14,9745,2015-07-23,1055,012601,,4,1,9,4000,0,1,2,,2,505,"RT 101","LOS BERROS RD",0.00,,Y,A,-,Y,SLO,5,101,-,-,7.850,H,-,N,Y,3,0,2,2,A,-,03,22350,,N,C,C,A,A,D,-,A,D,1,,,,,Y,,A,01,0,1,1,0,0,0,0,0,0,"- ","- ",35.072279999999999,-120.5164,"SAN LUIS OBISPO",UNINCORPORATED,-120.51610866,35.071839359999998
6994189,2015,2017-01-13,9740,2015-07-10,2125,013984,,5,2,9,4000,0,1,2,,2,004,"RT 101","MISSION ST",1056.00,S,N,A,-,Y,SLO,5,101,-,-,64.760,H,-,N,Y,3,0,1,1,A,-,08,22107,,N,F,A,A,A,H,-,D,D,1,,,,,Y,,A,01,0,1,0,0,0,0,0,0,0,"- ","- ",35.730179999999997,-120.70105,"SAN LUIS OBISPO",UNINCORPORATED,-120.70097675,35.736389590000002
6994193,2015,2017-01-21,9740,2015-07-15,0946,014622,,3,1,9,4000,0,1,3,,2,007,"RT 41","ROADRUNNER LN",528.00,S,N,A,-,Y,SLO,5,41,-,-,20.780,H,-,N,Y,3,0,1,1,A,-,08,22107,,N,F,A,A,A,H,-,A,D,0,,,,,Y,,A,01,0,1,0,0,0,0,0,0,0,"- ","- ",35.50949,-120.62718,"SAN LUIS OBISPO",UNINCORPORATED,-120.62687424000001,35.509090759999999
6994212,2015,2015-07-30,9740,2015-07-16,1520,13733,,4,2,9,4000,0,3,5,,2,017,"CRESTON RD","EL POMAR RD",4224.00,S,N,A,-,N,,,,,,,,,,N,3,0,2,1,A,-,08,22107,,N,E,I,A,A,H,-,A,D,0,,,,,Y,,A,07,0,1,1,0,0,0,0,0,0,"- ","- ",,,"SAN LUIS OBISPO",UNINCORPORATED,-120.59490879000001,35.572782650000001
6997679,2015,2017-01-21,9740,2015-07-20,1403,016849,,1,2,9,4000,0,1,2,,2,004,"RT 101","WELLSONA RD",0.00,,Y,A,-,Y,SLO,5,101,-,-,61.880,I,5,S,Y,3,0,1,2,A,-,09,21801,A,N,D,C,A,A,H,-,A,A,5,,,,Y,Y,,G,25,0,1,0,0,0,0,0,0,0,"- ","- ",35.695689999999999,-120.69665999999999,"SAN LUIS OBISPO",UNINCORPORATED,-120.69679653999999,35.69584107
6999669,2015,2015-07-22,9740,2015-07-01,2215,014662,,3,3,9,4000,0,3,5,,2,018,"JARDINE RD","ESTRELLA RD",1056.00,S,N,B,-,N,,,,,,,,,,Y,4,0,1,1,A,-,08,22107,,N,E,I,A,A,H,-,D,D,0,,,,,Y,,D,22,0,0,1,0,0,0,0,0,0,"- ","- ",35.6997,-120.6045,"SAN LUIS OBISPO",UNINCORPORATED,-120.60502282,35.699101900000002
7000880,2015,2015-08-03,9740,2015-07-06,1725,15854,,1,2,9,4000,0,3,5,,2,017,"EL CAMINO REAL","CARMEL RD",528.00,S,N,A,-,N,,,,,,,,,,Y,3,0,1,3,A,-,09,21804,A,N,D,C,A,A,H,-,A,D,0,,,,,Y,,D,22,0,1,0,0,0,0,0,0,0,"- ","- ",35.43215,-120.61269,"SAN LUIS OBISPO",UNINCORPORATED,-120.61274208,35.432230089999997
7001186,2015,2017-01-13,9740,2015-07-02,2115,014662,,4,2,9,4000,0,1,2,,2,002,"RT 101","LAS TABLAS RD",1056.00,S,N,B,-,Y,SLO,5,101,-,-,51.170,H,-,N,Y,4,0,2,1,A,-,08,22107,,N,E,I,A,A,H,-,D,D,1,,,,,Y,,A,01,0,0,2,0,0,0,0,0,0,"- ","- ",35.551000000000002,-120.7149,"SAN LUIS OBISPO",UNINCORPORATED,-120.7148444,35.551135799999997
7003074,2015,2016-09-29,4005,2015-06-11,1605,P090,5,4,5,2,4005,0,0,0,,0,,"RT 1",GRAND,2017.00,N,N,A,-,Y,SLO,5,1,-,-,14.480,H,-,S,Y,4,0,3,3,A,-,03,22350,,N,C,C,A,A,H,-,A,D,0,,,,,Y,,A,01,0,0,3,0,0,0,0,0,0,"- ","- ",,,"SAN LUIS OBISPO","PISMO BEACH",-120.63184966,35.127319419999999
7003311,2015,2017-01-14,9750,2015-07-06,1415,016773,,1,2,9,4000,0,1,3,,1,063,"RT 166","CHIMINEAS RANCH RD",4224.00,E,N,A,-,Y,SLO,5,166,-,-,45.170,H,-,W,Y,4,0,1,1,A,-,08,22107,,N,F,J,A,A,H,-,A,D,0,,,,,Y,,A,01,0,0,1,0,0,0,0,0,0,"- ","- ",35.065330000000003,-119.98101,"SAN LUIS OBISPO",UNINCORPORATED,-119.98177763,35.065567299999998
7003340,2015,2017-01-13,9745,2015-07-14,1855,016068,,2,2,9,4000,0,1,2,,1,101,"RT 101","OLD STAGE COACH RD",2640.00,N,N,A,-,Y,SLO,5,101,-,R,33.260,H,-,S,N,3,0,1,1,C,-,18,,,N,F,A,A,A,H,-,A,D,5,,Y,,,Y,,-,"- ",0,1,0,0,0,0,1,0,0,"- ","- ",35.32714,-120.62044,"SAN LUIS OBISPO",UNINCORPORATED,-120.62070309000001,35.324554759999998
7003344,2015,2017-01-14,9745,2015-07-16,1510,016068,,4,2,9,4000,0,1,3,,2,023,"RT 1","GILARDI RD",0.00,,Y,A,-,Y,SLO,5,1,-,-,24.330,H,-,N,Y,3,0,1,2,A,-,09,21801,A,N,D,C,A,A,H,-,A,A,1,,,,,Y,,A,01,0,1,0,0,0,0,0,0,0,"- ","- ",35.345419999999997,-120.76734,"SAN LUIS OBISPO",UNINCORPORATED,-120.76642624,35.344586900000003
7003352,2015,2017-01-13,9745,2015-07-17,1630,016068,,5,2,9,4000,0,1,2,,2,505,"RT 101","RT 166",5280.00,N,N,A,-,Y,SLO,5,101,-,-,1.810,H,-,N,N,4,0,1,2,A,-,07,21658,A,N,B,C,A,A,H,-,A,D,1,,,,,Y,,A,01,0,0,1,0,0,0,0,0,0,"- ","- ",35.010350000000003,-120.45149000000001,"SAN LUIS OBISPO",UNINCORPORATED,-120.44552332000001,35.007099760000003
7004865,2015,2016-09-29,9740,2015-06-17,1502,14622,,3,2,9,4000,0,1,3,,1,014,"RT 1","PICO AV",0.00,,Y,A,-,Y,SLO,5,1,-,-,54.752,I,5,S,Y,3,0,1,3,A,-,03,22350,,N,C,C,A,A,H,-,A,D,0,,,,,Y,,A,01,0,1,0,0,0,0,0,0,0,"- ","- ",35.615160000000003,-121.1467,"SAN LUIS OBISPO",UNINCORPORATED,-121.14641841,35.61502299
7005040,2015,2017-01-12,9740,2015-07-05,1650,016849,,7,2,9,4000,0,1,3,,2,008,"RT 46","SHANDON RD",0.00,,Y,A,-,Y,SLO,5,46,-,-,42.300,H,-,E,Y,3,0,1,2,A,-,06,21755,,N,C,C,A,A,D,-,A,D,0,,,Y,,Y,,C,02,0,1,0,0,0,0,0,0,1,"- ","- ",35.65992,-120.46528000000001,"SAN LUIS OBISPO",UNINCORPORATED,-120.46540981,35.659702639999999
7006106,2015,2015-08-31,9740,2015-07-14,1555,11615,,2,2,9,4000,0,1,3,,2,011,"RT 46","OLD CREEK RD",17582.00,W,N,A,-,Y,SLO,5,46,-,R,17.520,H,-,W,Y,1,2,1,1,A,-,08,22107,,N,F,A,A,A,H,-,A,D,0,,,,,Y,,D,22,1,0,0,0,0,0,0,0,0,"- ","- ",35.546239999999997,-120.91445,"SAN LUIS OBISPO",UNINCORPORATED,-120.75992872,35.554213679999997
7007249,2015,2015-08-29,9745,2015-07-16,1700,014996,,4,2,9,4000,0,3,5,,2,004,"NOYES RD","LA TEENA PL",102.00,W,N,A,-,N,,,,,,,,,,Y,4,0,1,2,A,-,05,21460,A,N,B,C,A,A,H,-,A,D,0,,,,,Y,,D,22,0,0,1,0,0,0,0,0,0,"- ","- ",35.150060000000003,-120.58701000000001,"SAN LUIS OBISPO",UNINCORPORATED,-120.58692426,35.150208509999999
7007253,2015,2015-08-29,9745,2015-07-12,1015,017061,,7,1,9,4000,0,3,5,,2,004,"WILLOW RD","HETRICK AV",0.00,,Y,A,-,N,,,,,,,,,,Y,4,0,1,2,A,-,09,21802,A,N,D,C,A,A,H,-,A,A,0,,,,,Y,,D,22,0,0,1,0,0,0,0,0,0,"- ","- ",35.04081,-120.51245,"SAN LUIS OBISPO",UNINCORPORATED,-120.51290991,35.04792003
7011761,2015,2017-01-13,9740,2015-07-23,1715,15854,,4,2,4,4008,0,1,2,,2,001,"RT 101","SAN ANSELMO RD",1056.00,S,N,A,-,Y,SLO,5,101,-,-,46.670,H,-,N,Y,4,0,1,3,A,-,04,21703,,N,C,C,A,A,H,-,A,D,1,,,,,Y,,A,01,0,0,1,0,0,0,0,0,0,"- ","- ",35.495399999999997,-120.68064,"SAN LUIS OBISPO",ATASCADERO,-120.68031298,35.49527947
7014410,2015,2017-01-14,9750,2015-07-26,0950,014358,,7,1,9,4000,0,1,3,,2,061,"RT 166","SUEY CREEK RD",6864.00,E,N,A,-,Y,SLO,5,166,-,-,15.100,H,-,E,Y,4,0,1,1,A,-,08,22107,,N,F,A,A,A,H,-,A,D,0,,,Y,,Y,,C,02,0,0,1,0,0,0,0,0,1,"- ","- ",,,"SAN LUIS OBISPO",UNINCORPORATED,-120.3453043,35.01583746
7014648,2015,2017-01-13,9740,2015-07-29,1900,014543,,3,2,9,4000,0,1,3,,1,009,"RT 46","RT 41",7920.00,E,N,A,-,Y,SLO,5,46,-,-,45.310,H,-,E,Y,3,0,1,2,A,-,01,23152,A,N,C,C,A,A,H,-,A,D,0,,,,Y,Y,Y,A,01,0,1,0,0,0,0,0,0,0,"- ","- ",35.737009999999998,-120.27072,"SAN LUIS OBISPO",UNINCORPORATED,-120.41683738,35.66140188
7016608,2015,2015-12-18,4004,2015-07-07,1157,0928,1,2,5,3,4004,0,0,0,,0,017,13TH,"PASO ROBLES",35.00,W,N,A,-,N,,,,,,,,,,N,4,0,1,3,A,-,03,22350,,N,C,C,A,A,H,-,A,A,0,,,,Y,Y,,A,01,0,0,1,0,0,0,0,0,0,"- ","- ",,,"SAN LUIS OBISPO","PASO ROBLES",-120.68584715999999,35.62806037
7016680,2015,2015-08-18,4004,2015-07-29,1750,0657,01,3,5,3,4004,0,0,0,,0,017,15TH,SPRING,150.00,W,N,A,-,N,,,,,,,,,,N,3,0,1,2,A,-,09,21804,,N,D,C,A,A,H,-,A,D,0,,,Y,,Y,,A,01,0,1,0,0,0,0,0,0,1,"- ","- ",,,"SAN LUIS OBISPO","PASO ROBLES",-120.69216452000001,35.629760480000002
7020462,2015,2015-08-21,9745,2015-07-20,1740,016514,,1,2,9,4000,0,3,5,,2,005,"CAMINO CABALLO","RED GUM LN",147.00,W,N,A,-,N,,,,,,,,,,N,2,0,1,1,A,-,08,22107,,N,F,A,A,A,H,-,A,D,0,,Y,,,Y,,L,04,1,0,0,0,0,0,1,0,0,"- ","- ",35.034970000000001,-120.51821,"SAN LUIS OBISPO",UNINCORPORATED,-120.5107009,35.035031869999997
7020489,2015,2015-08-20,4006,2015-07-27,1717,65682,,1,5,4,4006,0,0,0,,0,,"ORCUTT RD","HANSEN CT",486.00,S,N,A,-,N,,,,,,,,,,Y,4,0,1,2,A,-,03,22350,,N,C,C,A,A,H,-,A,D,0,,,,,Y,,A,01,0,0,1,0,0,0,0,0,0,"- ","- ",,,"SAN LUIS OBISPO","SAN LUIS OBISPO",-120.62736314999999,35.252970169999998
7020764,2015,2015-08-14,4006,2015-07-24,1250,16380,,5,5,4,4006,0,0,0,,0,,BROAD,MITCHELL,76.00,S,N,A,-,N,,,,,,,,,,N,3,0,1,2,C,-,18,,,N,E,E,A,A,H,-,A,D,0,,Y,,,Y,,-,"- ",0,1,0,0,0,0,1,0,0,"- ","- ",,,"SAN LUIS OBISPO","SAN LUIS OBISPO",-120.65281121,35.265054999999997
7020921,2015,2015-08-19,4006,2015-07-18,0708,27940,,6,5,4,4006,0,0,0,,0,,JOHNSON,MARSH,0.00,,Y,A,-,N,,,,,,,,,,Y,4,0,1,2,A,-,12,21453,A,N,D,C,A,A,H,-,A,A,0,,,,,Y,,A,07,0,0,1,0,0,0,0,0,0,"- ","- ",,,"SAN LUIS OBISPO","SAN LUIS OBISPO",-120.65594998,35.28300007
7022020,2015,2017-01-13,9745,2015-07-26,1357,015716,,7,1,9,4000,0,1,2,,2,505,"RT 101","TEFFT ST",528.00,S,N,A,-,Y,SLO,5,101,-,-,4.710,H,-,S,Y,4,0,1,2,A,-,03,22350,,N,C,C,A,A,H,-,A,D,1,,,,,Y,,A,01,0,0,1,0,0,0,0,0,0,"- ","- ",35.031869999999998,-120.4795,"SAN LUIS OBISPO",UNINCORPORATED,-120.48306834,35.03526798
7022028,2015,2017-01-13,9745,2015-07-25,1825,020144,,6,2,9,4000,0,1,3,,1,011,"RT 41","BEAR RIDGE RD",5280.00,S,N,A,-,Y,SLO,5,41,-,-,4.270,H,-,N,N,3,0,1,1,A,-,08,22107,,N,E,I,A,A,H,-,A,D,0,,,,,Y,,A,01,0,1,0,0,0,0,0,0,0,"- ","- ",35.416780000000003,-120.79586999999999,"SAN LUIS OBISPO",UNINCORPORATED,-120.79604247,35.416770530000001
7022032,2015,2017-01-13,9745,2015-07-26,1502,020228,,7,2,9,4000,0,1,2,,2,505,"RT 101","TEFFT ST",1131.00,N,N,A,-,Y,SLO,5,101,-,-,5.060,H,-,S,Y,4,0,2,2,A,-,03,22350,,N,C,C,A,A,H,-,A,D,1,,,,,Y,,A,01,0,0,2,0,0,0,0,0,0,"- ","- ",35.039810000000003,-120.48754,"SAN LUIS OBISPO",UNINCORPORATED,-120.48693985,35.039267690000003
7022036,2015,2017-01-13,9745,2015-07-26,0305,020144,,7,3,9,4000,0,1,2,,2,303,"RT 101","LOS OSOS VALLEY RD",4224.00,S,N,B,-,Y,SLO,5,101,-,R,25.110,H,-,S,Y,3,0,1,1,A,-,08,22107,,N,E,I,A,A,H,-,D,D,1,,,,,Y,,A,01,0,1,0,0,0,0,0,0,0,"- ","- ",35.234029999999997,-120.68751,"SAN LUIS OBISPO",UNINCORPORATED,-120.68681257999999,35.234367749999997
7022294,2015,2015-08-31,9745,2015-07-31,1115,012876,,5,1,9,4000,0,2,4,,1,025,"LOS OSOS VALLEY RD","BUCKSKIN DR",497.00,E,N,A,-,N,,,,,,,,,,Y,4,0,1,2,A,-,04,21703,,N,C,C,A,A,H,-,A,D,0,,,,,Y,,A,08,0,0,1,0,0,0,0,0,0,"- ","- ",35.307369999999999,-120.81743,"SAN LUIS OBISPO",UNINCORPORATED,-120.81730928,35.30743554
7022745,2015,2017-01-13,9745,2015-08-02,1755,020689,,7,2,2,4005,0,1,2,,2,404,"RT 101","SPYGLASS DR",1901.00,S,N,A,-,Y,SLO,5,101,-,-,19.450,H,-,S,Y,2,0,2,2,A,-,03,22350,,N,F,A,A,A,H,-,A,D,1,,,Y,,Y,,C,02,1,1,0,0,0,0,0,0,2,"- ","- ",,,"SAN LUIS OBISPO","PISMO BEACH",-120.6815806,35.16157338
7023874,2015,2015-09-03,4006,2015-07-20,1745,48750,,1,5,4,4006,0,0,0,,0,,MONTEREY,"SANTA ROSA",0.00,,Y,A,-,N,,,,,,,,,,N,4,0,1,2,A,-,08,22107,,N,-,C,A,A,H,-,A,A,0,,,,,Y,,A,01,0,0,1,0,0,0,0,0,0,"- ","- ",,,"SAN LUIS OBISPO","SAN LUIS OBISPO",-120.65995992000001,35.282600080000002