CASE_ID,ACCIDENT_YEAR,PROC_DATE,JURIS,COLLISION_DATE,COLLISION_TIME,OFFICER_ID,REPORTING_DISTRICT,DAY_OF_WEEK,CHP_SHIFT,POPULATION,CNTY_CITY_LOC,SPECIAL_COND,BEAT_TYPE,CHP_BEAT_TYPE,CITY_DIVISION_LAPD,CHP_BEAT_CLASS,BEAT_NUMBER,PRIMARY_RD,SECONDARY_RD,DISTANCE,DIRECTION,INTERSECTION,WEATHER_1,WEATHER_2,STATE_HWY_IND,CALTRANS_COUNTY,CALTRANS_DISTRICT,STATE_ROUTE,ROUTE_SUFFIX,POSTMILE_PREFIX,POSTMILE,LOCATION_TYPE,RAMP_INTERSECTION,SIDE_OF_HWY,TOW_AWAY,COLLISION_SEVERITY,NUMBER_KILLED,NUMBER_INJURED,PARTY_COUNT,PRIMARY_COLL_FACTOR,PCF_CODE_OF_VIOL,PCF_VIOL_CATEGORY,PCF_VIOLATION,PCF_VIOL_SUBSECTION,HIT_AND_RUN,TYPE_OF_COLLISION,MVIW,PED_ACTION,ROAD_SURFACE,ROAD_COND_1,ROAD_COND_2,LIGHTING,CONTROL_DEVICE,CHP_ROAD_TYPE,PEDESTRIAN_ACCIDENT,BICYCLE_ACCIDENT,MOTORCYCLE_ACCIDENT,TRUCK_ACCIDENT,NOT_PRIVATE_PROPERTY,ALCOHOL_INVOLVED,STWD_VEHTYPE_AT_FAULT,CHP_VEHTYPE_AT_FAULT,COUNT_SEVERE_INJ,COUNT_VISIBLE_INJ,COUNT_COMPLAINT_PAIN,COUNT_PED_KILLED,COUNT_PED_INJURED,COUNT_BICYCLIST_KILLED,COUNT_BICYCLIST_INJURED,COUNT_MC_KILLED,COUNT_MC_INJURED,PRIMARY_RAMP,SECONDARY_RAMP,LATITUDE,LONGITUDE,COUNTY,CITY,POINT_X,POINT_Y
81980943,2023,2023-01-30,4006,2023-01-12,"925 ",89870,,4,5,4,4006,0,0,0,,0,,"HIGUERA ST","GRANADA DR",26.00,S,N,B,-,N,,,,,,,,,,Y,4,0,1,2,A,-,03,22350,,N,C,C,A,A,H,-,A,B,0,,,,,Y,,A,01,0,0,1,0,0,0,0,0,0,"- ","- ",35.251598358154297,-120.67060089111328,"SAN LUIS OBISPO","SAN LUIS OBISPO",-120.67112731933594,35.251068115234375
81987085,2023,2023-02-06,4006,2023-01-24,1823,89870,,2,5,4,4006,0,0,0,,0,,"HIGUERA ST","LOS OSOS VALLEY RD",0.00,,Y,A,-,N,,,,,,,,,,Y,4,0,1,2,A,-,09,21801,A,N,A,C,A,A,H,-,C,A,0,,,,,Y,,A,01,0,0,1,0,0,0,0,0,0,"- ","- ",35.242000579833984,-120.67669677734375,"SAN LUIS OBISPO","SAN LUIS OBISPO",-120.67669677734375,35.242012023925781
81987087,2023,2023-02-06,4006,2023-01-25,"934 ",16380,,3,5,4,4006,0,0,0,,0,,"MONTEREY ST","GRAND AVE",69.00,W,N,A,-,N,,,,,,,,,,N,4,0,1,2,A,-,09,21801,A,N,D,C,A,A,H,-,A,D,0,,,Y,,Y,,A,08,0,0,1,0,0,0,0,0,1,"- ","- ",35.288650512695312,-120.65135955810547,"SAN LUIS OBISPO","SAN LUIS OBISPO",-120.65184783935547,35.288436889648438
81989226,2023,2023-02-08,4008,2023-01-20,1153,2113,,5,5,4,4008,0,0,0,,0,,"MORRO RD","OLD MORRO RD EAST (W)",1133.00,W,N,A,-,Y,SLO,,41," "," ",13.720,H,,R,Y,3,0,2,2,A,-,05,21651,A,N,B,C,A,A,H,-,A,D,0,,,,Y,Y,,F,25,0,1,1,0,0,0,0,0,0,"- ","- ",35.459300994873047,-120.68189239501953,"SAN LUIS OBISPO",ATASCADERO,-120.68190765380859,35.459274291992188
81992172,2023,2023-02-13,4006,2023-01-26,2005,99310,,4,5,4,4006,0,0,0,,0,,"SLACK ST","GRAND AVE",235.00,E,N,-,-,N,,,,,,,,,,N,3,0,1,2,A,-,08,22103,,N,D,C,A,A,H,-,C,D,0,,,,,Y,,A,01,0,1,0,0,0,0,0,0,0,"- ","- ",35.295761108398438,-120.65312957763672,"SAN LUIS OBISPO","SAN LUIS OBISPO",-120.65240478515625,35.296009063720703
81994718,2023,2023-02-15,4004,2023-01-27,1550,1349,,5,5,3,4004,0,0,0,,0,,"RT 46E","UNION RD",0.00,,Y,A,-,Y,SLO,,46," "," ",31.798,H,,L,N,3,0,2,2,D,-,00,,,N,D,C,A,A,H,-,A,A,0,,,,,Y,,-,"- ",0,2,0,0,0,0,0,0,0,"- ","- ",35.644779205322266,-120.64945220947266,"SAN LUIS OBISPO","PASO ROBLES",-120.64945220947266,35.644645690917969
81995683,2023,2023-02-16,4008,2023-01-26,"730 ",3117,,4,5,4,4008,0,0,0,,0,,"EL CAMINO REAL","EAST MALL",21.00,N,N,A,-,N,,,,,,,,,,N,3,0,1,2,A,-,03,22350,,N,G,B,C,A,H,-,A,A,0,Y,,,,Y,,A,07,0,1,0,0,1,0,0,0,0,"- ","- ",35.488079071044922,-120.66783905029297,"SAN LUIS OBISPO",ATASCADERO,-120.66792297363281,35.488128662109375
81998056,2023,2023-02-20,4008,2023-02-05,1612,2113,,7,5,4,4008,0,0,0,,0,,"SANTA ROSA RD","SANTA ROSA SB ONRAMP",0.00,,Y,A,-,N,,,,,,,,,,Y,2,0,1,2,A,-,09,21801,B,N,D,C,A,A,H,-,A,A,0,,,Y,,Y,,A,07,1,0,0,0,0,0,0,0,1,"- ","- ",35.465641021728516,-120.65194702148438,"SAN LUIS OBISPO",ATASCADERO,-120.66656494140625,35.290153503417969
81999475,2023,2023-02-22,4008,2023-02-05,2105,2151,,7,5,4,4008,0,0,0,,0,,"SAN JACINTO AVE","DOLORES AVE",0.00,,Y,-,-,N,,,,,,,,,,N,4,0,1,2,A,-,09,21802,A,N,D,C,A,A,H,-,D,A,0,,,,Y,Y,,F,26,0,0,1,0,0,0,0,0,0,"- ","- ",35.503391265869141,-120.67208862304688,"SAN LUIS OBISPO",ATASCADERO,-120.67317962646484,35.504665374755859
82000568,2023,2023-02-23,4004,2023-02-03,1346,1381,-----,5,5,3,4004,0,0,0,,0,------,"RT 46E","RT 101 NB OFFRAMP",245.00,E,N,A,-,Y,SLO,,46," "," ",29.810,H,,R,N,4,0,1,2,A,-,03,22350,,N,C,C,A,A,H,-,A,A,0,,,,,Y,,D,22,0,0,1,0,0,0,0,0,0,"- ","- ",35.642768859863281,-120.68425750732422,"SAN LUIS OBISPO","PASO ROBLES",-120.68427276611328,35.642799377441406
82001840,2023,2023-02-24,4006,2023-02-10,1800,99747,,5,5,4,4006,0,0,0,,0,,"FOOTHILL BLVD","CALIFORNIA BLVD",8.00,W,N,A,-,N,,,,,,,,,,N,4,0,1,2,A,-,10,21950,A,F,G,B,B,A,H,-,C,A,0,Y,,,,Y,,A,01,0,0,1,0,1,0,0,0,0,"- ","- ",35.295021057128906,-120.66384887695312,"SAN LUIS OBISPO","SAN LUIS OBISPO",-120.66390228271484,35.295021057128906
82003568,2023,2023-02-27,4006,2023-02-15,2246,99310,,3,5,4,4006,0,0,0,,0,,"BROAD ST","AEROVISTA PL",0.00,,Y,-,-,N,,,,,,,,,,N,4,0,1,2,A,-,09,21802,A,N,D,C,A,A,H,-,C,A,0,,,,,Y,,A,01,0,0,1,0,0,0,0,0,0,"- ","- ",35.243080139160156,-120.64015197753906,"SAN LUIS OBISPO","SAN LUIS OBISPO",-120.63992309570312,35.243110656738281
82009792,2023,2023-03-06,4006,2023-02-21,1831,89870,,2,5,4,4006,0,0,0,,0,,"BROAD ST","RAMONA DR",0.00,,Y,B,G,N,,,,,,,,,,Y,4,0,1,2,A,-,09,21802,A,N,D,C,A,A,H,-,C,A,0,,,,,Y,,A,07,0,0,1,0,0,0,0,0,0,"- ","- ",35.292888641357422,-120.67191314697266,"SAN LUIS OBISPO","SAN LUIS OBISPO",-120.67169189453125,35.292797088623047
82013135,2023,2023-03-09,4004,2023-01-27,1256,1503,,5,5,3,4004,0,0,0,,0,,"THEATRE DR","NUTWOOD CIR",300.00,N,N,A,-,N,,,,,,,,,,N,4,0,1,2,A,-,03,22350,,N,C,C,A,A,H,-,A,D,0,,,,,Y,,A,07,0,0,1,0,0,0,0,0,0,"- ","- ",35.578540802001953,-120.69745635986328,"SAN LUIS OBISPO","PASO ROBLES",-120.69732666015625,35.579357147216797
8201980,2016,2017-01-05,4008,2016-12-16,1018,3152,,5,5,4,4008,0,0,0,,0,,"EL CAMINO REAL","SAN RAFAEL CT",0.00,,Y,A,-,N,,,,,,,,,,Y,3,0,2,2,A,-,12,21453,A,N,C,C,A,A,H,-,A,A,0,,,,,Y,,A,01,0,2,0,0,0,0,0,0,0,"- ","- ",35.460050000000003,-120.64363,"SAN LUIS OBISPO",ATASCADERO,-120.64354989,35.460030000000003
8201984,2016,2017-01-05,4008,2016-12-16,1048,3152,,5,5,4,4008,0,0,0,,0,,"TRAFFIC WY","LEWIS AV",15.00,W,N,A,-,N,,,,,,,,,,N,4,0,1,2,A,-,03,22350,,N,C,C,A,A,H,-,A,D,0,,,,,Y,,A,07,0,0,1,0,0,0,0,0,0,"- ","- ",35.491239999999998,-120.66918,"SAN LUIS OBISPO",ATASCADERO,-120.66915529000001,35.491194370000002
82020253,2023,2023-03-17,4006,2023-03-02,"710 ",16380,,4,5,4,4006,0,0,0,,0,,"RAMONA DR","PALOMAR AVE",144.00,W,N,B,-,N,,,,,,,,,,Y,4,0,1,3,A,-,01,23152,A,N,B,E,A,A,H,-,A,D,0,,,,,Y,Y,A,07,0,0,1,0,0,0,0,0,0,"- ","- ",35.292919158935547,-120.67475891113281,"SAN LUIS OBISPO","SAN LUIS OBISPO",-120.67476654052734,35.292919158935547
8202045,2016,2017-01-05,4008,2016-12-07,1245,3152,,3,5,4,4008,0,0,0,,0,,"TRAFFIC WY","VIA AV",265.00,N,N,C,-,N,,,,,,,,,,Y,3,0,1,2,C,-,18,,,N,E,E,A,B,H,-,A,D,0,,,,,Y,Y,-,"- ",0,1,0,0,0,0,0,0,0,"- ","- ",35.49991,-120.66562,"SAN LUIS OBISPO",ATASCADERO,-120.66546631999999,35.500632230000001
8202073,2016,2017-01-18,4008,2016-12-17,1824,3152,,6,5,4,4008,0,0,0,,0,,"W FRONT RD","SANTA ROSA RD W",277.00,N,N,A,-,N,,,,,,,,,,Y,4,0,1,1,A,-,01,23152,A,N,E,I,A,A,H,-,D,D,0,,,,,Y,Y,D,22,0,0,1,0,0,0,0,0,0,"- ","- ",35.465470000000003,-120.65197000000001,"SAN LUIS OBISPO",ATASCADERO,-120.65206000000001,35.465530000000001
8202215,2016,2017-03-04,4008,2016-12-03,1752,2112,PRSC,6,5,4,4008,0,0,0,,0,,"MORRO RD","SANTA YSABEL",228.00,W,N,A,-,Y,SLO,5,41,-,-,16.020,H,-,S,N,4,0,1,2,A,-,08,22107,,N,E,G,A,A,H,-,C,D,0,,Y,,,Y,,L,04,0,0,1,0,0,0,1,0,0,"- ","- ",,,"SAN LUIS OBISPO",ATASCADERO,-120.66463108000001,35.486703550000001
8202223,2016,2017-03-04,4008,2016-12-09,0640,3152,,5,5,4,4008,0,0,0,,0,,"MORRO RD","LOS ALTOS RD",2430.00,W,N,C,-,Y,SLO,5,41,-,-,10.990,H,-,S,Y,3,0,1,2,A,-,03,22350,,N,E,I,A,B,H,-,B,D,0,,,,,Y,,A,01,0,1,0,0,0,0,0,0,0,"- ","- ",35.455399999999997,-120.71536999999999,"SAN LUIS OBISPO",ATASCADERO,-120.72159739,35.459549340000002
8202276,2016,2017-01-17,4008,2016-11-21,1635,3058,,1,5,4,4008,0,0,0,,0,,"ARDILLA RD","VEGA AV",560.00,N,N,A,-,N,,,,,,,,,,N,3,0,1,1,A,-,03,22350,,N,A,I,A,A,H,-,B,D,0,,,,,Y,,-,"- ",0,1,0,0,0,0,0,0,0,"- ","- ",,,"SAN LUIS OBISPO",ATASCADERO,-120.68021,35.49194
82023073,2023,2023-03-21,4006,2023-03-01,1545,69705,,3,5,4,4006,0,0,0,,0,,"CHORRO ST","FOOTHILL BLVD",0.00,,Y,A,-,N,,,,,,,,,,N,4,0,1,2,A,-,10,21950,A,N,G,B,B,A,H,-,A,A,0,Y,,,,Y,,A,01,0,0,1,0,1,0,0,0,0,"- ","- ",35.294269561767578,-120.67105102539062,"SAN LUIS OBISPO","SAN LUIS OBISPO",-120.67095947265625,35.294094085693359
82027545,2023,2023-03-24,4006,2023-03-10,2130,99332,,5,5,4,4006,0,0,0,,0,,"CALIFORNIA BLVD","TAFT ST",89.00,N,N,C,-,N,,,,,,,,,,N,4,0,1,2,A,-,03,22350,,N,C,C,A,B,H,-,C,D,0,,,,,Y,,A,08,0,0,1,0,0,0,0,0,0,"- ","- ",35.290920257568359,-120.6605224609375,"SAN LUIS OBISPO","SAN LUIS OBISPO",-120.66046905517578,35.291099548339844
82028616,2023,2023-03-27,4008,2023-03-13,"946 ",4125,A,1,5,4,4008,0,0,0,,0,,"MORRO RD","CURBARIL AVE",0.00,,Y,B,-,Y,SLO,,41," "," ",15.109,H,,R,Y,3,0,1,2,A,-,01,23153,A,N,A,C,A,A,H,-,A,A,0,,,,,Y,Y,A,01,0,1,0,0,0,0,0,0,0,"- ","- ",35.474220275878906,-120.66832733154297,"SAN LUIS OBISPO",ATASCADERO,-120.66826629638672,35.474208831787109
82028622,2023,2023-03-27,4001,2023-03-08,1744,P0150,,3,5,3,4001,0,0,0,,0,46-3,"SIERRA DR","N OAK PARK BLVD",15.00,E,N,A,-,N,,,,,,,,,,N,4,0,1,2,A,-,03,22350,,N,D,G,A,A,H,-,A,D,0,,Y,,,Y,,L,04,0,0,1,0,0,0,1,0,0,"- ","- ",,,"SAN LUIS OBISPO","ARROYO GRANDE",-120.60739898681641,35.128517150878906
82034206,2023,2023-03-31,4006,2023-03-19,"551 ",99332,,7,5,4,4006,0,0,0,,0,,"WALNUT ST","SANTA ROSA ST",0.00,,Y,C,-,N,,,,,,,,,,N,4,0,1,2,A,-,10,21950,A,N,G,B,B,B,H,-,C,A,0,Y,,,,Y,,-,35,0,0,1,0,1,0,0,0,0,"- ","- ",35.285888671875,-120.66319274902344,"SAN LUIS OBISPO","SAN LUIS OBISPO",-120.66285705566406,35.285911560058594
82038069,2023,2023-04-06,4004,2023-03-16,1744,1381,-----,4,5,3,4004,0,0,0,,0,------,"RT 46E","BUENA VISTA DR",25.00,E,N,A,-,Y,,,,,,,,,,Y,4,0,1,3,A,-,08,22107,,N,D,C,A,A,H,-,A,A,0,,,,,Y,,A,01,0,0,1,0,0,0,0,0,0,"- ","- ",35.643760681152344,-120.67150115966797,"SAN LUIS OBISPO","PASO ROBLES",-120.67150115966797,35.644405364990234
82042547,2023,2023-04-12,4008,2023-03-24,1602,2133,,5,5,4,4008,0,0,0,,0,,"EL CAMINO REAL","CURBARIL AVE",0.00,,Y,A,-,N,,,,,,,,,,Y,4,0,1,2,A,-,12,21453,A,N,D,C,A,A,H,-,A,A,0,,,,,Y,,D,22,0,0,1,0,0,0,0,0,0,"- ","- ",35.477569580078125,-120.65640258789062,"SAN LUIS OBISPO",ATASCADERO,-120.65626525878906,35.477523803710938
82048158,2023,2023-04-19,4006,2023-04-04,1626,16380,,2,5,4,4006,0,0,0,,0,,"FOOTHILL BLVD","CALIFORNIA BLVD",118.00,W,N,A,-,Y,,,,,,,,,,N,4,0,1,2,A,-,08,22100,B,N,D,G,A,A,H,-,A,D,0,,Y,,,Y,,M,91,0,0,1,0,0,0,1,0,0,"- ","- ",35.293430328369141,-120.66490936279297,"SAN LUIS OBISPO","SAN LUIS OBISPO",-120.66424560546875,35.294902801513672
82048164,2023,2023-04-19,4006,2023-03-18,"200 ",89870,,6,5,4,4006,0,0,0,,0,,"ISLAY ST","GARDEN ST",8.00,W,N,F,-,N,,,,,,,,,,N,2,0,1,2,A,-,11,21950,B,F,G,B,B,A,H,-,C,D,0,Y,,,,Y,Y,N,60,1,0,0,0,1,0,0,0,0,"- ","- ",35.275478363037109,-120.66024780273438,"SAN LUIS OBISPO","SAN LUIS OBISPO",-120.66017150878906,35.275627136230469
82056184,2023,2023-04-28,4006,2023-04-08,2052,98539,,6,5,4,4006,0,0,0,,0,,"OLIVE ST","RT 1",338.00,E,N,A,B,Y,SLO,,1," "," ",16.860,H,,L,N,4,0,1,2,A,-,09,21804,A,N,D,C,A,A,H,-,C,D,0,,,,,Y,,A,01,0,0,1,0,0,0,0,0,0,"- ","- ",35.287528991699219,-120.66454315185547,"SAN LUIS OBISPO","SAN LUIS OBISPO",-120.66443634033203,35.28759765625
82057441,2023,2023-05-01,4006,2023-04-10,"947 ",14848,,1,5,4,4006,0,0,0,,0,,"BROAD ST","LEFF ST",0.00,,Y,A,-,N,,,,,,,,,,Y,4,0,1,2,A,-,09,21802,A,N,D,C,A,A,H,-,A,A,0,,,,,Y,,D,22,0,0,1,0,0,0,0,0,0,"- ","- ",35.274139404296875,-120.66053009033203,"SAN LUIS OBISPO","SAN LUIS OBISPO",-120.66037750244141,35.274303436279297
82058718,2023,2023-05-02,4004,2023-04-09,1138,1427,,7,5,3,4004,0,0,0,,0,,"UNION RD","ARDMORE RD",479.00,E,N,A,-,N,,,,,,,,,,N,4,0,2,2,A,-,08,22107,,N,D,C,A,A,H,-,A,D,0,,,,,Y,,A,01,0,0,2,0,0,0,0,0,0,"- ","- ",,,"SAN LUIS OBISPO","PASO ROBLES",-120.65117645263672,35.643707275390625
82061887,2023,2023-05-08,4008,2023-01-26,1539,2054,C,4,5,4,4008,0,0,0,,0,,"DEL RIO RD","EL CAMINO REAL",10.00,W,N,A,-,Y,,,,,,,,,,N,4,0,1,2,A,-,09,21804,A,F,D,C,A,A,H,-,A,A,0,,,,,Y,,A,01,0,0,1,0,0,0,0,0,0,"- ","- ",35.513591766357422,-120.69770050048828,"SAN LUIS OBISPO",ATASCADERO,-120.69782257080078,35.513729095458984
82061894,2023,2023-05-05,4006,2023-04-20,2047,99310,,4,5,4,4006,0,0,0,,0,,"LOS OSOS VALLEY RD","DESCANSO ST",0.00,,Y,A,-,N,,,,,,,,,,N,3,0,1,2,A,-,09,21804,A,N,A,C,A,A,H,-,C,A,0,,,,,Y,,A,01,0,1,0,0,0,0,0,0,0,"- ","- ",35.264858245849609,-120.69999694824219,"SAN LUIS OBISPO","SAN LUIS OBISPO",-120.70000457763672,35.264896392822266
82061895,2023,2023-05-05,4006,2023-04-21,1713,10938,,5,5,4,4006,0,0,0,,0,,"OSOS ST","ISLAY ST",13.00,S,N,A,-,N,,,,,,,,,,N,3,0,1,2,A,-,21,22106,,N,C,C,A,A,H,-,A,D,0,,,Y,,Y,,A,01,0,1,0,0,0,0,0,0,1,"- ","- ",35.275581359863281,-120.65901184082031,"SAN LUIS OBISPO","SAN LUIS OBISPO",-120.65734100341797,35.277301788330078
82067312,2023,2023-05-12,4004,2023-04-21,"855 ",1448,-----,5,5,3,4004,0,0,0,,0,------,"NIBLICK RD","WOODLAND PLAZA",40.00,W,N,A,-,N,,,,,,,,,,N,4,0,1,2,A,-,03,22350,,F,C,C,A,A,H,-,A,A,0,,,,,Y,,A,01,0,0,1,0,0,0,0,0,0,"- ","- ",35.615089416503906,-120.68206024169922,"SAN LUIS OBISPO","PASO ROBLES",,
82071560,2023,2023-05-18,4004,2023-04-21,1709,1448,-----,5,5,3,4004,0,0,0,,0,------,"RT 46E","AIRPORT RD",1100.00,E,N,A,-,Y,SLO,,46," "," ",32.144,H,,R,N,3,0,1,2,A,-,03,22350,,N,C,C,A,A,H,-,A,D,0,,,Y,,Y,,C,02,0,1,0,0,0,0,0,0,1,"- ","- ",35.644660949707031,-120.64330291748047,"SAN LUIS OBISPO","PASO ROBLES",-120.64330291748047,35.644454956054688
82072441,2023,2023-05-19,4006,2023-05-05,"906 ",89870,,5,5,4,4006,0,0,0,,0,,"HIGUERA ST","MORRO ST",91.00,W,N,B,-,N,,,,,,,,,,N,3,0,1,2,C,-,18,,,N,H,G,A,A,H,-,A,D,0,,Y,,,Y,,-,"- ",0,1,0,0,0,0,1,0,0,"- ","- ",35.280361175537109,-120.66194915771484,"SAN LUIS OBISPO","SAN LUIS OBISPO",-120.66197204589844,35.280452728271484
82073378,2023,2023-05-22,4008,2023-04-20,2100,2114,D,4,5,4,4008,0,0,0,,0,,"EL CAMINO REAL","CURBARIL AVE",75.00,S,N,A,-,N,,,,,,,,,,Y,3,0,2,2,A,-,09,21804,A,N,D,C,A,A,H,-,C,A,0,,,,,Y,,A,01,0,2,0,0,0,0,0,0,0,"- ","- ",35.477569580078125,-120.65640258789062,"SAN LUIS OBISPO",ATASCADERO,-120.65615081787109,35.477336883544922
82073391,2023,2023-05-22,4006,2023-05-08,1441,49251,SLO,1,5,4,4006,0,0,0,,0,SLO,"BROAD ST","CHURCH ST",0.00,,Y,-,-,N,,,,,,,,,,Y,4,0,1,3,A,-,04,21703,,N,C,C,A,A,H,-,A,D,0,,,,,Y,,A,07,0,0,1,0,0,0,0,0,0,"- ","- ",35.273658752441406,-120.65949249267578,"SAN LUIS OBISPO","SAN LUIS OBISPO",-120.65966796875,35.273521423339844
82073598,2023,2023-05-22,4001,2023-04-29,"115 ",P0158,,6,5,3,4001,0,0,0,,0,46-1,"CLARENCE AVE","HUASNA RD (E)",80.00,N,N,A,-,N,,,,,,,,,,N,3,0,1,2,A,-,01,23152,A,N,G,B,E,A,H,-,D,D,0,Y,,,Y,Y,Y,F,76,0,1,0,0,1,0,0,0,0,"- ","- ",35.127468109130859,-120.56864166259766,"SAN LUIS OBISPO","ARROYO GRANDE",-120.56877136230469,35.127593994140625
82074801,2023,2023-05-23,4006,2023-05-09,1640,80908,,2,5,4,4006,0,0,0,,0,,TANKFARM,BROAD,0.00,,Y,A,-,N,,,,,,,,,,Y,3,0,1,2,A,-,12,21453,A,N,D,G,A,A,H,-,A,A,0,,Y,,,Y,,L,04,0,1,0,0,0,0,1,0,0,"- ","- ",35.248451232910156,-120.64290618896484,"SAN LUIS OBISPO","SAN LUIS OBISPO",-120.64302062988281,35.248348236083984
82078861,2023,2023-05-26,4008,2023-04-30,2110,2151,,7,5,4,4008,0,0,0,,0,,"DEL RIO RD","LA CANADA LN",181.00,E,N,A,-,N,,,,,,,,,,N,3,0,1,1,A,-,03,22350,,N,E,I,A,A,H,-,D,D,0,,,,,Y,,A,01,0,1,0,0,0,0,0,0,0,"- ","- ",35.512489318847656,-120.71900939941406,"SAN LUIS OBISPO",ATASCADERO,-120.71872711181641,35.512554168701172
82078902,2023,2023-05-26,4004,2023-03-26,2126,1472,,7,5,3,4004,0,0,0,,0,,"RT 46E","UNION RD",0.00,,Y,A,-,Y,SLO,,46," "," ",31.798,H,,L,Y,2,0,2,4,A,-,09,21801,A,N,D,C,A,A,H,-,D,D,0,,,,,Y,Y,A,01,2,0,0,0,0,0,0,0,0,"- ","- ",35.644779205322266,-120.64945220947266,"SAN LUIS OBISPO","PASO ROBLES",-120.64945220947266,35.644645690917969
82080761,2023,2023-05-30,4001,2023-05-11,1217,P0139,,4,5,3,4001,0,0,0,,0,46-1,"GRAND AVE","BRANCH ST",59.00,W,N,A,-,N,,,,,,,,,,Y,3,0,2,2,A,-,09,21804,A,N,A,C,A,A,H,-,A,D,0,,,,,Y,,A,01,0,1,1,0,0,0,0,0,0,"- ","- ",35.121391296386719,-120.58193969726562,"SAN LUIS OBISPO","ARROYO GRANDE",-120.58198547363281,35.122135162353516
82080765,2023,2023-05-30,4001,2023-05-15,2034,P0150,,1,5,3,4001,0,0,0,,0,46-3,"EL CAMINO REAL","BRISCO RD",6.00,E,N,A,-,N,,,,,,,,,,N,4,0,1,2,A,-,17,21451,A,N,B,C,A,A,H,-,C,A,0,,,,,Y,,-,"- ",0,0,1,0,0,0,0,0,0,"- ","- ",35.123409271240234,-120.59340667724609,"SAN LUIS OBISPO","ARROYO GRANDE",-120.59358215332031,35.123863220214844
82082930,2023,2023-06-01,4004,2023-01-15,"635 ",1514,,7,5,3,4004,0,0,0,,0,,"CRESTON RD","NICKERSON DR",50.00,E,N,B,-,N,,,,,,,,,,N,3,0,1,1,A,-,08,22107,,N,E,I,A,B,H,-,C,A,0,,,,,Y,,A,01,0,1,0,0,0,0,0,0,0,"- ","- ",35.625301361083984,-120.67063903808594,"SAN LUIS OBISPO","PASO ROBLES",-120.67058563232422,35.625251770019531
82084114,2023,2023-06-02,4008,2023-05-14,1530,2113,,7,5,4,4008,0,0,0,,0,,"MORRO RD","MORRO SB OFFRAMP",330.00,S,N,A,-,Y,SLO,,41," "," ",15.860,H,,R,Y,3,0,3,2,A,-,08,22107,,N,D,C,A,A,H,-,A,D,0,,,,,Y,,A,01,0,3,0,0,0,0,0,0,0,"- ","- ",35.484859466552734,-120.66522216796875,"SAN LUIS OBISPO",ATASCADERO,-120.66522979736328,35.48486328125
82088721,2023,2023-06-08,4004,2023-05-28,1330,1541,,7,5,3,4004,0,0,0,,0,,"SPRING ST","32ND ST",0.00,,Y,A,-,N,,,,,,,,,,N,3,0,1,2,A,-,09,21804,A,N,D,C,A,A,H,-,A,D,0,,,,,Y,Y,A,01,0,1,0,0,0,0,0,0,0,"- ","- ",35.647281646728516,-120.69232940673828,"SAN LUIS OBISPO","PASO ROBLES",-120.69313812255859,35.647533416748047
82090999,2023,2023-06-12,4006,2023-05-20,"48  ",10938,,6,5,4,4006,0,0,0,,0,,"SANTA ROSA ST","MARSH ST",0.00,,Y,A,-,N,,,,,,,,,,N,3,0,3,2,A,-,12,21453,A,N,D,C,A,A,H,-,C,A,0,,,,,Y,,A,01,0,3,0,0,0,0,0,0,0,"- ","- ",35.281009674072266,-120.65869140625,"SAN LUIS OBISPO","SAN LUIS OBISPO",-120.65869140625,35.281242370605469
82091006,2023,2023-06-12,4001,2023-05-25,1523,P0139,SLSC,4,5,3,4001,0,0,0,,0,46-1,"OAK PARK BLVD","JAMES WAY",0.00,,Y,A,-,N,,,,,,,,,,Y,4,0,1,2,A,-,09,21453,C,N,A,C,A,A,H,-,A,A,0,,,,,Y,,A,01,0,0,1,0,0,0,0,0,0,"- ","- ",,,"SAN LUIS OBISPO","ARROYO GRANDE",-120.60527801513672,35.133983612060547
82092044,2023,2023-06-13,4006,2023-05-28,1642,15560,,7,5,4,4006,0,0,0,,0,,"DESCANSO ST","LOS OSOS VALLEY RD",20.00,N,N,B,-,N,,,,,,,,,,Y,3,0,1,2,A,-,12,21453,A,N,E,I,A,A,H,-,A,A,0,,,,,Y,,A,01,0,1,0,0,0,0,0,0,0,"- ","- ",35.264858245849609,-120.69999694824219,"SAN LUIS OBISPO","SAN LUIS OBISPO",-120.69995880126953,35.264934539794922
82092047,2023,2023-06-13,4006,2023-06-01,1326,89870,,4,5,4,4006,0,0,0,,0,,"HIGUERA ST","PRADO RD",0.00,,Y,A,-,N,,,,,,,,,,N,3,0,1,2,A,-,12,21453,A,N,D,G,A,A,H,-,A,A,0,,Y,,,Y,,L,04,0,1,0,0,0,0,1,0,0,"- ","- ",35.253158569335938,-120.67141723632812,"SAN LUIS OBISPO","SAN LUIS OBISPO",-120.66902160644531,35.254619598388672
82096097,2023,2023-06-19,4008,2023-05-21,1650,2133,,7,5,4,4008,0,0,0,,0,,"SAN MARCOS RD","ESCONDIDO RD",531.00,E,N,A,-,N,,,,,,,,,,N,2,0,1,1,C,-,18,,,N,F,A,A,A,H,-,A,D,0,,Y,,,Y,,-,"- ",1,0,0,0,0,0,1,0,0,"- ","- ",35.468318939208984,-120.69873809814453,"SAN LUIS OBISPO",ATASCADERO,-120.69698333740234,35.468841552734375