CASE_ID,ACCIDENT_YEAR,PROC_DATE,JURIS,COLLISION_DATE,COLLISION_TIME,OFFICER_ID,REPORTING_DISTRICT,DAY_OF_WEEK,CHP_SHIFT,POPULATION,CNTY_CITY_LOC,SPECIAL_COND,BEAT_TYPE,CHP_BEAT_TYPE,CITY_DIVISION_LAPD,CHP_BEAT_CLASS,BEAT_NUMBER,PRIMARY_RD,SECONDARY_RD,DISTANCE,DIRECTION,INTERSECTION,WEATHER_1,WEATHER_2,STATE_HWY_IND,CALTRANS_COUNTY,CALTRANS_DISTRICT,STATE_ROUTE,ROUTE_SUFFIX,POSTMILE_PREFIX,POSTMILE,LOCATION_TYPE,RAMP_INTERSECTION,SIDE_OF_HWY,TOW_AWAY,COLLISION_SEVERITY,NUMBER_KILLED,NUMBER_INJURED,PARTY_COUNT,PRIMARY_COLL_FACTOR,PCF_CODE_OF_VIOL,PCF_VIOL_CATEGORY,PCF_VIOLATION,PCF_VIOL_SUBSECTION,HIT_AND_RUN,TYPE_OF_COLLISION,MVIW,PED_ACTION,ROAD_SURFACE,ROAD_COND_1,ROAD_COND_2,LIGHTING,CONTROL_DEVICE,CHP_ROAD_TYPE,PEDESTRIAN_ACCIDENT,BICYCLE_ACCIDENT,MOTORCYCLE_ACCIDENT,TRUCK_ACCIDENT,NOT_PRIVATE_PROPERTY,ALCOHOL_INVOLVED,STWD_VEHTYPE_AT_FAULT,CHP_VEHTYPE_AT_FAULT,COUNT_SEVERE_INJ,COUNT_VISIBLE_INJ,COUNT_COMPLAINT_PAIN,COUNT_PED_KILLED,COUNT_PED_INJURED,COUNT_BICYCLIST_KILLED,COUNT_BICYCLIST_INJURED,COUNT_MC_KILLED,COUNT_MC_INJURED,PRIMARY_RAMP,SECONDARY_RAMP,LATITUDE,LONGITUDE,COUNTY,CITY,POINT_X,POINT_Y
82096561,2023,2023-06-19,4001,2023-06-06,1952,P0131,,2,5,3,4001,0,0,0,,0,,"CHERRY AVE","TRAFFIC WAY",647.00,E,N,B,-,N,,,,,,,,,,N,2,0,1,1,A,-,08,22107,,N,E,I,A,B,H,-,A,A,0,,Y,,,Y,Y,L,04,1,0,0,0,0,0,1,0,0,"- ","- ",35.1185302734375,-120.57530212402344,"SAN LUIS OBISPO","ARROYO GRANDE",-120.57543182373047,35.118511199951172
82099424,2023,2023-06-22,4004,2023-06-06,1207,1381,,2,5,3,4004,0,0,0,,0,,"RT 46E","GOLDEN HILL RD",257.00,E,N,B,-,Y,,,,,,,,,,N,4,0,1,3,A,-,21,22106,,N,C,C,A,A,H,-,A,A,0,,,,,Y,,D,22,0,0,1,0,0,0,0,0,0,"- ","- ",35.643470764160156,-120.65737915039062,"SAN LUIS OBISPO","PASO ROBLES",-120.65721893310547,35.644439697265625
82101271,2023,2023-06-26,4008,2023-06-07,1924,2115,-----,3,5,4,4008,0,0,0,,0,,CA-41,"OLD MORRO RD",0.00,,Y,A,-,N,,,,,,,,,,Y,3,0,1,1,A,-,01,23152,A,N,F,A,A,A,H,-,B,D,0,,,,,Y,Y,-,"- ",0,1,0,0,0,0,0,0,0,"- ","- ",,,"SAN LUIS OBISPO",ATASCADERO,-120.71414947509766,35.454879760742188
82107834,2023,2023-07-03,4006,2023-06-10,1416,99297,,6,5,4,4006,0,0,0,,0,,"PISMO ST","TORO ST",180.00,W,N,A,-,N,,,,,,,,,,N,4,0,1,2,A,-,03,22350,,N,C,C,A,A,H,-,A,D,0,,,,,Y,,A,07,0,0,1,0,0,0,0,0,0,"- ","- ",35.280891418457031,-120.65550231933594,"SAN LUIS OBISPO","SAN LUIS OBISPO",-120.65613555908203,35.280448913574219
82107839,2023,2023-07-03,4006,2023-06-18,1553,80908,,7,5,4,4006,0,0,0,,0,,"MORRO ST","MONTEREY ST",0.00,,Y,A,-,N,,,,,,,,,,N,4,0,1,2,A,-,11,21453,D,N,G,B,E,A,H,-,A,A,0,Y,,,,Y,,N,60,0,0,1,0,1,0,0,0,0,"- ","- ",35.281150817871094,-120.6622314453125,"SAN LUIS OBISPO","SAN LUIS OBISPO",-120.66232299804688,35.281269073486328
82112528,2023,2023-07-10,4001,2023-06-21,1305,P0139,,3,5,3,4001,0,0,0,,0,,"GRAND AVE","EL CAMINO REAL",13.00,W,N,A,-,N,,,,,,,,,,Y,3,0,1,2,A,-,09,21800,A,N,A,C,A,A,H,-,A,A,0,,,Y,,Y,,C,02,0,1,0,0,0,0,0,0,1,"- ","- ",,,"SAN LUIS OBISPO","ARROYO GRANDE",-120.58361053466797,35.121414184570312
82113507,2023,2023-07-11,4008,2023-06-18,"52  ",2151,,7,5,4,4008,0,0,0,,0,,"MORRO RD","OLD MORRO RD EAST (W)",647.00,E,N,A,-,N,,,,,,,,,,Y,3,0,1,1,A,-,01,23152,A,M,F,A,A,A,H,-,D,D,0,,,,,Y,Y,A,01,0,1,0,0,0,0,0,0,0,"- ","- ",35.459300994873047,-120.68189239501953,"SAN LUIS OBISPO",ATASCADERO,-120.68190765380859,35.459255218505859
82113520,2023,2023-07-11,4006,2023-06-26,1730,99332,,1,5,4,4006,0,0,0,,0,,"ORCUTT RD","BROAD ST",79.00,W,N,A,-,N,,,,,,,,,,N,3,0,1,2,A,-,05,21202,A,N,D,G,A,A,H,-,A,D,0,,Y,,,Y,,L,04,0,1,0,0,0,0,1,0,0,"- ","- ",35.26129150390625,-120.65025329589844,"SAN LUIS OBISPO","SAN LUIS OBISPO",-120.64994812011719,35.261280059814453
82125956,2023,2023-07-26,4004,2023-07-14,1333,1381,,5,5,3,4004,0,0,0,,0,,"RIVER RD","RIVERBANK LN",0.00,,Y,A,-,N,,,,,,,,,,Y,4,0,1,2,A,-,09,21801,A,N,D,C,A,A,H,-,A,A,0,,,,,Y,,A,07,0,0,1,0,0,0,0,0,0,"- ","- ",35.609630584716797,-120.68132781982422,"SAN LUIS OBISPO","PASO ROBLES",-120.68095397949219,35.610137939453125
82131127,2023,2023-07-31,4006,2023-07-13,1656,89870,,4,5,4,4006,0,0,0,,0,,"MORRO ST","PALM ST",0.00,,Y,A,-,N,,,,,,,,,,N,3,0,1,2,A,-,10,21950,A,N,G,B,B,A,H,-,A,A,0,Y,,,,Y,,A,01,0,1,0,0,1,0,0,0,0,"- ","- ",35.282100677490234,-120.66320037841797,"SAN LUIS OBISPO","SAN LUIS OBISPO",-120.66310119628906,35.282169342041016
82132618,2023,2023-08-01,4006,2023-07-20,"810 ",100043,,4,5,4,4006,0,0,0,,0,,"LOS OSOS VALLEY RD","LAGUNA LN",497.00,E,N,A,-,N,,,,,,,,,,N,2,0,1,1,A,-,03,22350,,N,E,J,A,A,C,-,A,D,0,,,Y,,Y,,C,03,1,0,0,0,0,0,0,0,1,"- ","- ",35.261878967285156,-120.69664764404297,"SAN LUIS OBISPO","SAN LUIS OBISPO",-120.69539642333984,35.260993957519531
82133738,2023,2023-08-02,4004,2023-07-05,"607 ",1492,-----,3,5,3,4004,0,0,0,,0,------,"RT 46E","UNION RD",637.00,E,N,B,-,Y,,,,,,,,,,Y,3,0,2,2,A,-,01,23153,A,N,B,C,A,A,H,-,B,A,0,,,,,Y,Y,A,01,0,1,1,0,0,0,0,0,0,"- ","- ",35.643280029296875,-120.64872741699219,"SAN LUIS OBISPO","PASO ROBLES",-120.64727783203125,35.644451141357422
82135895,2023,2023-08-04,4004,2023-07-24,1211,1504,,1,5,3,4004,0,0,0,,0,,"SPRING ST","23RD ST",0.00,,Y,A,-,N,,,,,,,,,,N,4,0,1,2,A,-,08,22107,,N,D,G,A,A,H,-,A,D,0,,Y,,,Y,,D,22,0,0,1,0,0,0,1,0,0,"- ","- ",35.638088226318359,-120.69229125976562,"SAN LUIS OBISPO","PASO ROBLES",-120.69237518310547,35.638126373291016
82138084,2023,2023-08-08,4008,2023-07-13,1700,2114,,4,5,4,4008,0,0,0,,0,,"MORRO RD","MORRO SB ONRAMP",200.00,W,N,A,-,N,,,,,,,,,,N,3,0,1,2,A,-,08,22107,,N,D,C,A,A,H,-,A,A,0,,,,,Y,,A,01,0,1,0,0,0,0,0,0,0,"- ","- ",35.48345947265625,-120.66470336914062,"SAN LUIS OBISPO",ATASCADERO,-120.75093841552734,35.455501556396484
82146999,2023,2023-08-18,4008,2023-07-20,1835,4145,,4,5,4,4008,0,0,0,,0,,"DEL RIO RD","SAN GREGORIO RD",0.00,,Y,A,-,N,,,,,,,,,,Y,3,0,1,2,A,-,08,22107,,N,A,C,A,A,H,-,A,D,0,,,,Y,Y,,A,01,0,1,0,0,0,0,0,0,0,"- ","- ",35.508598327636719,-120.7283935546875,"SAN LUIS OBISPO",ATASCADERO,-120.72853088378906,35.508213043212891
82147018,2023,2023-08-18,4004,2023-07-22,1915,1572,,6,5,3,4004,0,0,0,,0,,"SPRING ST","16TH ST",0.00,,Y,-,-,N,,,,,,,,,,Y,4,0,1,2,A,-,09,21800,A,N,A,C,A,A,H,-,A,D,0,,,,,Y,,A,01,0,0,1,0,0,0,0,0,0,"- ","- ",35.630588531494141,-120.69149017333984,"SAN LUIS OBISPO","PASO ROBLES",-120.69174957275391,35.630847930908203
82154821,2023,2023-08-28,4006,2023-07-21,"838 ",100043,,5,5,4,4006,0,0,0,,0,,"LOS OSOS VALLEY RD","DESCANSO ST",0.00,E,Y,A,-,N,,,,,,,,,,Y,3,0,1,2,A,-,09,21801,A,N,D,C,A,A,H,-,A,A,0,,,,,Y,,A,07,0,1,0,0,0,0,0,0,0,"- ","- ",35.264858245849609,-120.69999694824219,"SAN LUIS OBISPO","SAN LUIS OBISPO",-120.70000457763672,35.264896392822266
82154828,2023,2023-08-28,4006,2023-08-09,1345,67850,,3,5,4,4006,0,0,0,,0,,"LOS OSOS VALLEY RD","NCLP HWY 101 SB OFF",18.00,N,N,A,-,N,,,,,,,,,,N,4,0,1,2,A,-,03,22350,,N,C,C,A,A,H,-,A,A,0,,,,,Y,,A,01,0,0,1,0,0,0,0,0,0,"- ","- ",35.246051788330078,-120.68266296386719,"SAN LUIS OBISPO","SAN LUIS OBISPO",,
82154831,2023,2023-08-28,4006,2023-08-12,1014,15560,"CITY ",6,5,4,4006,0,0,0,,0,,"LOS OSOS VALLEY RD","CALLE JOAQUIN",160.00,E,N,-,-,N,,,,,,,,,,Y,3,0,2,2,A,-,09,21804,A,N,D,C,A,A,H,-,A,D,0,,,,,Y,,A,07,0,1,1,0,0,0,0,0,0,"- ","- ",35.246578216552734,-120.68341827392578,"SAN LUIS OBISPO","SAN LUIS OBISPO",-120.68264007568359,35.244895935058594
82159081,2023,2023-08-31,4001,2023-07-03,1105,P0139,,1,5,3,4001,0,0,0,,0,46-3,"OAK PARK BLVD","EL CAMINO REAL",42.00,S,N,A,-,N,,,,,,,,,,Y,3,0,2,2,A,-,09,21801,A,N,A,C,A,A,H,-,A,A,0,,,,,Y,,A,01,0,2,0,0,0,0,0,0,0,"- ","- ",,,"SAN LUIS OBISPO","ARROYO GRANDE",-120.60689544677734,35.129386901855469
82161364,2023,2023-09-04,4006,2023-08-12,"945 ",30311,,6,5,4,4006,0,0,0,,0,,"HIGUERA ST","NIPOMO ST",158.00,W,N,A,-,N,,,,,,,,,,N,3,0,1,2,A,-,08,22107,,N,H,J,A,A,H,-,A,D,0,,,,,Y,,-,99,0,1,0,0,0,0,0,0,0,"- ","- ",35.278141021728516,-120.66577911376953,"SAN LUIS OBISPO","SAN LUIS OBISPO",-120.66616058349609,35.277873992919922
82161883,2023,2023-09-22,4006,2023-08-19,2330,68370,,6,5,4,4006,0,0,0,,0,,"SANTA ROSA ST","HIGUERA ST",0.00,,Y,A,-,N,,,,,,,,,,N,2,0,1,2,A,-,10,21950,A,F,G,B,B,A,H,-,C,A,0,Y,,,,Y,,-,99,1,0,0,0,1,0,0,0,0,"- ","- ",35.281909942626953,-120.65931701660156,"SAN LUIS OBISPO","SAN LUIS OBISPO",-120.65940093994141,35.281970977783203
82166155,2023,2023-09-11,4008,2023-08-19,1149,2133,C,6,5,4,4008,0,0,0,,0,,"ATASCADERO AVE","MARCHANT AVE",0.00,,Y,A,-,N,,,,,,,,,,Y,2,0,1,2,A,-,09,21802,A,N,D,C,A,A,H,-,A,A,0,,,Y,,Y,,A,01,1,0,0,0,0,0,0,0,0,"- ","- ",35.470508575439453,-120.66365814208984,"SAN LUIS OBISPO",ATASCADERO,-120.66377258300781,35.471950531005859
82169649,2023,2023-09-14,4004,2023-08-25,1141,1381,-----,5,5,3,4004,0,0,0,,0,------,"RT 46E","BUENA VISTA DR",0.00,,Y,A,-,Y,,,,,,,,,,Y,3,0,2,2,A,-,12,21453,A,N,D,C,A,A,H,-,A,A,0,,,,,Y,,D,22,0,1,1,0,0,0,0,0,0,"- ","- ",35.643760681152344,-120.67150115966797,"SAN LUIS OBISPO","PASO ROBLES",-122.51104736328125,37.530891418457031
82173063,2023,2023-09-19,4006,2023-08-29,1600,89870,,2,5,4,4006,0,0,0,,0,,"AUGUSTA ST","SYDNEY ST",0.00,,Y,A,-,N,,,,,,,,,,N,3,0,1,2,A,-,12,22450,A,N,D,G,A,A,H,-,A,A,0,,Y,,,Y,,L,04,0,1,0,0,0,0,1,0,0,"- ","- ",35.270248413085938,-120.64559173583984,"SAN LUIS OBISPO","SAN LUIS OBISPO",-120.645751953125,35.270469665527344
82173071,2023,2023-09-19,4006,2023-09-07,1252,89870,,4,5,4,4006,0,0,0,,0,,"MOUNTAIN VIEW ST","HILL ST",507.00,S,N,A,-,N,,,,,,,,,,Y,3,0,1,1,A,-,01,23152,A,N,F,A,A,A,E,-,A,D,0,,,,,Y,Y,A,01,0,1,0,0,0,0,0,0,0,"- ","- ",35.283428192138672,-120.67169952392578,"SAN LUIS OBISPO","SAN LUIS OBISPO",-120.67109680175781,35.284011840820312
82173073,2023,2023-09-19,4006,2023-09-08,1042,89870,,5,5,4,4006,0,0,0,,0,,"LAUREL LN","SOUTHWOOD DR",125.00,W,N,A,-,N,,,,,,,,,,N,4,0,1,2,A,-,03,22350,,N,C,C,A,A,H,-,A,A,0,,,,,Y,,A,07,0,0,1,0,0,0,0,0,0,"- ","- ",35.264820098876953,-120.64082336425781,"SAN LUIS OBISPO","SAN LUIS OBISPO",-120.64090728759766,35.264987945556641
82174200,2023,2023-09-20,4006,2023-09-06,1717,89870,,3,5,4,4006,0,0,0,,0,,"PISMO ST","GARDEN ST",0.00,,Y,A,-,N,,,,,,,,,,N,3,0,1,2,A,-,12,22450,A,N,D,G,A,A,H,-,A,A,0,,Y,,,Y,,L,04,0,1,0,0,0,0,1,0,0,"- ","- ",35.277088165283203,-120.66156005859375,"SAN LUIS OBISPO","SAN LUIS OBISPO",-120.66154479980469,35.277202606201172
82174214,2023,2023-10-12,4004,2023-09-05,1417,1381,-----,2,5,3,4004,0,0,0,,0,------,"CRESTON RD","MELODY DR",0.00,W,Y,A,-,N,,,,,,,,,,Y,3,0,2,2,A,-,09,21801,A,N,D,C,A,A,H,-,A,A,0,,,,,Y,,A,01,0,1,1,0,0,0,0,0,0,"- ","- ",35.623260498046875,-120.66265869140625,"SAN LUIS OBISPO","PASO ROBLES",-120.66267395019531,35.623268127441406
82177586,2023,2023-09-25,4006,2023-08-28,1640,99297,,1,5,4,4006,0,0,0,,0,,"HIGUERA ST","BROAD ST",0.00,,Y,A,-,N,,,,,,,,,,N,3,0,2,3,A,-,10,21950,A,N,G,B,B,A,H,-,A,A,0,Y,,,,Y,,A,07,0,2,0,0,2,0,0,0,0,"- ","- ",35.278850555419922,-120.66454315185547,"SAN LUIS OBISPO","SAN LUIS OBISPO",-120.66449737548828,35.278911590576172
82177744,2023,2023-09-25,4008,2023-09-10,1747,4104,C,7,5,4,4008,0,0,0,,0,,"EL CAMINO REAL","VIEJO CAMINO",0.00,,Y,A,-,N,,,,,,,,,,Y,3,0,2,3,A,-,01,23152,B,N,D,C,A,A,H,-,A,D,0,,,,,Y,Y,A,01,0,2,0,0,0,0,0,0,0,"- ","- ",35.454841613769531,-120.6396484375,"SAN LUIS OBISPO",ATASCADERO,-120.63958740234375,35.454925537109375
82185228,2023,2023-10-02,4006,2023-09-07,1519,99297,,4,5,4,4006,0,0,0,,0,,"ORCUTT RD",TIBURON,0.00,,Y,A,-,N,,,,,,,,,,Y,4,0,1,2,A,-,09,21802,A,N,D,C,A,A,H,-,A,A,0,,,Y,,Y,,A,01,0,0,1,0,0,0,0,0,1,"- ","- ",35.258499145507812,-120.63289642333984,"SAN LUIS OBISPO","SAN LUIS OBISPO",-120.63275909423828,35.258544921875
82186648,2023,2023-10-02,4006,2023-09-15,1233,99297,,5,5,4,4006,0,0,0,,0,,"SANTA ROSA ST","BOYSEN AVE",0.00,,Y,A,-,Y,,,,,,,,,,N,3,0,1,2,A,-,09,21801,A,N,D,G,A,A,H,-,A,D,0,,Y,,,Y,,A,07,0,1,0,0,0,0,1,0,0,"- ","- ",,,"SAN LUIS OBISPO","SAN LUIS OBISPO",-120.66957092285156,35.295787811279297
82187355,2023,2023-10-02,4006,2023-09-12,2018,68045,4006,2,5,4,4006,0,0,0,,0,,"BROAD ST","FUNSTON AVE",0.00,,Y,A,-,N,,,,,,,,,,N,3,0,1,2,A,-,11,21954,A,N,G,B,D,A,H,-,C,D,0,Y,,,,Y,Y,N,60,0,1,0,0,1,0,0,0,0,"- ","- ",35.268489837646484,-120.65550994873047,"SAN LUIS OBISPO","SAN LUIS OBISPO",-120.655517578125,35.268497467041016
82187359,2023,2023-10-02,4006,2023-09-19,1518,16380,,2,5,4,4006,0,0,0,,0,,"BROAD ST","SWEENEY LN",5.00,S,N,A,-,N,,,,,,,,,,Y,4,0,1,2,A,-,09,21801,B,N,D,C,A,A,H,-,A,A,0,,,Y,,Y,,A,01,0,0,1,0,0,0,0,0,0,"- ","- ",35.262428283691406,-120.65104675292969,"SAN LUIS OBISPO","SAN LUIS OBISPO",-120.65084075927734,35.262477874755859
82193867,2023,2023-10-09,4001,2023-09-26,1026,P0144,,2,5,3,4001,0,0,0,,0,46-3,"GRAND AVE","EL CAMINO REAL",65.00,W,N,A,-,N,,,,,,,,,,N,4,0,1,2,A,-,11,21954,A,N,G,B,D,A,H,-,A,D,0,Y,,,,Y,,N,60,0,0,1,0,1,0,0,0,0,"- ","- ",35.120651245117188,-120.58619689941406,"SAN LUIS OBISPO","ARROYO GRANDE",-120.58377075195312,35.121356964111328
82200581,2023,2023-10-17,4006,2023-10-05,"856 ",101154,,4,5,4,4006,0,0,0,,0,,"HIGUERA ST","ELKS LN",0.00,,Y,A,-,N,,,,,,,,,,Y,3,0,2,2,A,-,09,21802,A,N,A,C,A,A,H,-,A,D,0,,,,,Y,,A,08,0,2,0,0,0,0,0,0,0,"- ","- ",35.263698577880859,-120.67062377929688,"SAN LUIS OBISPO","SAN LUIS OBISPO",-120.67044067382812,35.263710021972656
82200587,2023,2023-10-17,4006,2023-10-06,1055,89870,,5,5,4,4006,0,0,0,,0,,"SANTA ROSA ST",HIGHLAND,851.00,S,N,A,-,N,,,,,,,,,,Y,4,0,1,1,C,-,18,,,N,E,I,A,A,H,-,A,D,0,,,,,Y,,-,"- ",0,0,1,0,0,0,0,0,0,"- ","- ",35.297000885009766,-120.67134094238281,"SAN LUIS OBISPO","SAN LUIS OBISPO",-120.67171478271484,35.297008514404297
82220989,2023,2023-10-27,4006,2023-10-14,"159 ",99297,,6,5,4,4006,0,0,0,,0,,"JOHNSON AVE","BUCHON ST",125.00,S,N,A,-,N,,,,,,,,,,Y,3,0,2,1,A,-,01,23152,A,N,E,I,A,A,H,-,C,D,0,,,,,Y,Y,A,01,0,2,0,0,0,0,0,0,0,"- ","- ",35.280899047851562,-120.65360260009766,"SAN LUIS OBISPO","SAN LUIS OBISPO",-120.65338897705078,35.280570983886719
82220993,2023,2023-10-27,4001,2023-09-17,1503,P0166,,7,5,3,4001,0,0,0,,0,46-3,"FAIR OAKS AVE","ELM ST (S)",201.00,E,N,A,-,N,,,,,,,,,,N,4,0,1,2,A,-,09,21804,A,N,D,C,A,A,H,-,A,D,0,,,,,Y,,A,01,0,0,1,0,0,0,0,0,0,"- ","- ",35.111808776855469,-120.60079193115234,"SAN LUIS OBISPO","ARROYO GRANDE",-120.60057067871094,35.11212158203125
82222164,2023,2023-10-30,4008,2023-10-12,"744 ",2115,,4,5,4,4008,0,0,0,,0,,"MORRO RD","CURBARIL AVE",185.00,W,N,A,-,N,,,,,,,,,,Y,3,0,1,2,A,-,09,21804,A,N,D,C,A,A,H,-,A,D,0,,,,,Y,,-,"- ",0,1,0,0,0,0,0,0,0,"- ","- ",35.474220275878906,-120.66832733154297,"SAN LUIS OBISPO",ATASCADERO,-120.66831970214844,35.474216461181641
82223709,2023,2023-10-31,4008,2023-09-15,2205,2114,D,5,5,4,4008,0,0,0,,0,,"SAN ANSELMO RD","SAN PALO RD",0.00,,Y,A,-,N,,,,,,,,,,Y,3,0,6,2,A,-,08,22107,,N,A,C,A,A,H,-,D,D,0,,,,Y,Y,,A,01,0,6,0,0,0,0,0,0,0,"- ","- ",35.495368957519531,-120.68280029296875,"SAN LUIS OBISPO",ATASCADERO,-120.68364715576172,35.496414184570312
82224893,2023,2023-11-01,4001,2023-10-15,1756,P0154,,7,5,3,4001,0,0,0,,0,46-3,"EL CAMINO REAL","HILLCREST DR",154.00,E,N,A,-,N,,,,,,,,,,N,3,0,1,2,A,-,03,22350,,N,C,E,A,A,H,-,A,D,0,,,,,Y,,A,01,0,1,0,0,0,0,0,0,0,"- ","- ",35.127601623535156,-120.60057830810547,"SAN LUIS OBISPO","ARROYO GRANDE",-120.60006713867188,35.127220153808594
82226066,2023,2023-11-02,4004,2023-10-20,1125,1381,,5,5,3,4004,0,0,0,,0,,"RT 46W","VINE ST",309.00,W,N,A,-,Y,SLO,,46," ",R,21.874,H,,R,Y,4,0,2,2,A,-,03,22350,,N,C,C,A,A,H,-,A,D,0,,,,,Y,,D,22,0,0,2,0,0,0,0,0,0,"- ","- ",35.589309692382812,-120.69754791259766,"SAN LUIS OBISPO","PASO ROBLES",-120.69756317138672,35.589527130126953
82226976,2023,2023-11-03,4008,2023-10-06,1905,2114,D,5,5,4,4008,0,0,0,,0,,"ENTRADA AVE","PALMA AVE",6.00,W,N,A,-,N,,,,,,,,,,N,3,0,1,2,A,-,10,21950,A,N,G,B,B,A,H,-,C,A,0,Y,,,Y,Y,,F,76,0,1,0,0,1,0,0,0,0,"- ","- ",35.488750457763672,-120.66806793212891,"SAN LUIS OBISPO",ATASCADERO,-120.66874694824219,35.490066528320312
82228012,2023,2023-11-06,4006,2023-10-17,1433,16380,,2,5,4,4006,0,0,0,,0,,"NIPOMO ST","HIGH ST",118.00,N,N,A,-,N,,,,,,,,,,N,4,0,1,3,A,-,03,22350,,N,B,E,A,A,H,-,A,D,0,,,,,Y,,A,07,0,0,1,0,0,0,0,0,0,"- ","- ",35.272518157958984,-120.66059875488281,"SAN LUIS OBISPO","SAN LUIS OBISPO",-120.66065979003906,35.272491455078125
82230614,2023,2024-01-04,4004,2023-09-27,1545,1565,,3,5,3,4004,0,0,0,,0,,"NAVAJO AVE","RIVER RD",0.00,,Y,A,-,N,,,,,,,,,,Y,3,0,2,2,A,-,12,21453,A,N,D,C,A,A,H,-,A,A,0,,,,,Y,,A,07,0,2,0,0,0,0,0,0,0,"- ","- ",35.618011474609375,-120.68028259277344,"SAN LUIS OBISPO","PASO ROBLES",-120.68028259277344,35.618030548095703
82230620,2023,2023-11-08,4004,2023-10-26,1606,1381,,4,5,3,4004,0,0,0,,0,,"RIVER OAKS DR","EXPERIMENTAL STATION RD",98.00,S,N,A,-,N,,,,,,,,,,Y,4,0,1,1,A,-,07,21658,A,N,E,I,A,A,H,-,A,D,0,,,,,Y,,A,07,0,0,1,0,0,0,0,0,0,"- ","- ",,,"SAN LUIS OBISPO","PASO ROBLES",-120.67941284179688,35.646289825439453
82233623,2023,2023-11-13,4006,2023-10-25,"943 ",89870,,3,5,4,4006,0,0,0,,0,,"JOHNSON AVE","SYDNEY ST",0.00,,Y,B,-,N,,,,,,,,,,N,3,0,1,2,A,-,10,21950,A,N,G,B,B,B,H,-,A,A,0,Y,,,,Y,,A,01,0,1,0,0,1,0,0,0,0,"- ","- ",35.271709442138672,-120.64373016357422,"SAN LUIS OBISPO","SAN LUIS OBISPO",-120.64392852783203,35.271549224853516
82235175,2023,2023-11-14,4006,2023-11-01,1320,89870,,3,5,4,4006,0,0,0,,0,,"HIGUERA ST","WALKER ST",32.00,S,N,A,-,N,,,,,,,,,,N,4,0,1,2,A,-,03,22350,,N,C,C,A,A,D,-,A,D,0,,,,,Y,,D,22,0,0,1,0,0,0,0,0,0,"- ","- ",35.273380279541016,-120.66970062255859,"SAN LUIS OBISPO","SAN LUIS OBISPO",-120.66956329345703,35.273494720458984
82238520,2023,2023-11-17,4001,2023-11-03,1935,P0156,,5,5,3,4001,0,0,0,,0,46-3,"EL CAMINO REAL","BRISCO RD",0.00,,Y,A,-,N,,,,,,,,,,N,4,0,1,2,A,-,08,22107,,F,B,C,A,A,H,-,C,A,0,,,,,Y,,A,01,0,0,1,0,0,0,0,0,0,"- ","- ",35.123939514160156,-120.59353637695312,"SAN LUIS OBISPO","ARROYO GRANDE",-120.59359741210938,35.123867034912109
82239916,2023,2023-11-20,4006,2023-11-01,1820,100043,,3,5,4,4006,0,0,0,,0,,"FOOTHILL BLVD","CARPENTER ST",0.00,,Y,A,-,N,,,,,,,,,,N,3,0,2,2,A,-,09,21801,A,N,B,D,A,A,H,-,B,D,0,,,,,Y,,D,22,0,2,0,0,0,0,0,0,0,"- ","- ",35.294078826904297,-120.66354370117188,"SAN LUIS OBISPO","SAN LUIS OBISPO",-120.66252136230469,35.295688629150391
82244410,2023,2023-11-27,4006,2023-11-10,1621,89870,,5,5,4,4006,0,0,0,,0,,"SANTA ROSA ST","PEACH ST",14.00,S,N,A,-,N,,,,,,,,,,Y,3,0,2,2,A,-,09,21802,A,N,D,C,A,A,H,-,B,A,0,,,,,Y,,A,01,0,2,0,0,0,0,0,0,0,"- ","- ",35.284980773925781,-120.66217041015625,"SAN LUIS OBISPO","SAN LUIS OBISPO",-120.66215515136719,35.285099029541016
82244413,2023,2023-11-27,4006,2023-11-14,"831 ",16380,,2,5,4,4006,0,0,0,,0,,"BROAD ST","HIGH ST",125.00,S,N,A,-,N,,,,,,,,,,N,4,0,1,2,A,-,07,21658,A,N,B,C,A,A,H,-,A,D,0,,,,,Y,,D,22,0,0,1,0,0,0,0,0,0,"- ","- ",35.272308349609375,-120.65834808349609,"SAN LUIS OBISPO","SAN LUIS OBISPO",-120.65830230712891,35.271930694580078
82246015,2023,2023-11-29,4004,2023-09-09,"713 ",1381,-----,6,5,3,4004,0,0,0,,0,------,"1ST ST","OAK ST",0.00,,Y,A,-,N,,,,,,,,,,Y,2,0,1,2,A,-,03,22350,,N,G,B,B,A,H,-,A,A,0,Y,,,,Y,,D,22,1,0,0,0,1,0,0,0,0,"- ","- ",35.615070343017578,-120.69199371337891,"SAN LUIS OBISPO","PASO ROBLES",-120.69172668457031,35.615322113037109
82250375,2023,2023-12-04,4006,2023-11-14,1432,16380,,2,5,4,4006,0,0,0,,0,,"JOHNSON AVE","MONTEREY ST",105.00,S,N,A,-,N,,,,,,,,,,Y,4,0,3,4,A,-,09,21804,A,N,D,C,A,A,H,-,A,D,0,,,,,Y,,A,01,0,0,3,0,0,0,0,0,0,"- ","- ",35.284080505371094,-120.65711212158203,"SAN LUIS OBISPO","SAN LUIS OBISPO",-120.65704345703125,35.284065246582031