CASE_ID,ACCIDENT_YEAR,PROC_DATE,JURIS,COLLISION_DATE,COLLISION_TIME,OFFICER_ID,REPORTING_DISTRICT,DAY_OF_WEEK,CHP_SHIFT,POPULATION,CNTY_CITY_LOC,SPECIAL_COND,BEAT_TYPE,CHP_BEAT_TYPE,CITY_DIVISION_LAPD,CHP_BEAT_CLASS,BEAT_NUMBER,PRIMARY_RD,SECONDARY_RD,DISTANCE,DIRECTION,INTERSECTION,WEATHER_1,WEATHER_2,STATE_HWY_IND,CALTRANS_COUNTY,CALTRANS_DISTRICT,STATE_ROUTE,ROUTE_SUFFIX,POSTMILE_PREFIX,POSTMILE,LOCATION_TYPE,RAMP_INTERSECTION,SIDE_OF_HWY,TOW_AWAY,COLLISION_SEVERITY,NUMBER_KILLED,NUMBER_INJURED,PARTY_COUNT,PRIMARY_COLL_FACTOR,PCF_CODE_OF_VIOL,PCF_VIOL_CATEGORY,PCF_VIOLATION,PCF_VIOL_SUBSECTION,HIT_AND_RUN,TYPE_OF_COLLISION,MVIW,PED_ACTION,ROAD_SURFACE,ROAD_COND_1,ROAD_COND_2,LIGHTING,CONTROL_DEVICE,CHP_ROAD_TYPE,PEDESTRIAN_ACCIDENT,BICYCLE_ACCIDENT,MOTORCYCLE_ACCIDENT,TRUCK_ACCIDENT,NOT_PRIVATE_PROPERTY,ALCOHOL_INVOLVED,STWD_VEHTYPE_AT_FAULT,CHP_VEHTYPE_AT_FAULT,COUNT_SEVERE_INJ,COUNT_VISIBLE_INJ,COUNT_COMPLAINT_PAIN,COUNT_PED_KILLED,COUNT_PED_INJURED,COUNT_BICYCLIST_KILLED,COUNT_BICYCLIST_INJURED,COUNT_MC_KILLED,COUNT_MC_INJURED,PRIMARY_RAMP,SECONDARY_RAMP,LATITUDE,LONGITUDE,COUNTY,CITY,POINT_X,POINT_Y
84924147,2025,2025-11-12,4006,2025-10-28,1730,67850,,2,5,4,4006,0,0,0,,0,,"TANK FARM RD","ORCUTT RD",0.00,,Y,A,-,N,,,,,,,,,,N,3,0,1,2,A,-,10,21950,A,N,G,B,B,A,H,-,A,D,0,Y,,,,Y,,A,01,0,1,0,0,1,0,0,0,0,"- ","- ",35.250400543212891,-120.62576293945312,"SAN LUIS OBISPO","SAN LUIS OBISPO",-120.62509155273438,35.250328063964844
84924151,2025,2025-11-12,4006,2025-10-29,"917 ",67850,,3,5,4,4006,0,0,0,,0,,"JOHNSON AVE","LIZZIE ST",0.00,,Y,A,-,N,,,,,,,,,,N,3,0,1,2,A,-,03,22350,,N,B,G,A,A,H,-,A,A,0,,Y,,,Y,,L,04,0,1,0,0,0,0,1,0,0,"- ","- ",35.278961181640625,-120.65036010742188,"SAN LUIS OBISPO","SAN LUIS OBISPO",-120.65048217773438,35.27899169921875
84925156,2025,2025-11-12,4008,2025-10-31,1918,1125,,5,5,4,4008,0,0,0,,0,,"EL CAMINO REAL","VIEJO CAMINO",310.00,S,N,A,-,N,,,,,,,,,,Y,4,0,1,2,A,-,09,21804,A,N,C,C,A,A,H,-,C,D,0,,,,,Y,,A,01,0,0,1,0,0,0,0,0,0,"- ","- ",35.454841613769531,-120.6396484375,"SAN LUIS OBISPO",ATASCADERO,-120.63897705078125,35.454235076904297
84927102,2025,2025-11-13,4004,2025-10-11,1255,1645,,6,5,3,4004,0,0,0,,0,,"NIBLICK RD","WOODLAND PLAZA",43.00,W,N,A,-,N,,,,,,,,,,N,4,0,1,2,A,-,03,22350,,N,C,C,A,A,H,-,A,A,0,,,,,Y,,A,01,0,0,1,0,0,0,0,0,0,"- ","- ",35.614589691162109,-120.68232727050781,"SAN LUIS OBISPO","PASO ROBLES",,
84927132,2025,2025-11-13,4004,2025-11-01,1735,1384,,6,5,3,4004,0,0,0,,0,,"RIVER RD","RIVER OAKS DR",2076.00,S,N,A,-,N,,,,,,,,,,Y,3,0,1,1,A,-,03,22350,,N,E,J,A,A,H,-,A,D,0,,,Y,,Y,,C,02,0,1,0,0,0,0,0,0,1,"- ","- ",35.644248962402344,-120.68222045898438,"SAN LUIS OBISPO","PASO ROBLES",-120.68120574951172,35.638782501220703
84929075,2025,2025-11-14,4004,2025-10-01,1925,1610,,3,5,3,4004,0,0,0,,0,,"CRESTON RD","NIBLICK RD",31.00,N,N,A,-,N,,,,,,,,,,N,4,0,1,2,A,-,03,22350,,N,C,C,A,A,H,-,C,A,0,,,,,Y,,D,22,0,0,1,0,0,0,0,0,0,"- ","- ",35.615760803222656,-120.65910339355469,"SAN LUIS OBISPO","PASO ROBLES",-120.65912628173828,35.615833282470703
84931771,2025,2025-11-17,4001,2025-10-13,"747 ",P0174,,1,5,3,4001,0,0,0,,0,,"BRANCH ST","TOWN CENTER DR",0.00,,Y,A,-,N,,,,,,,,,,N,3,0,1,3,A,-,12,21453,A,N,B,C,A,A,H,-,B,A,0,,,,,Y,,A,07,0,1,0,0,0,0,0,0,0,"- ","- ",35.126911163330078,-120.59780883789062,"SAN LUIS OBISPO","ARROYO GRANDE",-120.59774299999999,35.126837999999999
84931774,2025,2025-11-17,4006,2025-11-03,1435,67850,,1,5,4,4006,0,0,0,,0,,"SANTA BARBARA ST","HIGH ST",300.00,S,N,A,-,N,,,,,,,,,,Y,4,0,1,2,A,-,17,21209,A,N,D,C,A,A,H,-,A,D,0,,,Y,,Y,,C,03,0,0,1,0,0,0,0,0,1,"- ","- ",35.271331787109375,-120.65621948242188,"SAN LUIS OBISPO","SAN LUIS OBISPO",-120.65627288818359,35.271408081054688
84932340,2025,2025-11-17,4006,2025-10-31,"910 ",20008,,5,5,4,4006,0,0,0,,0,,"JOHNSON AVE","MARSH ST",0.00,,Y,A,-,N,,,,,,,,,,N,4,0,2,2,A,-,12,21453,A,N,D,D,A,A,H,-,A,A,0,,,,,Y,,A,07,0,0,2,0,0,0,0,0,0,"- ","- ",35.281219482421875,-120.65738677978516,"SAN LUIS OBISPO","SAN LUIS OBISPO",-120.65594482421875,35.282997131347656
84932779,2025,2025-11-17,4008,2025-11-03,1140,1112,,1,5,4,4008,0,0,0,,0,,"EL CAMINO REAL","VIEJO CAMINO",0.00,,Y,A,-,N,,,,,,,,,,Y,3,0,1,2,A,-,09,21801,A,N,D,C,A,A,H,-,A,A,0,,,,,Y,,A,01,0,1,0,0,0,0,0,0,0,"- ","- ",35.452919006347656,-120.64006805419922,"SAN LUIS OBISPO",ATASCADERO,-120.63958740234375,35.454925537109375
84932799,2025,2025-11-17,4006,2025-11-05,"623 ",27552,,3,5,4,4006,0,0,0,,0,,"BROAD ST","ORCUTT RD",0.00,,Y,A,-,N,,,,,,,,,,N,4,0,1,2,A,-,04,21703,,N,C,C,A,A,H,-,A,A,0,,,,,Y,,A,01,0,0,1,0,0,0,0,0,0,"- ","- ",35.26129150390625,-120.65025329589844,"SAN LUIS OBISPO","SAN LUIS OBISPO",-120.64994812011719,35.261280059814453
8493364,2017,2018-06-19,4004,2017-11-10,1705,1305,03,5,5,3,4004,0,0,0,,0,037,"RT 46","BUENA VISTA DR",1593.00,E,N,A,-,Y,SLO,5,46,-,-,30.810,H,-,W,Y,4,0,2,3,A,-,03,22350,,N,C,C,A,A,H,-,A,D,0,,,,,Y,,A,01,0,0,2,0,0,0,0,0,0,"- ","- ",,,"SAN LUIS OBISPO","PASO ROBLES",-120.66666995,35.644635729999997
84938572,2025,2025-11-20,4001,2025-10-01,1720,P0166,,3,5,3,4001,0,0,0,,0,46-3,"FAIR OAKS AVE","WALNUT ST",20.00,E,N,A,-,N,,,,,,,,,,N,4,0,1,2,A,-,03,22350,,F,C,C,A,A,H,-,A,A,0,,,,,Y,,-,99,0,0,1,0,0,0,0,0,0,"- ","- ",,,"SAN LUIS OBISPO","ARROYO GRANDE",-120.59706115722656,35.112758636474609
84940694,2025,2025-11-21,4004,2025-11-07,1014,1351,,5,5,3,4004,0,0,0,,0,,"RIVERSIDE AVE","12TH ST",262.00,S,N,A,-,N,,,,,,,,,,Y,3,0,2,2,A,-,09,21804,A,N,D,C,A,A,H,-,A,A,0,,,,,Y,,A,07,0,1,1,0,0,0,0,0,0,"- ","- ",35.626899719238281,-120.68686676025391,"SAN LUIS OBISPO","PASO ROBLES",-120.6868896484375,35.626190185546875
84943807,2025,2025-11-24,4006,2025-11-08,"824 ",99295,,6,5,4,4006,0,0,0,,0,,"MARSH ST","CHORRO ST",0.00,,Y,-,-,N,,,,,,,,,,N,3,0,1,2,A,-,08,22107,,N,B,G,A,A,H,-,A,A,0,,Y,,,Y,,A,01,0,1,0,0,0,0,1,0,0,"- ","- ",35.278999328613281,-120.66220855712891,"SAN LUIS OBISPO","SAN LUIS OBISPO",-120.66219329833984,35.279098510742188
84943808,2025,2025-11-24,4006,2025-11-09,2043,98752,,7,5,4,4006,0,0,0,,0,,"JOHNSON AVE","LAUREL LN",40.00,S,N,A,-,N,,,,,,,,,,Y,2,0,1,2,A,-,11,21954,A,N,G,B,D,A,H,-,C,A,0,Y,,,,Y,,N,60,1,0,0,0,1,0,0,0,0,"- ","- ",35.266231536865234,-120.64035034179688,"SAN LUIS OBISPO","SAN LUIS OBISPO",-120.63827514648438,35.268291473388672
84943852,2025,2025-11-24,4004,2025-11-08,"130 ",1636,,6,5,3,4004,0,0,0,,0,,"TOWER RD","AIRPORT RD",1315.00,E,N,A,-,N,,,,,,,,,,Y,2,0,1,1,A,-,03,22350,,M,E,I,A,A,H,-,D,D,0,,,,,Y,,A,01,1,0,0,0,0,0,0,0,0,"- ","- ",35.686969757080078,-120.63867950439453,"SAN LUIS OBISPO","PASO ROBLES",-120.63642120361328,35.688411712646484
8494414,2017,2018-06-08,4006,2017-10-28,1259,60235,,6,5,4,4006,0,0,0,,0,,MONTEREY,"BUENA VISTA",153.00,W,N,A,-,N,,,,,,,,,,Y,4,0,1,2,A,-,08,22107,,N,A,C,A,A,H,-,A,A,0,,,,,Y,,A,07,0,0,1,0,0,0,0,0,0,"- ","- ",35.290190000000003,-120.64936,"SAN LUIS OBISPO","SAN LUIS OBISPO",-120.65003783,35.290029969999999
84948033,2025,2025-11-26,4001,2025-11-10,2113,P0174,,1,5,3,4001,0,0,0,,0,46-2,"BRANCH ST","BRISCO RD",4.00,W,N,A,-,N,,,,,,,,,,N,4,0,1,3,A,-,03,22350,,N,C,C,A,A,H,-,C,A,0,,,,,Y,Y,A,07,0,0,1,0,0,0,0,0,0,"- ","- ",35.124320983886719,-120.59284973144531,"SAN LUIS OBISPO","ARROYO GRANDE",-120.59299468994141,35.124824523925781
8495312,2017,2018-01-17,4001,2017-10-17,1224,P0115,461,2,5,3,4001,0,0,0,,0,OPERAT,"FAIR OAKS AV","CALIFORNIA ST",181.00,W,N,A,-,N,,,,,,,,,,Y,3,0,1,2,A,-,09,21804,A,N,D,C,A,A,H,-,A,A,0,,,,,Y,Y,D,22,0,1,0,0,0,0,0,0,0,"- ","- ",,,"SAN LUIS OBISPO","ARROYO GRANDE",-120.58013859,35.117760650000001
84960291,2025,2025-12-08,4001,2025-11-18,1847,P0158,,2,5,3,4001,0,0,0,,0,46-2,"OAK PARK BLVD","EL CAMINO REAL",0.00,,Y,A,-,N,,,,,,,,,,N,3,0,3,2,A,-,09,21801,A,N,D,C,A,A,H,-,C,A,0,,,,Y,Y,,A,07,0,1,2,0,0,0,0,0,0,"- ","- ",35.129539489746094,-120.60703277587891,"SAN LUIS OBISPO","ARROYO GRANDE",-120.60685729980469,35.129501342773438
84961110,2025,2025-12-08,4006,2025-11-08,1645,98169,,6,5,4,4006,0,0,0,,0,,"BROAD ST","SCL OF INDUSTRIAL",512.00,S,N,F,-,Y,,,,,,,,,,N,4,0,1,2,A,-,09,21804,A,N,D,C,A,A,H,-,A,A,0,,,,,Y,,A,01,0,0,1,0,0,0,0,0,0,"- ","- ",35.249778747558594,-120.64382171630859,"SAN LUIS OBISPO","SAN LUIS OBISPO",-120.64386749267578,35.249824523925781
84961112,2025,2025-12-08,4006,2025-11-20,1339,67850,,4,5,4,4006,0,0,0,,0,,"TANK FARM RD","LONG ST",0.00,,Y,C,-,N,,,,,,,,,,Y,3,0,2,2,A,-,09,21801,A,N,D,C,A,B,H,-,A,A,0,,,,,Y,,A,01,0,1,1,0,0,0,0,0,0,"- ","- ",35.246849060058594,-120.67115020751953,"SAN LUIS OBISPO","SAN LUIS OBISPO",-120.671142578125,35.246807098388672
84973282,2025,2025-12-16,4006,2025-11-18,1038,108976,,2,5,4,4006,0,0,0,,0,,"SLACK ST","GRAND AVE",282.00,W,N,A,-,N,,,,,,,,,,N,3,0,1,2,A,-,00,22110,A,N,D,G,A,A,H,-,A,D,0,,Y,,,Y,,A,01,0,1,0,0,0,0,1,0,0,"- ","- ",35.295761108398438,-120.65312957763672,"SAN LUIS OBISPO","SAN LUIS OBISPO",-120.65413665771484,35.296035766601562
84973292,2025,2025-12-16,4006,2025-11-26,1441,67850,,3,5,4,4006,0,0,0,,0,,"PRIVATE DRIVEWAY, 3870 BROAD",INDUSTRIAL,220.00,S,N,A,-,N,,,,,,,,,,N,3,0,1,2,B,-,22,,,N,G,B,F,A,H,-,A,D,0,Y,,,,Y,,N,60,0,1,0,0,1,0,0,0,0,"- ","- ",35.251049041748047,-120.642822265625,"SAN LUIS OBISPO","SAN LUIS OBISPO",-120.64427947998047,35.250553131103516
84973297,2025,2025-12-16,4006,2025-12-01,1600,67850,,1,5,4,4006,0,0,0,,0,,"FOOTHILL BLVD","MUSTANG DR",30.00,E,N,A,-,N,,,,,,,,,,N,3,0,1,2,A,-,03,22350,,N,C,G,A,A,H,-,A,D,0,,Y,,,Y,,M,91,0,1,0,0,0,0,1,0,0,"- ","- ",35.294681549072266,-120.66484832763672,"SAN LUIS OBISPO","SAN LUIS OBISPO",-120.66471862792969,35.294723510742188
84973301,2025,2025-12-16,4006,2025-12-02,1553,67850,,2,5,4,4006,0,0,0,,0,,"BROAD ST","BRANCH ST",0.00,,Y,A,-,N,,,,,,,,,,N,2,0,1,2,A,-,17,21209,A,N,D,C,A,A,H,-,A,D,0,,,Y,,Y,,C,02,1,0,0,0,0,0,0,0,1,"- ","- ",35.270259857177734,-120.65708923339844,"SAN LUIS OBISPO","SAN LUIS OBISPO",-120.65693664550781,35.270244598388672
84976893,2025,2025-12-18,4004,2025-11-26,1455,1351,,3,5,3,4004,0,0,0,,0,,"SPRING ST","6TH ST",4.00,S,N,A,-,N,,,,,,,,,,N,3,0,1,2,A,-,10,21950,A,N,G,B,B,A,H,-,A,A,0,Y,,,,Y,,D,22,0,1,0,0,1,0,0,0,0,"- ","- ",35.620441436767578,-120.69087982177734,"SAN LUIS OBISPO","PASO ROBLES",-120.69087219238281,35.620449066162109
84980973,2025,2025-12-22,4006,2025-12-09,1813,67850,,2,5,4,4006,0,0,0,,0,,"EARTHWOOD LN",VACHELL,845.00,E,N,A,-,N,,,,,,,,,,Y,4,0,1,3,C,-,18,,,N,A,E,A,A,H,-,C,D,0,,,,,Y,,-,"- ",0,0,1,0,0,0,0,0,0,"- ","- ",35.236968994140625,-120.6728515625,"SAN LUIS OBISPO","SAN LUIS OBISPO",,
84981048,2025,2025-12-22,4006,2025-12-04,"844 ",16380,,4,5,4,4006,0,0,0,,0,,"HATHWAY AVE","BOND ST",57.00,N,N,A,-,N,,,,,,,,,,N,4,0,1,3,C,-,18,,,N,B,E,A,A,H,-,A,D,0,,,,,Y,,-,"- ",0,0,1,0,0,0,0,0,0,"- ","- ",35.294330596923828,-120.661376953125,"SAN LUIS OBISPO","SAN LUIS OBISPO",-120.66146087646484,35.294265747070312
84982916,2025,2025-12-23,4008,2025-12-03,1715,4121,,3,5,4,4008,0,0,0,,0,4008,"EL CAMINO REAL","PUEBLO AVE",1086.00,N,N,A,-,N,,,,,,,,,,Y,3,0,1,2,A,-,08,22107,,N,D,C,A,A,H,-,B,D,0,,,,,Y,,A,07,0,1,0,0,0,0,0,0,0,"- ","- ",35.4805908203125,-120.65827941894531,"SAN LUIS OBISPO",ATASCADERO,-120.66024780273438,35.48291015625
84982950,2025,2025-12-23,4004,2025-11-22,"857 ",1384,,6,5,3,4004,0,0,0,,0,,"CRESTON RD","MELODY DR",0.00,,Y,E,-,N,,,,,,,,,,Y,2,0,2,2,A,-,09,21801,A,N,D,C,A,A,H,-,A,A,0,,,,,Y,,A,01,2,0,0,0,0,0,0,0,0,"- ","- ",35.623260498046875,-120.66265869140625,"SAN LUIS OBISPO","PASO ROBLES",-120.66267395019531,35.623268127441406
84986265,2025,2025-12-25,4008,2025-12-13,1008,1133,,6,5,4,4008,0,0,0,,0,,"EL CAMINO REAL","JUNIPERO AVE",0.00,,Y,A,-,N,,,,,,,,,,N,3,0,2,2,A,-,12,21453,A,N,D,C,A,A,H,-,A,A,0,,,,,Y,,A,01,0,2,0,0,0,0,0,0,0,"- ","- ",35.476348876953125,-120.65564727783203,"SAN LUIS OBISPO",ATASCADERO,-120.65547180175781,35.476291656494141
8498695,2017,2017-12-18,4004,2017-11-20,1131,0928,02,1,5,3,4004,0,0,0,,0,2-4,SPRING,8TH,22.00,S,N,A,-,N,,,,,,,,,,N,4,0,1,2,A,-,03,22350,,N,C,C,A,A,H,-,A,D,0,,,,,Y,,D,22,0,0,1,0,0,0,0,0,0,"- ","- ",,,"SAN LUIS OBISPO","PASO ROBLES",-120.69105415,35.622479759999997
84987928,2025,2025-12-29,4004,2025-11-29,"701 ",1635,,6,5,3,4004,0,0,0,,0,,"AIRPORT RD","BUENA VISTA DR",0.00,,Y,A,-,N,,,,,,,,,,Y,4,0,2,2,A,-,06,21751,,N,D,C,A,A,H,-,A,D,0,,,,,Y,,A,01,0,0,2,0,0,0,0,0,0,"- ","- ",35.672420501708984,-120.63922119140625,"SAN LUIS OBISPO","PASO ROBLES",-120.64086151123047,35.673820495605469
84987940,2025,2025-12-29,4004,2025-12-03,1206,1634,,3,5,3,4004,0,0,0,,0,,"CRESTON RD","CEDARWOOD DR",0.00,W,Y,A,-,N,,,,,,,,,,Y,4,0,1,2,A,-,12,21453,A,N,D,C,A,A,H,-,A,A,0,,,,,Y,,A,01,0,0,1,0,0,0,0,0,0,"- ","- ",35.607341766357422,-120.65892791748047,"SAN LUIS OBISPO","PASO ROBLES",-120.65898895263672,35.607391357421875
84988554,2025,2025-12-29,4006,2025-12-15,1217,16380,,1,5,4,4006,0,0,0,,0,,"MONTEREY ST","JOHNSON AVE",15.00,E,N,A,-,N,,,,,,,,,,N,4,0,1,2,A,-,10,21950,A,N,G,B,B,A,H,-,A,A,0,Y,,,,Y,,A,01,0,0,1,0,1,0,0,0,0,"- ","- ",35.284221649169922,-120.65721893310547,"SAN LUIS OBISPO","SAN LUIS OBISPO",-120.65723419189453,35.284317016601562
84988557,2025,2025-12-29,4006,2025-12-15,1428,16380,,1,5,4,4006,0,0,0,,0,,"MADONNA RD","PEREIRA DR (N)",25.00,E,N,A,-,N,,,,,,,,,,N,2,0,1,2,A,-,09,21804,A,N,D,C,A,A,H,-,A,D,0,,,,,Y,,A,07,1,0,0,0,0,0,0,0,0,"- ","- ",35.257179260253906,-120.68952178955078,"SAN LUIS OBISPO","SAN LUIS OBISPO",-120.68943786621094,35.257190704345703
8498920,2017,2017-11-27,4004,2017-11-11,1622,1305,03,6,5,3,4004,0,0,0,,0,3-2,"RIVER RD","RIVER OAKS DR",50.00,N,N,A,-,N,,,,,,,,,,Y,4,0,1,2,A,-,03,22350,,N,C,C,A,A,H,-,A,A,0,,,,,Y,,A,01,0,0,1,0,0,0,0,0,0,"- ","- ",,,"SAN LUIS OBISPO","PASO ROBLES",-120.68240972,35.644488369999998
84992902,2025,2025-12-31,4004,2025-12-12,1643,1384,,5,5,3,4004,0,0,0,,0,,"RT 46E","UNION RD",0.00,,Y,A,-,Y,,,,,,,,,,Y,2,0,2,2,A,-,09,21802,A,N,D,C,A,A,H,-,B,A,0,,,,,Y,Y,I,12,1,1,0,0,0,0,0,0,0,"- ","- ",35.643280029296875,-120.64872741699219,"SAN LUIS OBISPO","PASO ROBLES",-120.64942169189453,35.644447326660156
84997514,2025,2026-01-05,4008,2025-12-18,1739,2115,,4,5,4,4008,0,0,0,,0,,"MORRO RD","PORTOLA RD",305.00,N,N,A,-,N,,,,,,,,,,N,2,0,1,2,A,-,10,21950,A,F,G,B,D,A,H,-,D,D,0,Y,,,,Y,,-,"- ",1,0,0,0,1,0,0,0,0,"- ","- ",35.469051361083984,-120.67001342773438,"SAN LUIS OBISPO",ATASCADERO,-120.66960906982422,35.469821929931641
84999911,2025,2026-01-06,4008,2025-12-10,"724 ",3113,,3,5,4,4008,0,0,0,,0,,"MORRO RD","SANTA YSABEL AVE",11.00,S,N,A,-,Y,SLO,,41," "," ",15.955,H,,R,N,3,0,1,2,A,-,05,21650,,N,D,G,A,A,H,-,A,A,0,,Y,,,Y,,L,04,0,1,0,0,0,0,1,0,0,"- ","- ",35.486190795898438,-120.66478729248047,"SAN LUIS OBISPO",ATASCADERO,-120.66484069824219,35.486202239990234
84999976,2025,2026-01-06,4006,2025-12-20,1630,109379,,6,5,4,4006,0,0,0,,0,,"LOS OSOS VALLEY RD","DESCANSO ST",50.00,W,N,A,-,N,,,,,,,,,,Y,4,0,2,2,A,-,03,22350,,N,C,C,A,A,H,-,A,A,0,,,,,Y,,A,01,0,0,2,0,0,0,0,0,0,"- ","- ",35.264858245849609,-120.69999694824219,"SAN LUIS OBISPO","SAN LUIS OBISPO",-120.70012664794922,35.264999389648438
85005392,2025,2026-01-09,4001,2025-12-27,"241 ",P0172,,6,5,3,4001,0,0,0,,0,46-1,"BRISCO RD","EL CAMINO REAL",0.00,,Y,C,-,Y,,,,,,,,,,Y,1,1,0,1,A,-,03,22350,,N,F,A,A,B,H,-,C,A,0,,,Y,,Y,,C,02,0,0,0,0,0,0,0,1,0,"- ","- ",35.123939514160156,-120.59353637695312,"SAN LUIS OBISPO","ARROYO GRANDE",-120.59359741210938,35.123867034912109
8500736,2017,2017-12-06,4003,2017-10-26,1202,L3701,2,4,5,2,4003,0,0,0,,0,001,"SOUTH BAY BL","STATE PARK RD",528.00,S,N,A,-,N,,,,,,,,,,Y,3,0,1,1,A,-,08,22107,,N,F,J,A,A,H,-,A,A,0,,,,,Y,,A,08,0,1,0,0,0,0,0,0,0,"- ","- ",,,"SAN LUIS OBISPO","MORRO BAY",-120.82747283,35.353691130000001
85007821,2025,2026-01-12,4001,2025-12-29,1416,P0148,,1,5,3,4001,0,0,0,,0,,"ELM ST","FAIR OAKS AVE (N)",102.00,S,N,A,-,N,,,,,,,,,,N,4,0,1,2,A,-,21,22106,,N,D,C,A,A,H,-,A,A,0,,,,,Y,Y,A,01,0,0,1,0,0,0,0,0,0,"- ","- ",35.112430572509766,-120.60076141357422,"SAN LUIS OBISPO","ARROYO GRANDE",-120.60057830810547,35.111839294433594
8500878,2017,2017-12-22,4003,2017-11-04,1505,F2780,3,6,5,2,4003,0,0,0,,0,001,"MORRO BAY BL","PINEY WY",233.00,E,N,A,-,N,,,,,,,,,,Y,4,0,1,2,A,-,01,23152,E,N,C,E,A,A,H,-,A,D,0,,,,,Y,,A,08,0,0,1,0,0,0,0,0,0,"- ","- ",,,"SAN LUIS OBISPO","MORRO BAY",-120.84466860000001,35.365989999999996
8500894,2017,2018-01-18,4008,2017-11-11,1425,4012,,6,5,4,4008,0,0,0,,0,,"TECORIDA AV","MARCHANT AV",70.00,W,N,A,-,N,,,,,,,,,,N,4,0,1,2,A,-,09,21804,A,N,H,J,A,A,H,-,A,D,0,,,,,Y,,M,94,0,0,1,0,0,0,0,0,0,"- ","- ",35.484299999999998,-120.66439,"SAN LUIS OBISPO",ATASCADERO,-120.66448853999999,35.484139450000001
85017744,2025,2026-01-19,4006,2025-11-26,1700,109471,,3,5,4,4006,0,0,0,,0,,"SOUTH ST","BROAD ST",0.00,,Y,A,-,N,,,,,,,,,,N,3,0,1,2,A,-,10,21950,A,N,G,B,B,A,H,-,C,A,0,Y,,,,Y,,A,01,0,1,0,0,1,0,0,0,0,"- ","- ",35.269870758056641,-120.65651702880859,"SAN LUIS OBISPO","SAN LUIS OBISPO",-120.65655517578125,35.269794464111328
85017788,2025,2026-01-19,4006,2025-12-18,1012,98991,,4,5,4,4006,0,0,0,,0,,"HIGUERA ST","PRADO RD",0.00,,Y,A,-,N,,,,,,,,,,N,4,0,1,2,A,-,00,10,,N,A,G,A,A,H,-,A,A,0,,Y,,,Y,,L,04,0,0,1,0,0,0,1,0,0,"- ","- ",35.253158569335938,-120.67141723632812,"SAN LUIS OBISPO","SAN LUIS OBISPO",-120.66902160644531,35.254619598388672
85017794,2025,2026-01-19,4006,2025-12-29,2223,33665,,1,5,4,4006,0,0,0,,0,,"BROAD ST","INDUSTRIAL WAY",55.00,S,N,-,-,N,,,,,,,,,,N,3,0,1,1,A,-,01,23152,F,N,E,I,A,A,H,-,C,D,0,,,,,Y,,D,22,0,1,0,0,0,0,0,0,0,"- ","- ",35.251148223876953,-120.64453887939453,"SAN LUIS OBISPO","SAN LUIS OBISPO",-120.64450836181641,35.250965118408203
85025687,2025,2026-01-23,4004,2025-12-04,"532 ",1351,,4,5,3,4004,0,0,0,,0,,"RT 46E","GOLDEN HILL RD",39.00,E,N,E,-,Y,SLO,,46," "," ",31.316,H,,R,Y,1,1,0,2,A,-,03,22350,,N,C,C,A,A,H,-,C,A,0,,,,Y,Y,,F,27,0,0,0,0,0,0,0,0,0,"- ","- ",35.644428253173828,-120.657958984375,"SAN LUIS OBISPO","PASO ROBLES",-120.657958984375,35.64447021484375
85027329,2025,2026-01-26,4006,2025-11-27,1710,108976,,4,5,4,4006,0,0,0,,0,,"BROAD ST","ROCKVIEW PL",60.00,S,N,A,-,N,,,,,,,,,,Y,2,0,2,1,A,-,03,22350,,N,F,A,A,A,H,-,B,D,0,,,Y,,Y,,C,02,2,0,0,0,0,0,0,0,2,"- ","- ",35.258209228515625,-120.64791870117188,"SAN LUIS OBISPO","SAN LUIS OBISPO",-120.64788055419922,35.258270263671875
85027337,2025,2026-01-26,4006,2025-12-05,1549,108574,,5,5,4,4006,0,0,0,,0,,"MADONNA RD","HIGUERA ST",0.00,,Y,A,-,N,,,,,,,,,,N,4,0,1,2,A,-,12,21453,A,N,D,C,A,A,H,-,A,A,0,,,,,Y,,A,01,0,0,1,0,0,0,0,0,0,"- ","- ",35.268390655517578,-120.67041015625,"SAN LUIS OBISPO","SAN LUIS OBISPO",-120.67046356201172,35.268272399902344
8504361,2017,2018-07-06,4005,2017-12-20,1407,P097,6,3,5,2,4005,0,0,0,,0,,POMEROY,DOLLIVER,0.00,,Y,A,-,Y,SLO,5,1,-,-,15.580,I,5,S,N,4,0,1,2,A,-,10,21950,A,N,G,B,B,A,H,-,A,A,0,Y,,,,Y,,A,07,0,0,1,0,1,0,0,0,0,"- ","- ",,,"SAN LUIS OBISPO","PISMO BEACH",-120.64136114999999,35.140594309999997
8505771,2017,2017-12-27,4006,2017-11-17,1827,65419,SLO,5,5,4,4006,0,0,0,,0,,CALIFORNIA,TAFT,0.00,,Y,A,-,N,,,,,,,,,,,3,0,1,2,A,-,08,22107,,N,D,C,A,A,H,-,D,D,0,,,Y,,Y,,A,01,0,1,0,0,0,0,0,0,1,"- ","- ",33.290990000000001,-120.66032,"SAN LUIS OBISPO","SAN LUIS OBISPO",-120.66029998,35.29090008
8506228,2017,2018-02-15,4006,2017-11-04,1735,18017,,6,5,4,4006,0,0,0,,0,,OSOS,HIGUERA,46.00,S,N,A,-,N,,,,,,,,,,N,3,0,1,2,A,-,21,22106,,M,G,B,-,A,H,-,A,D,0,Y,,,,Y,,A,01,0,1,0,0,1,0,0,0,0,"- ","- ",35.280000000000001,-120.66,"SAN LUIS OBISPO","SAN LUIS OBISPO",-120.66069358,35.281055389999999