CASE_ID,ACCIDENT_YEAR,PROC_DATE,JURIS,COLLISION_DATE,COLLISION_TIME,OFFICER_ID,REPORTING_DISTRICT,DAY_OF_WEEK,CHP_SHIFT,POPULATION,CNTY_CITY_LOC,SPECIAL_COND,BEAT_TYPE,CHP_BEAT_TYPE,CITY_DIVISION_LAPD,CHP_BEAT_CLASS,BEAT_NUMBER,PRIMARY_RD,SECONDARY_RD,DISTANCE,DIRECTION,INTERSECTION,WEATHER_1,WEATHER_2,STATE_HWY_IND,CALTRANS_COUNTY,CALTRANS_DISTRICT,STATE_ROUTE,ROUTE_SUFFIX,POSTMILE_PREFIX,POSTMILE,LOCATION_TYPE,RAMP_INTERSECTION,SIDE_OF_HWY,TOW_AWAY,COLLISION_SEVERITY,NUMBER_KILLED,NUMBER_INJURED,PARTY_COUNT,PRIMARY_COLL_FACTOR,PCF_CODE_OF_VIOL,PCF_VIOL_CATEGORY,PCF_VIOLATION,PCF_VIOL_SUBSECTION,HIT_AND_RUN,TYPE_OF_COLLISION,MVIW,PED_ACTION,ROAD_SURFACE,ROAD_COND_1,ROAD_COND_2,LIGHTING,CONTROL_DEVICE,CHP_ROAD_TYPE,PEDESTRIAN_ACCIDENT,BICYCLE_ACCIDENT,MOTORCYCLE_ACCIDENT,TRUCK_ACCIDENT,NOT_PRIVATE_PROPERTY,ALCOHOL_INVOLVED,STWD_VEHTYPE_AT_FAULT,CHP_VEHTYPE_AT_FAULT,COUNT_SEVERE_INJ,COUNT_VISIBLE_INJ,COUNT_COMPLAINT_PAIN,COUNT_PED_KILLED,COUNT_PED_INJURED,COUNT_BICYCLIST_KILLED,COUNT_BICYCLIST_INJURED,COUNT_MC_KILLED,COUNT_MC_INJURED,PRIMARY_RAMP,SECONDARY_RAMP,LATITUDE,LONGITUDE,COUNTY,CITY,POINT_X,POINT_Y
90752871,2018,2018-06-21,9745,2018-06-15,1200,017144,,5,1,9,4000,0,1,2,,1,101,US-101,"GREEN GATE RD",20.00,S,N,A,-,Y,,,101,,,,,,,Y,3,0,2,2,A,-,09,21801,A,N,D,C,A,A,H,-,A,D,0,,,,,Y,,D,22,0,2,0,0,0,0,0,0,0,"- ","- ",35.360630035400391,-120.63791656494141,"SAN LUIS OBISPO",UNINCORPORATED,-120.63798522949219,35.360614776611328
90753016,2018,2018-06-21,9745,2018-06-17,1645,017097,,7,2,2,4005,0,1,2,,2,404,"US-101 SB","SPYGLASS DR",6864.00,S,N,A,-,Y,,,101,,,,,,S,Y,3,0,3,2,A,-,03,22350,,N,C,C,A,A,H,-,A,D,0,,,,,Y,,A,07,0,1,2,0,0,0,0,0,0,"- ","- ",35.155960083007812,-120.66722869873047,"SAN LUIS OBISPO","PISMO BEACH",-120.66722869873047,35.155963897705078
90753043,2018,2018-06-21,9745,2018-06-18,1105,017817,,1,1,9,4000,0,2,4,,1,025,"SUNSET DR.","LOS OSOS VALLEY RD.",250.00,S,N,A,-,N,,,,,,,,,,N,3,0,1,2,A,-,08,22107,,N,B,C,A,A,H,-,A,D,0,,,,,Y,,A,01,0,1,0,0,0,0,0,0,0,"- ","- ",35.310211181640625,-120.83013916015625,"SAN LUIS OBISPO",UNINCORPORATED,-120.8302001953125,35.310188293457031
90753096,2018,2018-06-21,9745,2018-06-18,1250,017097,,1,1,9,4000,0,1,3,,1,041,SR-1,"23RD STREET",350.00,S,N,A,-,Y,,,1,,,,,,,Y,3,0,2,1,A,-,08,22107,,N,E,I,A,A,H,-,A,D,0,,,,,Y,,A,07,0,1,1,0,0,0,0,0,0,"- ","- ",35.098091125488281,-120.60443878173828,"SAN LUIS OBISPO",UNINCORPORATED,-120.60443878173828,35.098114013671875
90754736,2018,2018-06-25,9740,2018-06-15,1510,020773,,5,2,3,4004,0,1,2,,2,003,"US-101 NORTHBOUND","13TH ST",2000.00,N,N,A,-,Y,,,101,,,,,,N,N,4,0,1,2,A,-,03,22350,,N,C,C,A,A,H,-,A,D,0,,,,,Y,,A,01,0,0,1,0,0,0,0,0,0,"- ","- ",35.635051727294922,-120.68479919433594,"SAN LUIS OBISPO","PASO ROBLES",-120.68510437011719,35.635215759277344
90755022,2018,2018-06-25,9745,2018-06-23,1620,017097,,6,2,9,4000,0,2,4,,1,048,"AVILA BEACH DRIVE","CAVE LANDING RD",1056.00,W,N,A,-,N,,,,,,,,,,Y,3,0,1,1,A,-,01,23152,A,N,E,I,A,A,H,-,A,D,0,,,,,Y,Y,A,08,0,1,0,0,0,0,0,0,0,"- ","- ",35.180030822753906,-120.72383117675781,"SAN LUIS OBISPO",UNINCORPORATED,-120.7242431640625,35.185569763183594
90755699,2018,2018-06-26,9745,2018-06-18,1130,016773,,1,1,9,4000,0,3,5,,2,003,"AVILA BEACH DRIVE","MONTE RD",0.00,,Y,A,-,N,,,,,,,,,,N,3,0,2,2,C,-,18,,,N,H,G,A,A,H,-,A,D,0,,Y,,,Y,,-,"- ",0,2,0,0,0,0,2,0,0,"- ","- ",35.182670593261719,-120.70086669921875,"SAN LUIS OBISPO",UNINCORPORATED,-120.70097351074219,35.182498931884766
90755748,2018,2018-06-26,9745,2018-06-25,1550,020211,,1,2,9,4000,0,1,2,,2,505,"US-101 SOUTHBOUND","TOWER GROVE DR.",400.00,S,N,A,-,Y,,,101,,,,,,S,Y,4,0,1,2,A,-,03,22350,,N,C,C,A,A,H,-,A,D,0,,,,,Y,,A,01,0,0,1,0,0,0,0,0,0,"- ","- ",35.088241577148438,-120.53672790527344,"SAN LUIS OBISPO",UNINCORPORATED,-120.53675079345703,35.088207244873047
90756885,2018,2018-06-27,9745,2018-06-18,1746,014713,,1,2,9,4000,0,1,2,,2,303,"US-101 SOUTHBOUND","SAN LUIS BAY DR",2112.00,S,N,A,-,Y,,,101,,,,,,S,Y,3,0,1,2,A,-,03,22350,,N,C,C,A,A,H,-,A,D,0,,,,,Y,,A,07,0,1,0,0,0,0,0,0,0,"- ","- ",35.189540863037109,-120.70115661621094,"SAN LUIS OBISPO",UNINCORPORATED,-120.70115661621094,35.189540863037109
90757016,2018,2018-06-27,9745,2018-06-26,1630,014713,,2,2,9,4000,0,2,4,,1,025,"LOS OSOS VALLEY ROAD","SOUTH BAY BLVD.",260.00,E,N,A,-,N,,,,,,,,,,N,4,0,2,3,A,-,03,22350,,N,C,C,A,A,H,-,A,A,0,,,,,Y,,D,22,0,0,2,0,0,0,0,0,0,"- ","- ",35.309761047363281,-120.82454681396484,"SAN LUIS OBISPO",UNINCORPORATED,-120.82468414306641,35.309749603271484
90757048,2018,2018-06-27,9745,2018-06-26,1705,017097,,2,2,2,4005,0,1,2,,2,404,"US-101 SB","SPYGLASS DR",1584.00,N,N,A,-,Y,,,101,,,,,,S,Y,4,0,1,2,A,-,03,22350,,N,C,C,A,A,H,-,A,D,0,,,,,Y,,A,01,0,0,1,0,0,0,0,0,0,"- ","- ",35.167839050292969,-120.69084930419922,"SAN LUIS OBISPO","PISMO BEACH",-120.69086456298828,35.167827606201172
90760060,2018,2018-06-29,9745,2018-06-21,1345,017857,,4,1,9,4000,0,1,3,,1,021,"STUDIO DRIVE",SR-1,44.00,W,N,B,-,N,,,,,,,,,,N,3,0,1,2,A,-,10,21950,A,F,G,B,B,A,H,-,A,A,0,Y,,,,Y,,A,01,0,1,0,0,1,0,0,0,0,"- ","- ",35.428848266601562,-120.88230133056641,"SAN LUIS OBISPO",UNINCORPORATED,-120.88594818115234,35.43353271484375
90761067,2018,2018-07-02,9745,2018-06-28,1615,019809,,4,2,3,4001,0,1,2,,2,402,"US 101 S/B","HALCON RD",300.00,N,N,A,-,Y,,,,,,,,,,Y,4,0,2,3,A,-,03,22350,,N,C,C,A,A,H,-,A,D,0,,,,,Y,,A,01,0,0,2,0,0,0,0,0,0,"- ","- ",35.123500823974609,-120.59162902832031,"SAN LUIS OBISPO","ARROYO GRANDE",,
90764379,2018,2018-07-06,9740,2018-07-01,1820,016816,,7,2,9,4000,0,1,3,,2,010,SR-41,"KERN CO. LINE",1056.00,S,N,A,G,Y,,,41,,,,,,,Y,2,0,1,1,A,-,03,22350,,N,F,A,A,A,H,-,A,D,0,,,Y,,Y,,C,02,1,0,0,0,0,0,0,0,1,"- ","- ",35.782798767089844,-120.20098114013672,"SAN LUIS OBISPO",UNINCORPORATED,-120.20098876953125,35.782737731933594
90764959,2018,2018-07-09,9740,2018-06-26,1905,016849,,2,2,9,4000,0,3,5,,2,017,"CRESTON ROAD","LAGUNA DEL CAMPO",4362.00,E,N,A,-,N,,,,,,,,,,Y,2,0,1,1,A,-,08,22107,,N,F,A,A,A,H,-,A,D,0,,,,,Y,Y,D,22,1,0,0,0,0,0,0,0,0,"- ","- ",35.588901519775391,-120.64040374755859,"SAN LUIS OBISPO",UNINCORPORATED,-120.6405029296875,35.588947296142578
90764985,2018,2018-07-09,9745,2018-06-21,1550,019809,,4,2,9,4000,0,2,4,,1,046,"PRICE CANYON RD","CORRAL DE PIEDRA RD",76.00,E,N,A,-,N,,,,,,,,,,Y,3,0,3,2,A,-,09,21802,A,N,D,C,A,A,H,-,A,A,0,,,,,Y,,A,01,0,3,0,0,0,0,0,0,0,"- ","- ",35.19512939453125,-120.61329650878906,"SAN LUIS OBISPO",UNINCORPORATED,-120.61313629150391,35.1953125
90765113,2018,2018-07-09,9740,2018-06-22,2121,018995,,5,2,9,4000,0,1,2,,2,002,"US-101 SOUTHBOUND","MAIN ST",217.00,N,N,A,-,Y,,,101,,,,,,S,Y,2,0,3,2,A,-,01,23152,A,N,C,C,A,A,H,-,D,D,0,,,,,Y,Y,A,01,1,2,0,0,0,0,0,0,0,"- ","- ",35.566478729248047,-120.70172119140625,"SAN LUIS OBISPO",UNINCORPORATED,-120.70176696777344,35.566505432128906
90766927,2018,2018-07-11,9745,2018-07-05,1155,020229,,4,1,9,4000,0,2,4,,1,038,"ORCUTT RD","RIGHETTI RD",0.00,,Y,A,-,N,,,,,,,,,,N,4,0,2,2,A,-,03,22350,,N,C,C,A,A,H,-,A,D,0,,,,,Y,,A,01,0,0,2,0,0,0,0,0,0,"- ","- ",35.227039337158203,-120.59989929199219,"SAN LUIS OBISPO",UNINCORPORATED,-120.60006713867188,35.227779388427734
90767992,2018,2018-07-12,9745,2018-07-05,1735,017817,,4,2,9,4000,0,1,2,,2,303,"US-101 SOUTHBOUND","S. HIGUERA ST.",750.00,S,N,B,-,Y,,,101,,,,,,S,Y,4,0,2,2,A,-,03,22350,,N,C,C,A,A,H,-,A,D,0,,,,,Y,,A,01,0,0,2,0,0,0,0,0,0,"- ","- ",35.219371795654297,-120.69386291503906,"SAN LUIS OBISPO",UNINCORPORATED,-120.69380187988281,35.219326019287109
90768172,2018,2018-07-12,9745,2018-07-08,1120,016714,,7,1,9,4000,0,3,5,,2,002,"S. OCEAN AVE. (100 BLOCK)","PACIFIC AVE.",181.00,N,N,A,-,N,,,,,,,,,,N,2,0,1,2,A,-,06,21755,,N,F,A,A,A,H,-,A,D,0,,Y,,,Y,,L,04,1,0,0,0,0,0,1,0,0,"- ","- ",35.447578430175781,-120.90165710449219,"SAN LUIS OBISPO",UNINCORPORATED,-120.90174865722656,35.447536468505859
90768201,2018,2018-07-12,9745,2018-07-06,1510,020689,,5,2,9,4000,0,3,5,,2,005,"ORCHARD RD","FAITH PL",140.00,S,N,A,-,N,,,,,,,,,,Y,3,0,3,1,A,-,08,22107,,N,E,I,A,A,H,-,A,D,0,,,,,Y,,A,01,0,3,0,0,0,0,0,0,0,"- ","- ",35.011039733886719,-120.47161102294922,"SAN LUIS OBISPO",UNINCORPORATED,-120.46651458740234,35.007846832275391
90768655,2018,2018-07-13,9745,2018-07-07,1850,017817,,6,2,9,4000,0,3,5,,2,003,"SAN LUIS BAY DR.","AVILA VALLEY DR",5.00,E,N,A,-,N,,,,,,,,,,Y,4,0,1,2,A,-,03,22350,,N,C,C,A,A,H,-,A,D,0,,,,,Y,,A,01,0,0,1,0,0,0,0,0,0,"- ","- ",35.194530487060547,-120.71298217773438,"SAN LUIS OBISPO",UNINCORPORATED,-120.71304321289062,35.194480895996094
90771232,2018,2018-07-17,9745,2018-07-15,1335,016002,,7,1,9,4000,0,2,4,,1,051,"LOS BERROS RD","SOUTHBOUND US-101 OFF RAMP",0.00,,Y,A,-,Y,,,,,,,,,,Y,4,0,1,2,A,-,09,21802,A,N,D,C,A,A,H,-,A,A,0,,,,,Y,,A,01,0,0,1,0,0,0,0,0,0,"- ","- ",35.071769714355469,-120.51761627197266,"SAN LUIS OBISPO",UNINCORPORATED,-120.517567,35.071728999999998
90771530,2018,2018-07-18,9740,2018-07-12,1525,016154,,4,2,3,4004,0,1,2,,2,003,"US-101 SOUTHBOUND","24TH ST",1300.00,N,N,A,-,Y,,,101,,,,,,S,Y,3,0,1,2,A,-,03,22350,,N,C,C,A,A,H,-,A,D,0,,,,,Y,,A,01,0,1,0,0,0,0,0,0,0,"- ","- ",35.645599365234375,-120.68689727783203,"SAN LUIS OBISPO","PASO ROBLES",-120.68696594238281,35.645561218261719
90772135,2018,2018-07-18,9750,2018-07-13,2240,016874,,5,3,9,4000,0,1,3,,2,061,"SR-166 (E/B)","ALAMO CREEK RD",1056.00,W,N,A,-,Y,,,166,,,,,,,Y,2,0,1,1,A,-,01,23152,A,N,F,A,A,A,H,-,D,D,0,,,Y,,Y,Y,C,02,1,0,0,0,0,0,0,0,1,"- ","- ",35.020069122314453,-120.31494140625,"SAN LUIS OBISPO",UNINCORPORATED,-120.31492614746094,35.020023345947266
90772171,2018,2018-08-27,9745,2018-07-18,0743,020211,,3,1,9,4000,0,1,2,,2,505,"US-101 NORTHBOUND","TOWER GROVE DR.",2112.00,N,N,A,-,Y,,,101,,,,,,N,Y,4,0,1,3,A,-,03,22350,,N,C,C,A,A,H,-,A,D,0,,,,,Y,,A,01,0,0,1,0,0,0,0,0,0,"- ","- ",35.098281860351562,-120.54625701904297,"SAN LUIS OBISPO",UNINCORPORATED,-120.54615020751953,35.098346710205078
9077276,2020,2020-06-19,4006,2020-03-04,1144,98169,,3,5,4,4006,0,0,0,,0,,JOHNSON,SOUTHWOOD,297.00,S,N,A,-,N,,,,,,,,,,Y,3,0,2,3,A,-,03,22350,,N,-,E,A,A,H,-,A,A,0,,,,,Y,,A,01,0,2,0,0,0,0,0,0,0,"- ","- ",35.264080047607422,-120.63590240478516,"SAN LUIS OBISPO","SAN LUIS OBISPO",-120.63582611083984,35.264125823974609
90773040,2018,2018-07-19,9745,2018-07-19,1225,020211,,4,1,9,4000,0,3,5,,2,004,"NOYES RD","QUAIL HILL LN",10.00,S,N,A,-,N,,,,,,,,,,Y,4,0,2,2,A,-,03,22350,,N,C,C,A,A,H,-,A,D,0,,,,,Y,,D,22,0,0,2,0,0,0,0,0,0,"- ","- ",35.148708343505859,-120.58844757080078,"SAN LUIS OBISPO",UNINCORPORATED,-120.58839416503906,35.148761749267578
90773474,2018,2018-07-20,9745,2018-07-14,1650,017817,,6,2,2,4005,0,1,2,,2,404,"US-101 SOUTHBOUND","MATTIE RD.",1100.00,N,N,A,-,Y,,,101,,,,,,S,Y,4,0,1,2,A,-,03,22350,,N,C,C,A,A,H,-,A,D,0,,,,,Y,,A,07,0,0,1,0,0,0,0,0,0,"- ","- ",35.156581878662109,-120.66857147216797,"SAN LUIS OBISPO","PISMO BEACH",-120.66860198974609,35.156501770019531
90774663,2018,2018-07-23,9740,2018-04-30,1450,017426,,1,2,9,4000,0,1,3,,2,010,SR-41,"SAN LUIS OBISPO/KERN COUNTY LINE",3500.00,S,N,A,-,Y,,,41,,,,,,,Y,1,1,0,2,A,-,03,22350,,N,D,C,A,A,H,-,A,D,0,,,,Y,Y,,A,01,0,0,0,0,0,0,0,0,0,"- ","- ",35.780380249023438,-120.20674133300781,"SAN LUIS OBISPO",UNINCORPORATED,-120.20673370361328,35.780353546142578
90774680,2018,2018-07-23,9740,2018-07-20,1215,015854,,5,1,9,4000,0,3,5,,2,021,"OLD CREEK RD","SR-46 WEST",13728.00,S,N,A,-,N,,,,,,,,,,Y,4,0,1,2,A,-,03,22350,,N,A,C,A,A,H,-,A,D,0,,,,,Y,,D,22,0,0,1,0,0,0,0,0,0,"- ","- ",35.504661560058594,-120.84616851806641,"SAN LUIS OBISPO",UNINCORPORATED,-120.84612274169922,35.504646301269531
90774875,2018,2018-07-23,9745,2018-07-15,1250,020229,,7,1,9,4000,0,1,2,,2,505,"US-101 SOUTHBOUND","LOS BERROS RD",1400.00,S,N,A,-,Y,,,101,,,,,,S,Y,3,0,2,2,A,-,03,22350,,N,C,C,A,A,H,-,A,D,0,,,,,Y,,A,07,0,1,1,0,0,0,0,0,0,"- ","- ",35.068450927734375,-120.51289367675781,"SAN LUIS OBISPO",UNINCORPORATED,-120.51316070556641,35.068210601806641
90775534,2018,2018-07-24,9745,2018-07-13,1636,016002,,5,2,9,4000,0,1,2,,2,505,"US-101 NORTHBOUND","EL CAMPO RD",2112.00,S,N,A,-,Y,,,101,,,,,,N,Y,4,0,1,2,C,-,18,,,N,H,A,A,A,H,-,A,D,0,,,,,Y,,-,"- ",0,0,1,0,0,0,0,0,0,"- ","- ",35.107921600341797,-120.55567932128906,"SAN LUIS OBISPO",UNINCORPORATED,-120.55569458007812,35.107891082763672
90778634,2018,2018-07-30,9740,2018-07-15,1542,016849,,7,2,9,4000,0,3,5,,2,016,"WEST POZO ROAD","RIVER ROAD",4194.00,E,N,A,-,N,,,,,,,,,,Y,2,0,4,2,A,-,01,23152,A,N,A,C,A,A,H,-,A,A,0,,,,,Y,Y,A,01,2,0,2,0,0,0,0,0,0,"- ","- ",35.3037109375,-120.39138793945312,"SAN LUIS OBISPO",UNINCORPORATED,-120.3916015625,35.303741455078125
90779136,2018,2018-07-27,9745,2018-07-22,1200,014713,,7,1,9,4000,0,2,4,,1,042,"ORCUTT ROAD","BIDDLE RANCH ROAD",0.00,,Y,A,-,N,,,,,,,,,,N,3,0,1,2,A,-,09,21801,A,N,E,J,A,A,H,-,A,D,0,,Y,,,Y,,A,08,0,1,0,0,0,0,1,0,0,"- ","- ",35.220699310302734,-120.59719848632812,"SAN LUIS OBISPO",UNINCORPORATED,-120.59712219238281,35.220718383789062
90780331,2018,2018-07-30,9745,2018-07-20,1810,017817,,5,2,4,4006,0,1,2,,1,101,"US-101 NORTHBOUND","PRADO RD",530.00,S,N,A,-,Y,,,101,,,,,,N,Y,3,0,1,2,A,-,07,21658,A,N,B,C,A,A,H,-,A,D,0,,,,,Y,Y,A,07,0,1,0,0,0,0,0,0,0,"- ","- ",35.253898620605469,-120.67659759521484,"SAN LUIS OBISPO","SAN LUIS OBISPO",-120.67652893066406,35.253856658935547
90780465,2018,2018-07-30,9745,2018-07-22,1808,017930,,7,2,9,4000,0,3,5,,2,004,"BRANCH MILL RD.","TANNER LN",3168.00,E,N,A,-,N,,,,,,,,,,Y,2,0,1,2,A,-,01,23152,A,N,B,C,A,A,H,-,A,D,0,,,Y,,Y,Y,C,02,1,0,0,0,0,0,0,0,1,"- ","- ",35.130458831787109,-120.54937744140625,"SAN LUIS OBISPO",UNINCORPORATED,-120.54862976074219,35.130367279052734
90780910,2018,2018-07-31,9740,2018-07-24,1735,016154,,2,2,9,4000,0,2,4,,2,012,"NACIMIENTO LAKE DR.","SLATE RANCH RD.",940.00,E,N,A,-,N,,,,,,,,,,Y,3,0,2,2,A,-,09,21801,A,N,D,C,A,A,H,-,A,D,0,,,,Y,Y,,D,22,0,2,0,0,0,0,0,0,0,"- ","- ",35.646598815917969,-120.71219635009766,"SAN LUIS OBISPO",UNINCORPORATED,-120.71219635009766,35.646686553955078
90780930,2018,2018-07-31,9745,2018-07-19,1112,016390,,4,1,9,4000,0,1,A,,2,711,"OCEANO DUNES STATE PARK (OFF HIGHWAY)","PIER AVE.",10560.00,S,N,A,-,N,,,,,,,,,,N,4,0,1,2,C,-,18,,,N,A,C,A,A,H,-,A,D,0,,,Y,,Y,,-,"- ",0,0,1,0,0,0,0,0,1,"- ","- ",35.076881408691406,-120.62632751464844,"SAN LUIS OBISPO",UNINCORPORATED,,
90780995,2018,2018-07-31,9745,2018-07-23,0900,017541,,1,1,9,4000,0,2,4,,1,046,"PRICE CANYON RD",SR-227,500.00,W,N,A,-,N,,,,,,,,,,Y,4,0,1,3,A,-,03,22350,,N,C,C,A,A,H,-,A,D,0,,,,,Y,,D,22,0,0,1,0,0,0,0,0,0,"- ","- ",35.199321746826172,-120.61006164550781,"SAN LUIS OBISPO",UNINCORPORATED,-120.60978698730469,35.199535369873047
90781042,2018,2018-07-31,9745,2018-07-24,0857,017541,,2,1,2,4005,0,1,2,,2,404,"US-101 SOUTHBOUND","MATTIE RD.",2640.00,N,N,A,-,Y,,,101,,,,,,S,Y,3,0,1,1,A,-,08,22107,,N,E,I,A,A,H,-,A,D,0,,,,,Y,,A,01,0,1,0,0,0,0,0,0,0,"- ","- ",35.155990600585938,-120.66725158691406,"SAN LUIS OBISPO","PISMO BEACH",-120.66725921630859,35.155971527099609
90781192,2018,2018-08-01,9745,2018-07-24,0525,016390,,2,3,9,4000,0,1,3,,1,045,SR-1,"WILLOW ROAD",0.00,,Y,A,-,Y,,,1,,,,,,,Y,4,0,1,1,A,-,03,22350,,N,F,A,A,A,H,-,B,D,0,,,,Y,Y,,G,25,0,0,1,0,0,0,0,0,0,"- ","- ",35.046661376953125,-120.56989288330078,"SAN LUIS OBISPO",UNINCORPORATED,-120.56985473632812,35.046730041503906
9078147,2020,2020-07-27,4006,2020-03-26,0906,62657,,4,5,4,4006,0,0,0,,0,,"BUENA VISTA",GARFIELD,189.00,N,N,A,-,N,,,,,,,,,,Y,3,0,1,2,A,-,08,22107,,M,C,E,A,A,H,-,A,A,0,,,,,Y,,-,,0,1,0,0,0,0,0,0,0,"- ","- ",35.291160583496094,-120.64997863769531,"SAN LUIS OBISPO","SAN LUIS OBISPO",-120.64991760253906,35.291038513183594
9078149,2020,2020-07-10,4006,2020-03-13,0911,15913,,5,5,4,4006,0,0,0,,0,,HIGUERA,HIGH,0.00,,Y,A,-,N,,,,,,,,,,N,3,0,1,2,A,-,08,21717,,N,D,G,A,A,H,-,A,A,0,,Y,,,Y,,A,01,0,1,0,0,0,0,1,0,0,"- ","- ",35.272140502929688,-120.66989898681641,"SAN LUIS OBISPO","SAN LUIS OBISPO",-120.6697998046875,35.272201538085938
9078150,2020,2020-07-10,4006,2020-03-13,1807,98169,,5,5,4,4006,0,0,0,,0,,SUBURBAN,"S HIGUERA",17.00,E,N,B,-,N,,,,,,,,,,N,4,0,1,2,A,-,08,22100,A,N,D,G,A,A,H,-,B,A,0,,Y,,,Y,,L,04,0,0,1,0,0,0,1,0,0,"- ","- ",35.243949890136719,-120.67520141601562,"SAN LUIS OBISPO","SAN LUIS OBISPO",-120.67534637451172,35.244029998779297
90781563,2018,2018-07-31,9740,2018-07-26,1655,016849,,4,2,9,4000,0,3,5,,2,022,"LIVE OAK ROAD","ARBOR ROAD",6864.00,W,N,A,-,N,,,,,,,,,,Y,3,0,1,1,A,-,01,23152,A,N,E,J,A,A,H,-,A,D,0,,,,,Y,Y,A,07,0,1,0,0,0,0,0,0,0,"- ","- ",35.592399597167969,-120.73210144042969,"SAN LUIS OBISPO",UNINCORPORATED,-120.73612213134766,35.591358184814453
90782320,2018,2018-08-01,9740,2018-07-24,1605,014622,,2,2,9,4000,0,3,5,,2,023,"AVONNE AVENUE","OTTER WAY",203.00,N,N,A,-,N,,,,,,,,,,N,3,0,1,2,A,-,09,21804,A,N,D,G,A,A,H,-,A,D,0,,Y,,,Y,,L,04,0,1,0,0,0,0,1,0,0,"- ","- ",35.614669799804688,-121.14388275146484,"SAN LUIS OBISPO",UNINCORPORATED,-121.14385223388672,35.614604949951172
90782386,2018,2018-08-01,9740,2018-07-28,1410,017426,,6,2,9,4000,0,2,4,,2,012,"G-14 (NACIMIENTO LAKE DR.)","VALLEY QUAIL PL",150.00,E,N,A,-,N,,,,,,,,,,N,4,0,3,2,A,-,03,22350,,N,C,C,A,A,H,-,A,D,0,,,,,Y,,A,01,0,0,3,0,0,0,0,0,0,"- ","- ",35.670581817626953,-120.72698974609375,"SAN LUIS OBISPO",UNINCORPORATED,-120.72697448730469,35.670547485351562
90782396,2018,2018-08-01,9745,2018-07-31,1310,014713,,2,1,9,4000,0,3,5,,2,003,"ONTARIO ROAD","AVILA BEACH DRIVE",491.00,N,N,A,-,N,,,,,,,,,,N,3,0,1,1,C,-,18,,,N,H,A,A,A,H,-,A,D,0,,,Y,,Y,,-,"- ",0,1,0,0,0,0,0,0,1,"- ","- ",35.182449340820312,-120.70391082763672,"SAN LUIS OBISPO",UNINCORPORATED,-120.70388031005859,35.182323455810547
90782767,2018,2018-08-02,9745,2018-08-01,1205,017541,,3,1,9,4000,0,1,3,,2,023,SR-1,"OLD CREEK RD",30.00,S,N,A,-,Y,,,1,,,,,,,N,4,0,2,2,A,-,03,22350,,N,C,C,A,A,H,-,A,D,0,,,,,Y,,A,07,0,0,2,0,0,0,0,0,0,"- ","- ",35.428821563720703,-120.88179779052734,"SAN LUIS OBISPO",UNINCORPORATED,-120.88179016113281,35.428825378417969
90784750,2018,2018-08-06,9745,2018-08-02,1728,020211,,4,2,9,4000,0,2,4,,1,052,"THOMPSON AVE","POAGUE RD",600.00,S,N,A,-,N,,,,,,,,,,Y,2,0,1,1,A,-,01,23152,A,N,E,I,A,A,H,-,A,D,0,,,,,Y,Y,A,01,1,0,0,0,0,0,0,0,0,"- ","- ",35.015750885009766,-120.45050811767578,"SAN LUIS OBISPO",UNINCORPORATED,-120.45030975341797,35.015529632568359
90784893,2018,2018-08-06,9745,2018-07-25,1430,015144,,3,2,9,4000,0,3,5,,2,004,"OSO FLACO LAKE RD",SR-1,3696.00,E,N,A,-,N,,,,,,,,,,Y,3,0,1,1,A,-,08,22107,,N,E,I,A,A,H,-,A,D,0,,,,,Y,,A,07,0,1,0,0,0,0,0,0,0,"- ","- ",35.007839202880859,-120.55713653564453,"SAN LUIS OBISPO",UNINCORPORATED,-120.55587768554688,35.007541656494141
90786011,2018,2018-08-07,9745,2018-07-31,1825,016068,,2,2,9,4000,0,1,3,,1,011,SR-41,"CERRO ALTO RD",1056.00,S,N,A,-,Y,,,41,,,,,,,Y,4,0,1,1,A,-,08,22107,,N,E,I,A,A,H,-,A,D,0,,,,,Y,,A,01,0,0,1,0,0,0,0,0,0,"- ","- ",35.428398132324219,-120.75969696044922,"SAN LUIS OBISPO",UNINCORPORATED,-120.75971221923828,35.428470611572266
9078627,2020,2020-10-02,4008,2020-03-21,1958,2032,,6,5,4,4008,0,0,0,,0,,"WEST FRONT RD","SANTA ROSA",0.00,,Y,B,-,Y,SLO,5,101,-,-,44.300,R,4,S,Y,4,0,2,1,A,-,01,23153,A,N,E,I,A,A,H,-,C,A,0,,,,,Y,Y,A,01,0,0,2,0,0,0,0,0,0,"- ",SF,35.468738555908203,-120.65411376953125,"SAN LUIS OBISPO",ATASCADERO,-120.65422821044922,35.469444274902344