CASE_ID,ACCIDENT_YEAR,PROC_DATE,JURIS,COLLISION_DATE,COLLISION_TIME,OFFICER_ID,REPORTING_DISTRICT,DAY_OF_WEEK,CHP_SHIFT,POPULATION,CNTY_CITY_LOC,SPECIAL_COND,BEAT_TYPE,CHP_BEAT_TYPE,CITY_DIVISION_LAPD,CHP_BEAT_CLASS,BEAT_NUMBER,PRIMARY_RD,SECONDARY_RD,DISTANCE,DIRECTION,INTERSECTION,WEATHER_1,WEATHER_2,STATE_HWY_IND,CALTRANS_COUNTY,CALTRANS_DISTRICT,STATE_ROUTE,ROUTE_SUFFIX,POSTMILE_PREFIX,POSTMILE,LOCATION_TYPE,RAMP_INTERSECTION,SIDE_OF_HWY,TOW_AWAY,COLLISION_SEVERITY,NUMBER_KILLED,NUMBER_INJURED,PARTY_COUNT,PRIMARY_COLL_FACTOR,PCF_CODE_OF_VIOL,PCF_VIOL_CATEGORY,PCF_VIOLATION,PCF_VIOL_SUBSECTION,HIT_AND_RUN,TYPE_OF_COLLISION,MVIW,PED_ACTION,ROAD_SURFACE,ROAD_COND_1,ROAD_COND_2,LIGHTING,CONTROL_DEVICE,CHP_ROAD_TYPE,PEDESTRIAN_ACCIDENT,BICYCLE_ACCIDENT,MOTORCYCLE_ACCIDENT,TRUCK_ACCIDENT,NOT_PRIVATE_PROPERTY,ALCOHOL_INVOLVED,STWD_VEHTYPE_AT_FAULT,CHP_VEHTYPE_AT_FAULT,COUNT_SEVERE_INJ,COUNT_VISIBLE_INJ,COUNT_COMPLAINT_PAIN,COUNT_PED_KILLED,COUNT_PED_INJURED,COUNT_BICYCLIST_KILLED,COUNT_BICYCLIST_INJURED,COUNT_MC_KILLED,COUNT_MC_INJURED,PRIMARY_RAMP,SECONDARY_RAMP,LATITUDE,LONGITUDE,COUNTY,CITY,POINT_X,POINT_Y
90880393,2018,2018-12-11,9745,2018-11-25,1312,017817,,7,1,9,4000,0,3,5,,2,003,"MONTE RD.","LIVE OAK LN.",950.00,S,N,A,-,N,,,,,,,,,,Y,3,0,1,2,A,-,05,21650,,N,A,C,A,A,H,-,A,D,0,,,Y,,Y,,C,02,0,1,0,0,0,0,0,0,1,"- ","- ",35.189041137695312,-120.69513702392578,"SAN LUIS OBISPO",UNINCORPORATED,-120.69541931152344,35.188919067382812
90882661,2018,2018-12-13,9740,2018-07-25,0742,013246,,3,1,9,4000,0,1,3,,1,009,"STATE ROUTE 46","DAVIS ROAD",53.00,W,N,A,-,Y,,,46,,,,,,,Y,1,1,2,2,A,-,08,22107,,N,A,C,A,A,H,-,A,D,0,,,,Y,Y,,F,26,0,2,0,0,0,0,0,0,0,"- ","- ",35.733348846435547,-120.28978729248047,"SAN LUIS OBISPO",UNINCORPORATED,-120.28977966308594,35.733318328857422
90883547,2018,2019-01-17,9745,2018-11-18,1730,017817,,7,2,9,4000,0,3,5,,2,002,"RAMONA AVE.","PINE AVE.",120.00,E,N,A,-,N,,,,,,,,,,N,1,1,0,2,A,-,01,23152,A,F,G,B,E,A,H,-,D,D,0,Y,,,,Y,Y,D,22,0,0,0,1,0,0,0,0,0,"- ","- ",35.320358276367188,-120.84445190429688,"SAN LUIS OBISPO",UNINCORPORATED,-120.84442901611328,35.32037353515625
90884241,2018,2019-02-13,9745,2018-12-14,1507,017144,,5,2,9,4000,0,1,3,,1,032,"SR-227 SOUTHBOUND","LOS RANCHOS RD",600.00,N,N,B,-,Y,,,227,,,,,,S,Y,3,0,2,3,A,-,03,22350,,N,C,C,A,A,H,-,A,A,0,,,,,Y,,A,01,0,2,0,0,0,0,0,0,0,"- ","- ",35.224998474121094,-120.62624359130859,"SAN LUIS OBISPO",UNINCORPORATED,-120.62623596191406,35.225006103515625
90885687,2018,2018-12-18,9740,2018-12-11,0720,013984,,2,1,3,4004,0,1,2,,2,003,"US 101 N/B TO PASO ROBLES ST.","PASO ROBLES ST",300.00,S,N,A,-,Y,,,,,,,,,,Y,3,0,1,1,A,-,08,22107,,N,F,I,A,A,H,-,A,D,0,,,,,Y,,D,22,0,1,0,0,0,0,0,0,0,"- ","- ",35.620571136474609,-120.68559265136719,"SAN LUIS OBISPO","PASO ROBLES",,
90886649,2018,2018-12-19,9745,2018-12-19,0520,016390,,3,3,9,4000,0,3,5,,2,004,"NOYES ROAD","PRINTZ RD.",150.00,E,N,A,-,N,,,,,,,,,,Y,3,0,1,1,A,-,08,22107,,N,E,I,A,A,H,-,D,D,0,,,,,Y,,A,01,0,1,0,0,0,0,0,0,0,"- ","- ",35.149059295654297,-120.58802795410156,"SAN LUIS OBISPO",UNINCORPORATED,-120.58857727050781,35.148628234863281
90888831,2018,2018-12-24,9745,2018-12-15,1030,017968,,6,1,2,4005,0,1,2,,2,404,"US-101 N/B","OAK PARK BLVD.",0.00,,N,A,-,Y,,,101,,,,,,N,N,3,0,1,2,A,-,03,22350,,N,C,C,A,A,H,-,A,D,0,,,,,Y,,A,01,0,1,0,0,0,0,0,0,0,"- ","- ",35.130119323730469,-120.60623931884766,"SAN LUIS OBISPO","PISMO BEACH",-120.60623168945312,35.130146026611328
90889227,2018,2018-12-24,9740,2018-12-21,1715,018988,,5,2,9,4000,0,3,5,,2,017,"MAIN ST","VINEYARD DR",8.00,S,N,A,-,N,,,,,,,,,,Y,4,0,1,2,A,-,03,22350,,N,C,C,A,A,H,-,A,A,0,,,,,Y,,A,07,0,0,1,0,0,0,0,0,0,"- ","- ",35.543869018554688,-120.70977020263672,"SAN LUIS OBISPO",UNINCORPORATED,-120.70979309082031,35.543739318847656
90889484,2018,2018-12-24,9750,2018-12-23,1135,017379,,7,1,9,4000,0,1,3,,2,061,"SR-166 (E/B)","BULL CANYON ROAD",1584.00,W,N,A,-,Y,,,166,,,,,,,Y,4,0,4,2,A,-,03,22350,,N,C,C,A,A,H,-,A,D,0,,,,,Y,,A,01,0,0,4,0,0,0,0,0,0,"- ","- ",34.998809814453125,-120.38571166992188,"SAN LUIS OBISPO",UNINCORPORATED,-120.38572692871094,34.998741149902344
90889527,2018,2018-12-24,9750,2018-12-17,0628,017709,,1,1,9,4000,0,1,3,,2,061,"SR-166 W/B","ALAMO CREEK RD",4752.00,W,N,C,-,Y,,,166,,,,,,W,Y,4,0,1,5,A,-,05,21460,A,N,B,C,A,B,H,-,B,D,0,,,,Y,Y,,D,22,0,0,1,0,0,0,0,0,0,"- ","- ",35.020858764648438,-120.32424926757812,"SAN LUIS OBISPO",UNINCORPORATED,-120.32431793212891,35.020912170410156
90891316,2018,2018-12-27,9745,2018-12-24,0530,017541,,1,3,2,4005,0,1,2,,2,404,"US-101 NORTHBOUND","4TH STREET",1455.00,N,N,A,-,Y,,,101,,,,,,N,N,4,0,1,2,A,-,11,21954,A,N,G,B,E,A,H,-,C,D,0,Y,,,,Y,,N,60,0,0,1,0,1,0,0,0,0,"- ","- ",35.137500762939453,-120.62667083740234,"SAN LUIS OBISPO","PISMO BEACH",-120.62667846679688,35.137451171875
90891576,2018,2018-12-27,9745,2018-12-18,1640,016514,,2,2,9,4000,0,2,4,,1,024,"SOUTH BAY BLVD","TURRI RD",3696.00,N,N,A,-,N,,,,,,,,,,Y,2,0,1,2,A,-,05,21460,A,N,A,C,A,A,H,-,A,D,0,,,,,Y,,A,01,1,0,0,0,0,0,0,0,0,"- ","- ",35.346199035644531,-120.82569885253906,"SAN LUIS OBISPO",UNINCORPORATED,-120.82573699951172,35.346408843994141
90892920,2018,2018-12-28,9740,2018-12-26,1329,014622,,3,1,9,4000,0,1,2,,2,002,"US-101 NORTHBOUND","MAIN STREET",1584.00,S,N,A,-,Y,,,101,,,,,,N,Y,3,0,2,1,A,-,08,22107,,N,F,A,A,A,H,-,A,D,0,,,,,Y,,A,07,0,2,0,0,0,0,0,0,0,"- ","- ",35.562168121337891,-120.70478820800781,"SAN LUIS OBISPO",UNINCORPORATED,-120.70479583740234,35.562171936035156
90892924,2018,2018-12-28,9740,2018-12-26,1440,016816,,3,2,9,4000,0,1,2,,2,003,"US-101 SOUTHBOUND","SR-46 (WEST)",300.00,N,N,A,-,Y,,,101,,,,,,S,Y,4,0,1,4,A,-,03,22350,,N,C,C,A,A,H,-,A,D,0,,,,,Y,,A,08,0,0,1,0,0,0,0,0,0,"- ","- ",35.592411041259766,-120.69550323486328,"SAN LUIS OBISPO",UNINCORPORATED,-120.69551849365234,35.592411041259766
90893050,2018,2018-12-28,9740,2018-12-23,1238,013984,,7,1,9,4000,0,3,5,,2,018,"GENESEO ROAD","MOON VALLEY RD",500.00,N,N,A,-,N,,,,,,,,,,Y,3,0,1,1,A,-,08,22107,,N,E,I,A,A,H,-,A,D,0,,,,,Y,,A,07,0,1,0,0,0,0,0,0,0,"- ","- ",35.629650115966797,-120.55615234375,"SAN LUIS OBISPO",UNINCORPORATED,-120.55587768554688,35.629611968994141
90896139,2018,2019-01-02,9745,2018-12-30,1755,017930,,7,2,9,4000,0,1,2,,2,202,"US-101 NORTHBOUND","LOS OSOS VALLEY RD",3168.00,S,N,A,-,Y,,,101,,,,,,N,Y,4,0,1,2,A,-,03,22350,A,N,C,C,A,A,H,-,D,D,0,,,,,Y,,A,01,0,0,1,0,0,0,0,0,0,"- ","- ",35.236099243164062,-120.68440246582031,"SAN LUIS OBISPO",UNINCORPORATED,-120.68445587158203,35.236137390136719
90896714,2019,2019-01-03,9745,2019-01-02,1740,018253,,3,2,9,4000,0,1,2,,2,202,"US-101 SOUTHBOUND","LOS OSOS VALLEY ROAD",4224.00,S,N,A,-,Y,,,101,,,,,,S,Y,4,0,1,3,A,-,03,22350,,N,C,C,A,A,H,-,D,D,0,,,,,Y,,A,07,0,0,1,0,0,0,0,0,0,"- ","- ",35.235000610351562,-120.68569946289062,"SAN LUIS OBISPO",UNINCORPORATED,-120.68575286865234,35.235065460205078
90897995,2018,2019-01-04,9750,2018-12-30,1830,016874,,7,2,9,4000,0,1,3,,2,061,"ALAMO CREEK RD",SR-166,20.00,W,N,A,-,N,,,,,,,,,,Y,4,0,1,2,A,-,05,21460,A,N,B,C,A,A,H,-,D,D,0,,,,,Y,,A,01,0,0,1,0,0,0,0,0,0,"- ","- ",35.022598266601562,-120.3126220703125,"SAN LUIS OBISPO",UNINCORPORATED,-120.31240081787109,35.022438049316406
90898923,2019,2019-01-07,9745,2019-01-06,2255,017144,,7,3,9,4000,0,1,2,,1,101,"US-101 NORTHBOUND",SR-58,2400.00,S,N,C,-,Y,,,101,,,,,,N,Y,3,0,1,1,A,-,08,22107,,N,E,I,A,B,H,-,D,D,0,,,,,Y,,A,07,0,1,0,0,0,0,0,0,0,"- ","- ",35.377971649169922,-120.63507843017578,"SAN LUIS OBISPO",UNINCORPORATED,-120.63504791259766,35.377944946289062
90899796,2018,2019-01-08,9740,2018-12-31,1543,020773,,1,2,9,4000,0,3,5,,2,024,"BURTON DR","VILLAGE LN",500.00,S,N,A,-,N,,,,,,,,,,N,3,0,1,1,A,-,08,22107,,N,F,A,A,A,H,-,A,D,0,,,Y,,Y,,C,02,0,1,0,0,0,0,0,0,1,"- ","- ",35.559978485107422,-121.07926940917969,"SAN LUIS OBISPO",UNINCORPORATED,-121.07956695556641,35.560829162597656
90901156,2019,2019-01-09,9745,2019-01-01,1225,015144,,2,1,9,4000,0,3,5,,2,004,"PIER AVE","AIR PARK DR",168.00,E,N,A,-,N,,,,,,,,,,N,3,0,1,2,A,-,21,22106,,N,G,B,D,A,H,-,A,D,0,Y,,,,Y,,A,01,0,1,0,0,1,0,0,0,0,"- ","- ",35.106239318847656,-120.62690734863281,"SAN LUIS OBISPO",UNINCORPORATED,-120.62701416015625,35.106231689453125
90901942,2019,2019-01-16,9745,2019-01-04,1550,017857,,5,2,9,4000,0,1,2,,2,404,"US-101 SOUTHBOUND","AVILA BEACH DRIVE",500.00,S,N,A,-,Y,,,101,,,,,,S,Y,4,0,1,3,A,-,03,22350,,N,C,C,A,A,H,-,A,D,0,,,,,Y,,A,01,0,0,1,0,0,0,0,0,0,"- ","- ",35.178558349609375,-120.69857788085938,"SAN LUIS OBISPO",UNINCORPORATED,-120.69859313964844,35.178546905517578
90903369,2019,2019-01-14,9745,2019-01-03,0720,016714,,4,1,9,4000,0,2,4,,1,025,"LOS OSOS VALLEY ROAD, (10100 BLOCK)","VALLE VISTA PLACE",22.00,E,N,A,-,N,,,,,,,,,,Y,1,1,1,2,A,-,05,21460,A,N,A,C,A,A,H,-,A,D,0,,,,,Y,,A,01,1,0,0,0,0,0,0,0,0,"- ","- ",35.274101257324219,-120.70929718017578,"SAN LUIS OBISPO",UNINCORPORATED,-120.70930480957031,35.274211883544922
90903498,2019,2019-01-14,9745,2019-01-05,1545,017857,,6,2,9,4000,0,1,2,,1,101,"US-101 NORTHBOUND","CUESTA SPRINGS ROAD",1584.00,S,N,B,C,Y,,,101,,,,,,N,Y,4,0,2,2,A,-,03,22350,,N,C,C,A,B,H,-,A,D,0,,,,,Y,,D,22,0,0,2,0,0,0,0,0,0,"- ","- ",35.34423828125,-120.62816619873047,"SAN LUIS OBISPO",UNINCORPORATED,-120.62821197509766,35.344215393066406
90904167,2019,2019-01-14,9740,2019-01-11,1023,010820,,5,1,4,4008,0,1,2,,2,001,"U.S.101 (N/B)","SANTA ROSA STREET O/C",900.00,S,N,B,-,Y,,,,,,,,,,Y,4,0,1,2,A,-,03,22350,,N,C,C,A,A,D,-,A,A,0,,,,,Y,,A,01,0,0,1,0,0,0,0,0,0,"- ","- ",35.46234130859375,-120.64804840087891,"SAN LUIS OBISPO",ATASCADERO,-120.64978790283203,35.463790893554688
90904186,2019,2019-01-14,9745,2019-01-03,1050,015144,,4,1,9,4000,0,1,3,,1,043,SR-1,"FOWLER LN",0.00,,Y,A,-,Y,,,1,,,,,,,Y,2,0,1,2,A,-,01,23152,A,N,B,C,A,A,H,-,A,A,0,,,,,Y,Y,A,01,1,0,0,0,0,0,0,0,0,"- ","- ",35.067848205566406,-120.59414672851562,"SAN LUIS OBISPO",UNINCORPORATED,-120.59417724609375,35.06787109375
90904440,2019,2019-01-15,9745,2019-01-13,2200,014713,,7,3,9,4000,0,3,5,,2,001,"SAN MIGUEL ROAD","ROCKY POINT LANE",0.00,,Y,B,-,N,,,,,,,,,,Y,4,0,1,1,A,-,08,22107,,N,F,A,A,A,H,-,C,D,0,,,,,Y,Y,D,22,0,0,1,0,0,0,0,0,0,"- ","- ",35.455650329589844,-120.71720886230469,"SAN LUIS OBISPO",UNINCORPORATED,-120.71717071533203,35.455589294433594
90904950,2019,2019-01-15,9745,2019-01-14,1710,017146,,1,2,9,4000,0,2,4,,1,055,"TEFFT ST.","THOMPSON AVE",8.00,W,N,C,-,N,,,,,,,,,,N,4,0,1,2,A,-,03,22350,,N,C,C,A,B,H,-,C,A,0,,,,,Y,,D,22,0,0,1,0,0,0,0,0,0,"- ","- ",35.042911529541016,-120.47605895996094,"SAN LUIS OBISPO",UNINCORPORATED,-120.47606658935547,35.042884826660156
90905094,2019,2019-01-15,9745,2019-01-14,1655,020689,,1,2,2,4005,0,1,2,,2,404,"US-101 SOUTHBOUND","SPYGLASS DR",400.00,N,N,B,-,Y,,,101,,,,,,S,N,4,0,1,2,A,-,03,22350,,N,C,C,A,B,H,-,A,D,0,,,,,Y,,A,01,0,0,1,0,0,0,0,0,0,"- ","- ",35.167499542236328,-120.69059753417969,"SAN LUIS OBISPO","PISMO BEACH",-120.69059753417969,35.167503356933594
90905607,2019,2019-01-16,9745,2019-01-08,1445,020226,,2,2,9,4000,0,1,2,,2,505,"US-101 SOUTHBOUND","TOWER GROVE DRIVE",485.00,N,N,A,-,Y,,,101,,,,,,S,N,4,0,1,2,A,-,07,21658,A,N,B,C,A,A,H,-,A,D,0,,,,,Y,,A,07,0,0,1,0,0,0,0,0,0,"- ","- ",35.089790344238281,-120.53938293457031,"SAN LUIS OBISPO",UNINCORPORATED,-120.53939819335938,35.089759826660156
90905720,2019,2019-01-16,9745,2019-01-09,1435,017857,,3,2,9,4000,0,1,2,,1,101,"US-101 NORTHBOUND","TASSAJARA CREEK ROAD",2112.00,S,N,C,-,Y,,,101,,,,,,N,Y,4,0,1,1,A,-,08,22107,,N,E,I,A,B,H,-,A,D,0,,,,,Y,,A,07,0,0,1,0,0,0,0,0,0,"- ","- ",35.364818572998047,-120.63845825195312,"SAN LUIS OBISPO",UNINCORPORATED,-120.63851928710938,35.364791870117188
90906869,2019,2019-01-17,9745,2019-01-16,1755,018253,,3,2,9,4000,0,1,3,,1,045,SR-1,"HILLVIEW PL",0.00,,Y,A,-,Y,,,1,,,,,,,Y,3,0,3,2,A,-,09,21802,A,N,D,C,A,B,H,-,D,A,0,,,,,Y,,A,07,0,1,2,0,0,0,0,0,0,"- ","- ",35.041938781738281,-120.56800079345703,"SAN LUIS OBISPO",UNINCORPORATED,-120.56807708740234,35.041938781738281
90907454,2019,2019-01-18,9740,2019-01-14,0835,013733,,1,1,9,4000,0,1,2,,2,004,"U.S. 101","EXLINE RD",0.00,,Y,C,-,Y,,,,,,,,,,Y,4,0,1,2,A,-,09,21801,A,N,D,C,A,B,H,-,A,D,0,,,,,Y,,D,22,0,0,1,0,0,0,0,0,0,"- ","- ",35.682868957519531,-120.69692230224609,"SAN LUIS OBISPO",UNINCORPORATED,-120.69696044921875,35.682609558105469
90910618,2019,2019-01-24,9740,2019-01-21,1225,015451,,1,1,9,4000,0,1,2,,2,001,"US-101 NORTHBOUND","STATE ROUTE 58",8606.00,N,N,B,-,Y,,,101,,,,,,N,N,4,0,2,2,A,-,03,22350,,N,C,C,A,A,H,-,A,D,0,,,,,Y,,A,07,0,0,2,0,0,0,0,0,0,"- ","- ",35.405918121337891,-120.62473297119141,"SAN LUIS OBISPO",UNINCORPORATED,-120.62481689453125,35.405876159667969
9091253,2020,2020-07-08,4006,2020-03-26,1240,62657,,4,5,4,4006,0,0,0,,0,,JOHNSON,MARSH,0.00,,Y,A,-,N,,,,,,,,,,Y,4,0,1,2,A,-,12,21453,A,N,A,C,A,A,H,-,A,A,0,,,,Y,Y,,A,01,0,0,1,0,0,0,0,0,0,"- ","- ",35.282989501953125,-120.65598297119141,"SAN LUIS OBISPO","SAN LUIS OBISPO",-120.65595245361328,35.283000946044922
90912845,2018,2019-01-25,9740,2018-12-15,0603,014662,,6,1,9,4000,0,3,5,,2,016,"POZO RD","LAS PILITAS RD",8448.00,E,N,E,-,N,,,,,,,,,,Y,1,1,0,2,A,-,11,21956,,N,G,B,E,B,H,-,D,D,0,Y,,,,Y,,N,60,0,0,0,1,0,0,0,0,0,"- ","- ",35.339210510253906,-120.53095245361328,"SAN LUIS OBISPO",UNINCORPORATED,-120.52506256103516,35.332649230957031
90913996,2019,2019-01-28,9750,2019-01-13,0148,020549,,7,3,9,4000,0,1,3,,2,061,"SR-166 W/B","WINEMAN RD",2640.00,E,N,B,-,Y,,,166,,,,,,W,Y,2,0,1,1,C,-,18,,,N,H,H,A,A,H,-,D,D,0,,,,Y,Y,,-,"- ",1,0,0,0,0,0,0,0,0,"- ","- ",34.997398376464844,-120.40818023681641,"SAN LUIS OBISPO",UNINCORPORATED,-120.40818023681641,34.997390747070312
90916470,2019,2019-01-31,9745,2019-01-25,1728,017817,,5,2,2,4005,0,1,2,,2,404,"US-101 SOUTHBOUND","4TH STREET",850.00,S,N,A,-,Y,,,101,,,,,,S,Y,3,0,1,2,A,-,03,22350,,N,C,C,A,A,H,-,C,D,0,,,,,Y,,A,01,0,1,0,0,0,0,0,0,0,"- ","- ",35.133319854736328,-120.61588287353516,"SAN LUIS OBISPO","PISMO BEACH",-120.61591339111328,35.133255004882812
90917717,2019,2019-02-01,9740,2019-01-25,1620,016154,,5,2,3,4004,0,1,2,,2,003,"US-101 NORTHBOUND","SR-46 WEST",3605.00,N,N,A,-,Y,,,101,,,,,,N,Y,3,0,1,4,A,-,03,22350,,N,C,C,A,A,H,-,A,D,0,,,,Y,Y,,G,25,0,1,0,0,0,0,0,0,0,"- ","- ",35.599140167236328,-120.69371795654297,"SAN LUIS OBISPO","PASO ROBLES",-120.6937255859375,35.599143981933594
90918414,2019,2019-02-04,9740,2019-02-02,1335,016849,,6,1,4,4008,0,1,2,,2,002,"US-101 SOUTHBOUND","TRAFFIC WAY",45.00,N,N,B,-,Y,,,101,,,,,,S,Y,2,0,1,1,A,-,03,22350,,N,E,I,A,B,H,-,A,D,0,,,,,Y,,A,01,1,0,0,0,0,0,0,0,0,"- ","- ",35.488609313964844,-120.67120361328125,"SAN LUIS OBISPO",ATASCADERO,-120.67117309570312,35.488655090332031
90919750,2019,2019-02-05,9745,2019-01-25,1130,016773,,5,1,9,4000,0,2,4,,1,051,"LOS BERROS RD","FALCON CREST DR",528.00,W,N,A,-,N,,,,,,,,,,N,4,0,1,1,A,-,08,22107,,N,E,I,A,A,H,-,D,D,0,,,,,Y,,D,22,0,0,1,0,0,0,0,0,0,"- ","- ",35.101631164550781,-120.57820129394531,"SAN LUIS OBISPO",UNINCORPORATED,-120.57353973388672,35.101665496826172
90920631,2019,2019-02-06,9745,2019-02-02,1054,017968,,6,1,9,4000,0,2,4,,1,025,"LOS OSOS VALLEY ROAD","VALLE VISTA PLACE",648.00,E,N,C,-,N,,,,,,,,,,Y,4,0,1,1,A,-,03,22350,,N,E,I,A,B,H,-,A,D,0,,,,,Y,,A,01,0,0,1,0,0,0,0,0,0,"- ","- ",35.272659301757812,-120.70806121826172,"SAN LUIS OBISPO",UNINCORPORATED,-120.70807647705078,35.272819519042969
90921281,2019,2019-02-07,9745,2019-01-29,1728,017817,,2,2,9,4000,0,1,2,,2,303,"US-101 SOUTHBOUND","LOS OSOS VALLEY RD.",3960.00,S,N,B,-,Y,,,101,,,,,,S,Y,3,0,1,1,A,-,08,22107,,N,E,I,A,A,H,-,D,D,0,,,,Y,Y,,G,25,0,1,0,0,0,0,0,0,0,"- ","- ",35.232921600341797,-120.68932342529297,"SAN LUIS OBISPO",UNINCORPORATED,-120.68927764892578,35.232872009277344
90921465,2019,2019-02-07,9745,2019-02-05,1540,017097,,2,2,9,4000,0,1,3,,2,023,"SR-1 NB","KANSAS AVE",20.00,S,N,B,-,Y,,,1,,,,,,N,Y,4,0,2,2,A,-,03,22350,,N,C,C,A,B,H,-,A,A,0,,,,,Y,,A,01,0,0,2,0,0,0,0,0,0,"- ","- ",35.321010589599609,-120.71640014648438,"SAN LUIS OBISPO",UNINCORPORATED,-120.71639251708984,35.321037292480469
90921996,2019,2019-02-08,9745,2019-02-07,1340,017097,,4,1,9,4000,0,1,2,,2,303,"US-101 SB","HIGUERA ST",2640.00,N,N,A,-,Y,,,101,,,,,,S,Y,4,0,1,1,A,-,08,22107,,N,E,I,A,A,H,-,A,D,0,,,,,Y,,A,01,0,0,1,0,0,0,0,0,0,"- ","- ",35.231880187988281,-120.69017028808594,"SAN LUIS OBISPO",UNINCORPORATED,-120.69021606445312,35.231918334960938
90923127,2019,2019-02-11,9740,2019-01-24,1223,010820,,4,1,4,4008,0,1,2,,2,001,"U.S. 101 (S/B)","SANTA BARBARA ROAD",13200.00,S,N,A,-,Y,,,,,,,,,,Y,2,0,1,1,A,-,03,22350,,N,E,I,A,A,H,-,A,A,0,,,,,Y,,A,01,1,0,0,0,0,0,0,0,0,"- ","- ",35.413169860839844,-120.62674713134766,"SAN LUIS OBISPO",ATASCADERO,-120.62609100341797,35.408958435058594
90923420,2019,2019-02-11,9740,2019-01-24,2026,019486,,4,2,9,4000,0,3,5,,2,021,"OAK VIEW RD","VINEYARD DR",2112.00,S,N,A,-,N,,,,,,,,,,Y,3,0,2,1,A,-,01,23152,A,N,E,I,A,A,H,-,D,D,0,,,,,Y,Y,A,07,0,2,0,0,0,0,0,0,0,"- ","- ",35.548881530761719,-120.75538635253906,"SAN LUIS OBISPO",UNINCORPORATED,-120.75540924072266,35.54949951171875
90924042,2019,2019-02-11,9740,2019-02-09,1642,016849,,6,2,9,4000,0,3,5,,2,017,"SANTA MARGARITA ROAD","NORTE ROAD",701.00,N,N,B,-,N,,,,,,,,,,Y,4,0,1,1,A,-,01,23152,A,N,E,I,A,A,H,-,A,D,0,,,,,Y,Y,A,01,0,0,1,0,0,0,0,0,0,"- ","- ",35.425651550292969,-120.61192321777344,"SAN LUIS OBISPO",UNINCORPORATED,-120.61199188232422,35.425601959228516
90925886,2019,2019-02-13,9745,2019-02-06,1636,020226,,3,2,9,4000,0,1,2,,2,505,"US-101 NORTHBOUND","HEMI ROAD",0.00,,Y,A,-,Y,,,101,,,,,,N,Y,4,0,1,2,A,-,09,21804,A,N,D,C,A,A,H,-,A,D,0,,,,,Y,,A,01,0,0,1,0,0,0,0,0,0,"- ","- ",35.084320068359375,-120.53041076660156,"SAN LUIS OBISPO",UNINCORPORATED,-120.53034973144531,35.084377288818359
90926897,2019,2019-03-27,9745,2019-02-08,1250,015144,,5,1,2,4005,0,1,2,,2,404,"US-101 SOUTHBOUND","SPYGLASS DR",1584.00,S,N,A,-,Y,,,101,,,,,,S,Y,4,0,1,3,A,-,01,23152,F,N,E,I,A,A,H,-,A,A,0,,,,,Y,,A,07,0,0,1,0,0,0,0,0,0,"- ","- ",35.162021636962891,-120.68295288085938,"SAN LUIS OBISPO","PISMO BEACH",-120.68292236328125,35.162094116210938
90927582,2019,2019-02-15,9745,2019-02-12,1525,020226,,2,2,9,4000,0,2,4,,1,055,"TEFFT STREET","ORCHARD ROAD",475.00,W,N,B,-,N,,,,,,,,,,Y,4,0,3,4,A,-,03,22350,,N,C,C,A,A,H,-,A,D,0,,,,,Y,,A,01,0,0,3,0,0,0,0,0,0,"- ","- ",35.02764892578125,-120.49494934082031,"SAN LUIS OBISPO",UNINCORPORATED,-120.49694061279297,35.027736663818359
90929834,2019,2019-02-20,9745,2019-02-13,1512,016390,,3,2,9,4000,0,1,3,,1,041,SR-1,"BELRIDGE STREET",212.00,S,N,B,-,Y,,,1,,,,,,,Y,2,0,3,2,A,-,03,22350,,N,C,C,A,A,H,-,A,D,0,,,,,Y,,A,01,1,0,2,0,0,0,0,0,0,"- ","- ",35.102470397949219,-120.61746978759766,"SAN LUIS OBISPO",UNINCORPORATED,-120.61748504638672,35.102451324462891
90930118,2019,2019-02-20,9745,2019-02-14,2500,017968,,4,4,9,4000,0,2,4,,1,048,"AVILA BEACH DRIVE","ONTARIO RD.",1100.00,W,N,B,C,N,,,,,,,,,,Y,3,0,1,1,A,-,03,22350,,N,E,I,A,B,H,-,D,D,0,,,,,Y,,A,01,0,1,0,0,0,0,0,0,0,"- ","- ",35.182369232177734,-120.70719146728516,"SAN LUIS OBISPO",UNINCORPORATED,-120.70724487304688,35.182498931884766
90930188,2019,2019-02-20,9745,2019-02-18,1730,017930,,1,2,9,4000,0,1,2,,2,202,"US-101 NORTHBOUND","BUENA VISTA AVE",200.00,N,N,A,-,Y,,,,,,,,,,N,4,0,1,2,A,-,03,22350,,N,C,C,A,A,H,-,B,D,0,,,,,Y,,A,07,0,0,1,0,0,0,0,0,0,"- ","- ",36.291698455810547,-120.64929962158203,"SAN LUIS OBISPO",UNINCORPORATED,-120.64974212646484,35.291740417480469