CASE_ID,ACCIDENT_YEAR,PROC_DATE,JURIS,COLLISION_DATE,COLLISION_TIME,OFFICER_ID,REPORTING_DISTRICT,DAY_OF_WEEK,CHP_SHIFT,POPULATION,CNTY_CITY_LOC,SPECIAL_COND,BEAT_TYPE,CHP_BEAT_TYPE,CITY_DIVISION_LAPD,CHP_BEAT_CLASS,BEAT_NUMBER,PRIMARY_RD,SECONDARY_RD,DISTANCE,DIRECTION,INTERSECTION,WEATHER_1,WEATHER_2,STATE_HWY_IND,CALTRANS_COUNTY,CALTRANS_DISTRICT,STATE_ROUTE,ROUTE_SUFFIX,POSTMILE_PREFIX,POSTMILE,LOCATION_TYPE,RAMP_INTERSECTION,SIDE_OF_HWY,TOW_AWAY,COLLISION_SEVERITY,NUMBER_KILLED,NUMBER_INJURED,PARTY_COUNT,PRIMARY_COLL_FACTOR,PCF_CODE_OF_VIOL,PCF_VIOL_CATEGORY,PCF_VIOLATION,PCF_VIOL_SUBSECTION,HIT_AND_RUN,TYPE_OF_COLLISION,MVIW,PED_ACTION,ROAD_SURFACE,ROAD_COND_1,ROAD_COND_2,LIGHTING,CONTROL_DEVICE,CHP_ROAD_TYPE,PEDESTRIAN_ACCIDENT,BICYCLE_ACCIDENT,MOTORCYCLE_ACCIDENT,TRUCK_ACCIDENT,NOT_PRIVATE_PROPERTY,ALCOHOL_INVOLVED,STWD_VEHTYPE_AT_FAULT,CHP_VEHTYPE_AT_FAULT,COUNT_SEVERE_INJ,COUNT_VISIBLE_INJ,COUNT_COMPLAINT_PAIN,COUNT_PED_KILLED,COUNT_PED_INJURED,COUNT_BICYCLIST_KILLED,COUNT_BICYCLIST_INJURED,COUNT_MC_KILLED,COUNT_MC_INJURED,PRIMARY_RAMP,SECONDARY_RAMP,LATITUDE,LONGITUDE,COUNTY,CITY,POINT_X,POINT_Y
91746636,2022,2022-04-12,9745,2022-04-11,0928,017541,,1,1,9,4000,0,2,4,,1,051,"LOS BERROS RD","DALE AVE",0.00,,Y,A,-,N,,,,,,,,,,Y,3,0,2,2,A,-,01,23152,F,N,D,C,A,A,H,-,A,A,0,,,,,Y,,A,01,0,1,1,0,0,0,0,0,0,"- ","- ",35.072959899902344,-120.52136993408203,"SAN LUIS OBISPO",UNINCORPORATED,-120.52130889892578,35.07293701171875
91748943,2022,2022-04-15,9745,2022-04-09,1730,017496,,6,2,9,4000,0,1,3,,1,011,"STATE HIGHWAY 41","CERRO ALTO ROAD",2000.00,S,N,A,-,Y,SLO,,41,,,6.759,H,,R,Y,3,0,1,2,A,-,08,22107,,N,F,A,A,A,H,-,A,D,0,,,,,Y,,A,01,0,1,0,0,0,0,0,0,0,"- ","- ",35.428409576416016,-120.75919342041016,"SAN LUIS OBISPO",UNINCORPORATED,-120.75918579101562,35.428470611572266
9174936,2020,2020-12-04,4008,2020-10-02,0816,2133,,5,5,4,4008,0,0,0,,0,,"EL CAMINO REAL","SAN JACINTO AV",139.00,S,N,A,-,N,,,,,,,,,,Y,4,0,1,3,A,-,09,21801,A,N,D,C,A,A,H,-,A,D,0,,,,,Y,,A,01,0,0,1,0,0,0,0,0,0,"- ","- ",35.495361328125,-120.67964935302734,"SAN LUIS OBISPO",ATASCADERO,-120.67938995361328,35.495105743408203
91750125,2022,2022-04-18,9745,2022-04-16,0953,020211,,6,1,9,4000,0,2,4,,1,053,"POMEROY ROAD","WAYPOINT DRIVE",0.00,,Y,B,-,N,,,,,,,,,,N,3,0,2,2,A,-,09,21801,A,N,D,C,A,A,H,-,A,A,0,,,,,Y,,A,01,0,2,0,0,0,0,0,0,0,"- ","- ",35.039340972900391,-120.52030944824219,"SAN LUIS OBISPO",UNINCORPORATED,-120.52027130126953,35.039375305175781
91750195,2022,2022-04-18,9740,2022-04-07,1940,018069,,4,2,9,4000,0,1,3,,2,008,"SR-46 E/B","JARDINE RD.",0.00,,Y,A,-,Y,SLO,,46,,,34.642,H,,R,Y,3,0,2,2,A,-,09,21801,A,N,D,2,A,A,H,-,A,A,0,,,,,Y,,A,01,0,1,1,0,0,0,0,0,0,"- ","- ",35.659221649169922,-120.60259246826172,"SAN LUIS OBISPO",UNINCORPORATED,-120.60257720947266,35.659099578857422
91750534,2022,2022-04-18,9740,2022-04-06,1250,019648,,3,1,9,4000,0,1,3,,2,008,"SR-46 W/B","JARDINE RD.",0.00,,Y,A,-,Y,SLO,,46,,,34.644,H,,L,Y,4,0,2,2,A,-,09,21802,A,N,D,C,A,A,H,-,A,A,0,,,,,Y,,-,"- ",0,0,2,0,0,0,0,0,0,"- ","- ",35.659271240234375,-120.60257720947266,"SAN LUIS OBISPO",UNINCORPORATED,-120.60258483886719,35.659317016601562
91752520,2022,2022-04-20,9745,2022-04-13,1800,016773,,3,2,9,4000,0,2,4,,1,026,"PREFUMO CANYON RD","SAN LUIS OBISPO CITY LIMITS",15840.00,S,N,A,-,N,,,,,,,,,,Y,2,0,1,2,A,-,08,22107,,N,A,C,A,A,H,-,A,D,0,,,Y,,Y,,C,02,1,0,0,0,0,0,0,0,1,"- ","- ",35.260459899902344,-120.749267578125,"SAN LUIS OBISPO",UNINCORPORATED,,
91753791,2022,2022-04-21,9740,2022-04-14,1620,018069,,4,2,9,4000,0,3,5,,2,022,"SAN MARCOS RD.","WARREN RD.",140.00,N,N,A,-,N,,,,,,,,,,Y,4,0,1,1,A,-,08,22107,,N,E,I,A,A,H,-,A,D,0,,,,,Y,,D,22,0,0,1,0,0,0,0,0,0,"- ","- ",35.721458435058594,-120.69844055175781,"SAN LUIS OBISPO",UNINCORPORATED,-120.6983642578125,35.721645355224609
91753850,2022,2022-04-21,9740,2022-01-31,1205,017283,,1,1,9,4000,0,1,3,,2,008,SR-46,"BITTERWATER ROAD",4224.00,E,N,B,-,Y,,,,,,,,,,Y,1,1,2,4,A,-,01,23152,A,N,B,2,A,A,H,-,A,D,0,,,,,Y,Y,A,07,0,1,1,0,0,0,0,0,0,"- ","- ",35.543258666992188,-120.72514343261719,"SAN LUIS OBISPO",UNINCORPORATED,-120.29983520507812,35.718425750732422
91753876,2022,2022-04-21,9740,2022-04-16,1610,021275,,6,2,9,4000,0,1,2,,2,004,"US-101 NORTHBOUND","N. SPRING ST.",2640.00,N,N,A,-,Y,SLO,,101,,,59.343,H,,R,Y,4,0,1,1,A,-,08,22107,,N,F,A,A,A,H,-,A,D,0,,,,,Y,,A,01,0,0,1,0,0,0,0,0,0,"- ","- ",35.659358978271484,-120.69779968261719,"SAN LUIS OBISPO",UNINCORPORATED,-120.69794464111328,35.659378051757812
91753895,2022,2022-04-21,9745,2022-04-15,1730,016542,,5,2,9,4000,0,2,4,,1,042,"ORCUTT ROAD","LOPEZ DRIVE",20.00,N,N,A,-,N,,,,,,,,,,N,3,0,1,2,A,-,03,22350,,N,E,I,A,A,H,-,A,D,0,,,Y,,Y,,A,01,0,1,0,0,0,0,0,0,1,"- ","- ",35.172561645507812,-120.52999114990234,"SAN LUIS OBISPO",UNINCORPORATED,-120.53004455566406,35.172557830810547
91754717,2022,2022-04-22,9745,2022-04-19,2330,017144,,2,3,9,4000,0,1,3,,1,041,"SR-1 SOUTHBOUND","S. HALCYON RD.",5.00,N,N,A,-,Y,SLO,,1,,,10.993,H,,L,N,3,0,1,2,A,-,08,22107,,F,A,C,A,A,H,-,C,A,0,,,,,Y,,-,99,0,1,0,0,0,0,0,0,0,"- ","- ",35.098140716552734,-120.59243011474609,"SAN LUIS OBISPO",UNINCORPORATED,-120.59243011474609,35.098163604736328
91754816,2022,2022-04-22,9740,2022-04-19,1642,020841,,2,2,9,4000,0,1,3,,2,005,SR-58,"EL CAMINO REAL",0.00,,Y,A,-,Y,SLO,,58,,,1.626,H,,R,N,4,0,1,2,A,-,09,21802,A,N,D,C,A,A,H,-,A,A,0,,,,,Y,,A,07,0,0,1,0,0,0,0,0,0,"- ","- ",35.393421173095703,-120.60492706298828,"SAN LUIS OBISPO",UNINCORPORATED,-120.60495758056641,35.393436431884766
91755885,2022,2022-04-25,9745,2022-04-17,2015,020391,,7,2,9,4000,0,3,5,,2,004,"NOYES RD","PRINTZ RD",0.00,,Y,A,-,N,,,,,,,,,,Y,3,0,1,1,A,-,01,23152,A,M,E,I,A,A,H,-,D,A,0,,,,,Y,Y,A,01,0,1,0,0,0,0,0,0,0,"- ","- ",35.148448944091797,-120.58905029296875,"SAN LUIS OBISPO",UNINCORPORATED,-120.58895874023438,35.148357391357422
91756008,2022,2022-04-25,9745,2022-04-18,0617,017541,,1,1,9,4000,0,2,4,,1,058,"ORCHARD RD","FAITH DR",0.00,,Y,A,-,N,,,,,,,,,,Y,3,0,2,2,A,-,09,21801,A,N,D,C,A,A,H,-,B,D,0,,,,,Y,,A,01,0,1,1,0,0,0,0,0,0,"- ","- ",35.008060455322266,-120.46692657470703,"SAN LUIS OBISPO",UNINCORPORATED,-120.46689605712891,35.008075714111328
91756059,2022,2022-04-25,9745,2022-04-15,1953,020417,,5,2,4,4006,0,1,2,,2,202,"US-101 NORTHBOUND","MARSH ST.",1056.00,S,N,B,-,Y,SLO,,101,,,27.872,H,,R,Y,4,0,1,3,A,-,03,22350,,N,C,C,A,A,H,-,B,D,0,,,,,Y,,A,07,0,0,1,0,0,0,0,0,0,"- ","- ",35.271400451660156,-120.67223358154297,"SAN LUIS OBISPO","SAN LUIS OBISPO",-120.67230987548828,35.271415710449219
91762372,2022,2022-05-02,9745,2022-04-27,1155,016542,,3,1,9,4000,0,2,4,,1,055,"TEFFT STREET","MESA ROAD",10.00,E,N,A,-,N,,,,,,,,,,N,4,0,1,2,A,-,03,22350,,N,C,C,A,A,H,-,A,A,0,,,,,Y,,A,07,0,0,1,0,0,0,0,0,0,"- ","- ",35.02484130859375,-120.49848937988281,"SAN LUIS OBISPO",UNINCORPORATED,-120.49845886230469,35.024715423583984
91763509,2022,2022-05-03,9740,2022-04-25,1100,019700,,1,1,9,4000,0,3,5,,2,017,"LA PANZA RD.","STAGE SPRINGS RD.",400.00,E,N,A,-,N,,,,,,,,,,Y,2,0,1,1,A,-,08,22107,,N,E,I,A,A,H,-,A,D,0,,,,,Y,,A,01,1,0,0,0,0,0,0,0,0,"- ","- ",35.501678466796875,-120.46997833251953,"SAN LUIS OBISPO",UNINCORPORATED,-120.47004699707031,35.501731872558594
91763534,2022,2022-05-03,9740,2022-04-04,1535,021275,,1,2,9,4000,0,3,5,,2,019,"INDIAN VALLEY ROAD","VINEYARD CANYON ROAD",40.00,S,N,A,-,N,,,,,,,,,,Y,1,1,2,2,A,-,09,21801,A,N,A,C,A,A,H,-,A,D,0,,,,,Y,,A,01,0,1,1,0,0,0,0,0,0,"- ","- ",35.772830963134766,-120.692626953125,"SAN LUIS OBISPO",UNINCORPORATED,-120.69261932373047,35.772830963134766
91764403,2022,2022-05-04,9740,2022-04-29,1540,020057,,5,2,4,4008,0,1,2,,2,002,"US-101 NORTHBOUND","SAN ANSELMO RD.",1000.00,S,N,A,-,Y,SLO,,101,,,46.641,H,,R,Y,3,0,1,2,A,-,03,22350,,N,C,2,A,A,H,-,A,D,0,,,,,Y,,D,22,0,1,0,0,0,0,0,0,0,"- ","- ",35.494991302490234,-120.67990112304688,"SAN LUIS OBISPO",ATASCADERO,-120.67990112304688,35.494991302490234
91764553,2022,2022-05-04,9740,2022-04-24,0340,017498,,7,3,9,4000,0,1,2,,2,004,"US-101 SOUTHBOUND","STOCKDALE RD.",360.00,S,N,A,-,N,,,,,,,,,,Y,3,0,5,1,A,-,01,23152,A,N,E,I,A,A,H,-,D,D,0,,,,,Y,Y,A,01,0,5,0,0,0,0,0,0,0,"- ","- ",35.666130065917969,-120.69651031494141,"SAN LUIS OBISPO",UNINCORPORATED,-120.69641876220703,35.666110992431641
91765438,2022,2022-05-05,9745,2022-05-03,0600,017151,,2,1,9,4000,0,3,5,,2,002,"CLARK VALLEY RD","LOS OSOS VALLEY RD",2640.00,S,N,A,-,N,,,,,,,,,,Y,3,0,1,1,A,-,08,22107,,N,E,I,A,A,H,-,B,D,0,,,,,Y,,-,"- ",0,1,0,0,0,0,0,0,0,"- ","- ",35.296180725097656,-120.80355072021484,"SAN LUIS OBISPO",UNINCORPORATED,-120.80336761474609,35.296463012695312
91766429,2022,2022-05-06,9745,2022-05-04,0738,017151,,3,1,9,4000,0,1,2,,2,505,"US-101 NORTHBOUND","EL CAMPO RD.",6864.00,S,N,A,-,Y,SLO,,101,,,10.502,H,,R,Y,3,0,1,3,A,-,03,22350,,N,C,C,A,A,H,-,A,D,0,,,,,Y,,A,01,0,1,0,0,0,0,0,0,0,"- ","- ",35.098869323730469,-120.5465087890625,"SAN LUIS OBISPO",UNINCORPORATED,-120.54649353027344,35.098876953125
91768070,2022,2022-05-09,9745,2022-04-27,1743,018009,,3,2,9,4000,0,3,5,,2,005,"EL CAMPO ROAD","FALCON CREST DR",528.00,S,N,A,-,N,,,,,,,,,,N,3,0,1,1,A,-,01,23152,A,N,E,I,A,A,H,-,A,D,0,,,,,Y,Y,A,01,0,1,0,0,0,0,0,0,0,"- ","- ",35.105770111083984,-120.56067657470703,"SAN LUIS OBISPO",UNINCORPORATED,-120.56061553955078,35.105701446533203
91769119,2022,2022-05-10,9745,2022-05-07,1330,018616,,6,1,9,4000,0,1,2,,1,101,"101 SOUTHBOUND","OLD STAGECOACH ROAD",2112.00,N,N,A,-,Y,SLO,,101,,R,33.176,H,,L,Y,2,0,1,1,A,-,08,22107,,N,E,8,A,A,H,-,A,D,0,,,,,Y,,D,22,1,0,0,0,0,0,0,0,0,"- ","- ",35.323341369628906,-120.62135314941406,"SAN LUIS OBISPO",UNINCORPORATED,-120.62125396728516,35.323310852050781
91769138,2022,2022-05-10,9740,2022-05-06,1600,020841,,5,2,9,4000,0,3,5,,2,016,"PARKHILL RD.","SEVEN OAKS LN.",739.00,N,N,A,-,N,,,,,,,,,,Y,3,0,1,1,A,-,01,23152,A,N,E,I,A,A,H,-,A,D,0,,,,,Y,Y,A,01,0,1,0,0,0,0,0,0,0,"- ","- ",35.395660400390625,-120.52342987060547,"SAN LUIS OBISPO",UNINCORPORATED,-120.52015686035156,35.394058227539062
91769765,2022,2022-05-11,9740,2022-05-06,2125,021275,,5,2,9,4000,0,3,5,,2,018,"UNION RD.","PRISKA DR.",850.00,E,N,A,-,N,,,,,,,,,,Y,3,0,2,1,A,-,08,22107,,N,E,I,A,A,H,-,D,D,0,,,Y,,Y,Y,C,02,0,2,0,0,0,0,0,0,2,"- ","- ",35.637649536132812,-120.63815307617188,"SAN LUIS OBISPO",UNINCORPORATED,-120.63820648193359,35.6376953125
91771857,2022,2022-05-13,9740,2022-05-01,2042,020841,,7,2,4,4008,0,1,2,,2,001,"US-101 SOUTHBOUND","CURBARIL AVE.",808.00,N,N,A,-,Y,SLO,,101,,,45.005,H,,L,Y,2,0,1,2,A,-,03,22350,,N,B,C,A,A,H,-,D,D,0,,,Y,,Y,,C,02,1,0,0,0,0,0,0,0,1,"- ","- ",35.478630065917969,-120.65955352783203,"SAN LUIS OBISPO",ATASCADERO,-120.65956878662109,35.478622436523438
91774417,2022,2022-05-17,9745,2022-05-12,1800,020391,,4,2,9,4000,0,3,5,,2,002,"PECHO VALLEY RD","NOKOMIS CT",6336.00,W,N,A,-,N,,,,,,,,,,N,3,0,1,2,A,-,09,21804,A,N,A,G,A,A,H,-,A,D,0,,Y,,,Y,,A,07,0,1,0,0,0,0,1,0,0,"- ","- ",35.290889739990234,-120.87435150146484,"SAN LUIS OBISPO",UNINCORPORATED,-120.87387847900391,35.291362762451172
91775734,2022,2022-05-19,9740,2022-05-13,1604,020710,,5,2,9,4000,0,1,3,,2,011,SR-46W,"N. BETHEL RD.",0.00,,Y,A,-,Y,SLO,,46,,R,20.425,H,,R,Y,4,0,3,2,A,-,09,21802,A,N,A,C,A,A,H,-,A,A,0,,,,,Y,,A,01,0,0,3,0,0,0,0,0,0,"- ","- ",35.580158233642578,-120.71987152099609,"SAN LUIS OBISPO",UNINCORPORATED,-120.71985626220703,35.580146789550781
91775945,2022,2022-05-19,9740,2022-05-16,1600,020057,,1,2,9,4000,0,1,3,,2,010,SR-41,"COTTONWOOD PASS",1056.00,N,N,A,-,Y,SLO,,41,,,49.778,H,,R,N,2,0,1,1,A,-,08,22107,,N,E,I,A,A,H,-,A,D,0,,,Y,,Y,,C,02,1,0,0,0,0,0,0,0,1,"- ","- ",35.782108306884766,-120.20365905761719,"SAN LUIS OBISPO",UNINCORPORATED,-120.20357513427734,35.78204345703125
91776830,2022,2022-05-20,9740,2022-05-14,1240,019800,,6,1,9,4000,0,1,3,,1,014,SR-1,"WASHBURN DAY USE AREA",0.00,,Y,A,-,Y,,,,,,,,,,Y,2,0,1,2,A,-,08,22100,B,N,H,G,A,D,H,-,A,A,0,,Y,,,Y,,L,04,1,0,0,0,0,0,1,0,0,"- ","- ",35.593269348144531,-121.12384796142578,"SAN LUIS OBISPO",UNINCORPORATED,-121.124876,35.593566000000003
91777702,2022,2022-05-23,9740,2022-05-14,0940,019700,,6,1,9,4000,0,3,5,,2,017,"S. RIVER RD.","OAK LN.",200.00,S,N,A,-,N,,,,,,,,,,Y,4,0,1,3,A,-,08,22107,,N,E,I,A,A,H,-,A,A,0,,,,,Y,,A,07,0,0,1,0,0,0,0,0,0,"- ","- ",35.604728698730469,-120.68253326416016,"SAN LUIS OBISPO",UNINCORPORATED,-120.68244934082031,35.604785919189453
91777912,2022,2022-05-23,9740,2022-05-20,1335,020057,,5,1,3,4004,0,1,2,,2,003,"US-101 SOUTHBOUND","NIBLICK RD.",650.00,S,N,A,-,Y,SLO,,101,,,55.816,H,,L,Y,3,0,1,2,A,-,03,22350,,N,C,C,A,A,H,-,A,D,0,,,Y,,Y,,C,02,0,1,0,0,0,0,0,0,1,"- ","- ",35.613399505615234,-120.69007873535156,"SAN LUIS OBISPO","PASO ROBLES",-120.69008636474609,35.6134033203125
9177820,2020,2021-01-08,4008,2020-10-17,1303,3125,,6,5,4,4008,0,0,0,,0,,"CURBARIL AV","CORTEZ AV",0.00,,Y,A,-,N,,,,,,,,,,N,2,0,1,2,A,-,08,22107,,N,H,G,A,A,H,-,A,D,0,,Y,,,Y,,L,04,1,0,0,0,0,0,1,0,0,"- ","- ",35.486869812011719,-120.64795684814453,"SAN LUIS OBISPO",ATASCADERO,-120.64810180664062,35.486991882324219
91780386,2022,2022-05-25,9745,2022-05-15,2218,018253,,7,3,9,4000,0,2,4,,2,047,"HUASNA RD","LAMPLIGHTER LANE",528.00,E,N,A,-,N,,,,,,,,,,N,2,0,1,1,A,-,01,23152,A,N,F,A,A,A,H,-,D,D,0,,,,,Y,Y,A,01,1,0,0,0,0,0,0,0,0,"- ","- ",35.132499694824219,-120.55145263671875,"SAN LUIS OBISPO",UNINCORPORATED,-120.55136108398438,35.135318756103516
91781226,2022,2022-05-26,9745,2022-05-23,2219,018253,,1,3,9,4000,0,1,2,,2,303,"US-101 SOUTHBOUND","SAN LUIS BAY DRIVE",3696.00,N,N,A,-,Y,SLO,,101,,R,23.040,H,,L,Y,2,0,3,2,A,-,01,23152,A,M,C,C,A,A,H,-,D,D,0,,,,,Y,Y,A,01,1,2,0,0,0,0,0,0,0,"- ","- ",35.206668853759766,-120.697021484375,"SAN LUIS OBISPO",UNINCORPORATED,-120.69704437255859,35.206668853759766
91781740,2022,2022-05-26,9740,2022-05-16,0935,017498,,1,1,9,4000,0,1,3,,1,014,SR-1,"MAIN ST.",0.00,,Y,A,-,Y,SLO,,1,,,48.258,H,,R,Y,3,0,2,2,A,-,12,21453,A,N,D,C,A,A,H,-,A,A,0,,,,,Y,,-,"- ",0,2,0,0,0,0,0,0,0,"- ","- ",35.551300048828125,-121.07160949707031,"SAN LUIS OBISPO",UNINCORPORATED,-121.07158660888672,35.551315307617188
91784767,2022,2022-05-31,9740,2022-05-21,0855,019259,,6,1,9,4000,0,1,3,,2,010,SR-41,SR-46E,31680.00,N,N,A,-,Y,SLO,,41,,,49.859,H,,R,Y,4,0,1,1,A,-,08,22107,,N,F,A,A,A,H,-,A,D,0,,,,,Y,,A,07,0,0,1,0,0,0,0,0,0,"- ","- ",35.782749176025391,-120.20243835449219,"SAN LUIS OBISPO",UNINCORPORATED,-120.20240783691406,35.782684326171875
91784950,2022,2022-05-31,9740,2022-05-21,1155,017498,,6,1,9,4000,0,3,5,,2,019,"CROSS CANYONS RD.","RIVER RD.",17952.00,E,N,A,-,N,,,,,,,,,,N,3,0,1,1,A,-,01,23152,A,M,E,I,A,A,H,-,A,D,0,,,,,Y,Y,A,01,0,1,0,0,0,0,0,0,0,"- ","- ",35.749988555908203,-120.65531921386719,"SAN LUIS OBISPO",UNINCORPORATED,-120.68567657470703,35.753810882568359
91787244,2022,2022-06-02,9745,2022-05-22,1550,020773,,7,2,9,4000,0,1,3,,2,023,"SR-1 SOUTHBOUND","EDUCATION DRIVE",528.00,S,N,A,-,Y,SLO,,1,,,22.544,H,,L,Y,3,0,1,1,A,-,08,22107,,N,F,A,A,A,H,-,A,D,0,,,Y,,Y,,C,02,0,1,0,0,0,0,0,0,1,"- ","- ",35.332668304443359,-120.74104309082031,"SAN LUIS OBISPO",UNINCORPORATED,-120.74102783203125,35.33270263671875
91787852,2022,2022-06-03,9745,2022-05-24,2005,017817,,2,2,9,4000,0,1,3,,1,011,SR-41,"MORRO RD.",2600.00,N,N,A,-,N,,,,,,,,,,Y,3,0,1,1,C,-,18,,,N,E,H,A,A,H,-,D,D,0,,,,,Y,,-,"- ",0,1,0,0,0,0,0,0,0,"- ","- ",35.445938110351562,-120.7525634765625,"SAN LUIS OBISPO",UNINCORPORATED,-120.75251007080078,35.445930480957031
91787940,2022,2022-06-03,9745,2022-05-27,1455,019070,,5,2,9,4000,0,2,4,,1,030,"TANK FARM ROAD","SANTA FE ROAD",1584.00,W,N,A,-,N,,,,,,,,,,N,4,0,1,1,C,-,18,,,N,E,I,A,A,H,-,A,D,0,,,,,Y,,-,"- ",0,0,1,0,0,0,0,0,0,"- ","- ",35.246921539306641,-120.65276336669922,"SAN LUIS OBISPO",UNINCORPORATED,-120.65264892578125,35.246856689453125
91787947,2022,2022-06-03,9745,2022-05-28,1620,017496,,6,2,9,4000,0,1,3,,1,011,"SR-41 SOUTHBOUND","CERRO ALTO ROAD",5800.00,S,N,A,-,Y,SLO,,41,,,6.089,H,,L,Y,3,0,2,1,A,-,08,22107,,N,F,A,A,A,H,-,A,D,0,,,,,Y,,A,01,0,2,0,0,0,0,0,0,0,"- ","- ",35.427570343017578,-120.76994323730469,"SAN LUIS OBISPO",UNINCORPORATED,-120.76994323730469,35.427619934082031
91788214,2022,2022-06-03,9740,2022-05-26,1705,020710,,4,2,4,4008,0,1,2,,2,001,"US-101 NORTHBOUND",SR-41,1320.00,S,N,A,-,Y,SLO,,101,,,45.274,H,,R,N,4,0,1,2,A,-,07,21658,A,N,B,2,A,A,H,-,A,D,0,,,,,Y,,A,01,0,0,1,0,0,0,0,0,0,"- ","- ",35.482288360595703,-120.66130828857422,"SAN LUIS OBISPO",ATASCADERO,-120.66127777099609,35.482307434082031
91790097,2022,2022-06-07,9740,2022-06-03,1510,020057,,5,2,9,4000,0,1,3,,1,014,SR-1,"PICO AVE.",0.00,,Y,A,-,Y,SLO,,1,,,54.753,H,,R,N,3,0,4,2,A,-,09,21801,A,N,A,C,A,A,H,-,A,D,0,,,,,Y,Y,A,01,0,4,0,0,0,0,0,0,0,"- ","- ",35.615001678466797,-121.14640808105469,"SAN LUIS OBISPO",UNINCORPORATED,-121.14640045166016,35.615009307861328
91790201,2022,2022-06-07,9740,2022-06-03,1845,020710,,5,2,9,4000,0,3,5,,2,021,"SANTA RITA RD.","RAYMOND AVE.",12144.00,W,N,A,-,N,,,,,,,,,,Y,3,0,1,1,A,-,01,23152,A,N,F,A,A,A,H,-,A,D,0,,,,,Y,Y,D,22,0,1,0,0,0,0,0,0,0,"- ","- ",35.522869110107422,-120.77548217773438,"SAN LUIS OBISPO",UNINCORPORATED,-120.775390625,35.522876739501953
91790292,2022,2022-06-07,9740,2022-06-03,2030,019800,,5,2,9,4000,0,3,5,,2,021,"SANTA RITA RD.","SUNRISE RIDGE RD.",200.00,E,N,A,-,N,,,,,,,,,,N,2,0,1,1,A,-,08,22107,,N,F,A,A,A,B,-,D,D,0,,,Y,,Y,,C,02,1,0,0,0,0,0,0,0,1,"- ","- ",35.520500183105469,-120.80101013183594,"SAN LUIS OBISPO",UNINCORPORATED,-120.80091094970703,35.520206451416016
91791424,2022,2022-06-08,9745,2022-06-03,1614,018616,,5,2,9,4000,0,3,5,,2,004,"WILLOW ROAD","POMEROY RD",200.00,W,N,A,-,N,,,,,,,,,,Y,4,0,1,2,A,-,09,21804,A,N,D,C,A,A,H,-,A,D,0,,,,,Y,,-,"- ",0,0,1,0,0,0,0,0,0,"- ","- ",35.047710418701172,-120.52542114257812,"SAN LUIS OBISPO",UNINCORPORATED,-120.52494812011719,35.047782897949219
91792673,2022,2022-06-10,9745,2022-05-29,1838,017817,,7,2,9,4000,0,3,5,,2,002,"ONTARIO RD.","HIGUERA ST.",1200.00,N,N,A,-,N,,,,,,,,,,N,2,0,1,1,A,-,17,21200,,N,E,I,A,A,H,-,A,D,0,,Y,,,Y,Y,L,04,1,0,0,0,0,0,1,0,0,"- ","- ",35.220100402832031,-120.69358062744141,"SAN LUIS OBISPO",UNINCORPORATED,-120.69344329833984,35.220348358154297
91794377,2022,2022-06-14,9740,2022-04-09,0050,017498,,6,3,9,4000,0,3,5,,2,017,"EL CAMINO REAL","SANTA BARBARA RD.",2851.00,S,N,A,-,N,,,,,,,,,,N,2,0,1,2,A,-,11,21956,A,N,G,B,E,A,H,-,D,D,0,Y,,,,Y,Y,N,60,1,0,0,0,1,0,0,0,0,"- ","- ",35.441478729248047,-120.62976837158203,"SAN LUIS OBISPO",UNINCORPORATED,-120.62975311279297,35.441490173339844
91794834,2022,2022-06-14,9745,2022-06-09,1510,017496,,4,2,9,4000,0,1,3,,1,041,SR-1,"TIERRA NUEVA LANE",197.00,S,N,A,-,Y,SLO,,1,,,11.128,H,,R,Y,2,0,2,2,A,-,03,22350,,N,C,C,A,A,H,-,A,D,0,,,,,Y,,A,07,1,1,0,0,0,0,0,0,0,"- ","- ",35.098220825195312,-120.59532928466797,"SAN LUIS OBISPO",UNINCORPORATED,-120.59532928466797,35.09814453125
91795058,2022,2022-06-14,9740,2022-06-09,1705,021275,,4,2,9,4000,0,1,2,,2,002,"MAIN STREET","US-101 SOUTHBOUND OFF RAMP",0.00,,Y,A,-,N,,,,,,,,,,N,4,0,1,2,A,-,09,21800,A,M,D,C,A,A,H,-,A,D,0,,,,,Y,,A,08,0,0,1,0,0,0,0,0,0,"- ","- ",35.566238403320312,-120.70246124267578,"SAN LUIS OBISPO",UNINCORPORATED,-120.702524,35.566240000000001
91795155,2022,2022-06-14,9745,2022-06-13,0840,020211,,1,1,9,4000,0,3,5,,2,004,"WILLOW ROAD","BLACK LAKE CANYON DRIVE",0.00,,Y,A,-,N,,,,,,,,,,Y,3,0,2,2,A,-,09,21801,A,N,D,C,A,A,H,-,A,D,0,,,,,Y,,A,01,0,2,0,0,0,0,0,0,0,"- ","- ",35.047451019287109,-120.53515625,"SAN LUIS OBISPO",UNINCORPORATED,-120.53520965576172,35.047405242919922