CASE_ID,ACCIDENT_YEAR,PROC_DATE,JURIS,COLLISION_DATE,COLLISION_TIME,OFFICER_ID,REPORTING_DISTRICT,DAY_OF_WEEK,CHP_SHIFT,POPULATION,CNTY_CITY_LOC,SPECIAL_COND,BEAT_TYPE,CHP_BEAT_TYPE,CITY_DIVISION_LAPD,CHP_BEAT_CLASS,BEAT_NUMBER,PRIMARY_RD,SECONDARY_RD,DISTANCE,DIRECTION,INTERSECTION,WEATHER_1,WEATHER_2,STATE_HWY_IND,CALTRANS_COUNTY,CALTRANS_DISTRICT,STATE_ROUTE,ROUTE_SUFFIX,POSTMILE_PREFIX,POSTMILE,LOCATION_TYPE,RAMP_INTERSECTION,SIDE_OF_HWY,TOW_AWAY,COLLISION_SEVERITY,NUMBER_KILLED,NUMBER_INJURED,PARTY_COUNT,PRIMARY_COLL_FACTOR,PCF_CODE_OF_VIOL,PCF_VIOL_CATEGORY,PCF_VIOLATION,PCF_VIOL_SUBSECTION,HIT_AND_RUN,TYPE_OF_COLLISION,MVIW,PED_ACTION,ROAD_SURFACE,ROAD_COND_1,ROAD_COND_2,LIGHTING,CONTROL_DEVICE,CHP_ROAD_TYPE,PEDESTRIAN_ACCIDENT,BICYCLE_ACCIDENT,MOTORCYCLE_ACCIDENT,TRUCK_ACCIDENT,NOT_PRIVATE_PROPERTY,ALCOHOL_INVOLVED,STWD_VEHTYPE_AT_FAULT,CHP_VEHTYPE_AT_FAULT,COUNT_SEVERE_INJ,COUNT_VISIBLE_INJ,COUNT_COMPLAINT_PAIN,COUNT_PED_KILLED,COUNT_PED_INJURED,COUNT_BICYCLIST_KILLED,COUNT_BICYCLIST_INJURED,COUNT_MC_KILLED,COUNT_MC_INJURED,PRIMARY_RAMP,SECONDARY_RAMP,LATITUDE,LONGITUDE,COUNTY,CITY,POINT_X,POINT_Y
91795899,2022,2022-06-15,9745,2022-06-14,1515,017496,,2,2,9,4000,0,1,3,,1,011,SR-41,"CERRO ALTO ROAD",4220.00,S,N,A,-,Y,,,,,,,,,,Y,3,0,1,1,A,-,08,22107,,N,F,A,A,A,H,-,A,D,0,,,,,Y,,A,01,0,1,0,0,0,0,0,0,0,"- ","- ",35.428329467773438,-120.46486663818359,"SAN LUIS OBISPO",UNINCORPORATED,-120.76446533203125,35.428020477294922
91796525,2022,2022-06-16,9745,2022-06-06,0021,020417,,1,3,9,4000,0,2,4,,1,055,"TEFFT ST.","US-101 NORTHBOUND",0.00,,Y,B,-,N,,,,,,,,,,Y,4,0,3,2,A,-,01,23152,A,N,D,C,A,A,H,-,C,A,0,,,,,Y,Y,A,08,0,0,3,0,0,0,0,0,0,"- ","- ",35.037071228027344,-120.48419189453125,"SAN LUIS OBISPO",UNINCORPORATED,-120.484205,35.037036000000001
91797635,2022,2022-06-17,9745,2022-06-09,0710,017144,,4,1,4,4006,0,1,2,,2,202,"US-101 NORTHBOUND","CALIFORNIA BLVD",100.00,S,N,A,-,Y,,,,,,,,,,N,3,0,1,1,C,-,18,,,N,H,H,A,A,H,-,A,D,0,,,,,Y,,-,"- ",0,1,0,0,0,0,0,0,0,"- ","- ",35.289768218994141,-120.65495300292969,"SAN LUIS OBISPO","SAN LUIS OBISPO",-120.659423828125,35.289764404296875
91797958,2022,2022-06-17,9745,2022-06-07,0520,016390,,2,3,9,4000,0,3,5,,2,004,"BONITA SCHOOL ROAD","DIVISION STREET",3293.00,S,N,E,-,N,,,,,,,,,,Y,2,0,2,2,A,-,08,22107,,N,A,C,A,A,H,-,C,D,0,,,,,Y,,A,01,2,0,0,0,0,0,0,0,0,"- ","- ",34.995410919189453,-120.51409912109375,"SAN LUIS OBISPO",UNINCORPORATED,-120.51406860351562,34.995456695556641
91800411,2022,2022-06-21,9745,2022-06-19,1250,018009,,7,1,9,4000,0,1,2,,2,505,"U.S. 101 NORTHBOUND",SR-166,5280.00,N,N,A,-,Y,SLO,,101,,,1.939,H,,R,Y,4,0,1,2,A,-,03,22350,,N,C,C,A,A,H,-,A,D,0,,,,,Y,,A,08,0,0,1,0,0,0,0,0,0,"- ","- ",35.008228302001953,-120.44751739501953,"SAN LUIS OBISPO",UNINCORPORATED,-120.44754791259766,35.008190155029297
91800415,2022,2022-06-21,9740,2022-06-18,1330,020057,,6,1,9,4000,0,3,5,,2,022,"EXLINE RD.","STOCKDALE RD.",30.00,W,N,A,-,N,,,,,,,,,,Y,3,0,1,1,A,-,03,22350,,N,E,I,A,A,H,-,A,D,0,,,Y,,Y,,C,02,0,1,0,0,0,0,0,0,1,"- ","- ",35.681140899658203,-120.69737243652344,"SAN LUIS OBISPO",UNINCORPORATED,-120.69738006591797,35.682609558105469
91802239,2022,2022-06-23,9740,2022-06-18,1941,020302,,6,2,9,4000,0,3,5,,2,021,"S. BETHEL RD.","DONELSON PL.",0.00,,Y,A,-,N,,,,,,,,,,Y,3,0,2,2,A,-,01,23152,A,N,D,C,A,A,H,-,A,A,0,,,,,Y,Y,A,07,0,1,1,0,0,0,0,0,0,"- ","- ",35.547939300537109,-120.72939300537109,"SAN LUIS OBISPO",UNINCORPORATED,-120.72937774658203,35.547931671142578
91803020,2022,2022-06-24,9740,2022-06-20,1745,020057,,1,2,9,4000,0,1,2,,2,004,"US-101 SOUTHBOUND","STOCKDALE RD.",0.00,,Y,A,-,Y,SLO,,101,,,59.903,H,,L,Y,4,0,1,1,A,-,03,22350,,N,E,I,A,A,H,-,A,D,0,,,,,Y,,A,01,0,0,1,0,0,0,0,0,0,"- ","- ",35.667098999023438,-120.69647979736328,"SAN LUIS OBISPO",UNINCORPORATED,-120.69625854492188,35.667079925537109
91804842,2022,2022-06-28,9745,2022-06-25,1933,020391,,6,2,9,4000,0,3,5,,2,005,"SOARES DR.","ANGELINA CT",68.00,E,N,A,-,N,,,,,,,,,,N,3,0,1,2,A,-,11,21954,A,N,G,B,D,A,H,-,A,D,0,Y,,,,Y,,N,60,0,1,0,0,1,0,0,0,0,"- ","- ",35.019290924072266,-120.48712921142578,"SAN LUIS OBISPO",UNINCORPORATED,-120.48715972900391,35.019233703613281
91805374,2022,2022-06-28,9745,2022-06-16,0645,014910,,4,1,2,4003,0,1,3,,2,022,"SR-1 SOUTHBOUND","MAIN STREET",515.00,S,N,A,-,Y,SLO,,1,,,29.542,H,,L,Y,3,0,1,1,A,-,01,23152,A,N,F,A,A,A,H,-,A,D,0,,,,,Y,Y,-,"- ",0,1,0,0,0,0,0,0,0,"- ","- ",35.372718811035156,-120.85038757324219,"SAN LUIS OBISPO","MORRO BAY",-120.85028076171875,35.372867584228516
91809185,2022,2022-07-01,9745,2022-06-29,1115,017151,,3,1,9,4000,0,2,4,,1,048,"AVILA BEACH DR.","SHELL BEACH RD.",20.00,E,N,A,-,N,,,,,,,,,,N,4,0,2,2,A,-,03,22350,,N,C,C,A,A,H,-,A,D,0,,,,,Y,,A,07,0,0,2,0,0,0,0,0,0,"- ","- ",35.179779052734375,-120.70015716552734,"SAN LUIS OBISPO",UNINCORPORATED,-120.70033264160156,35.179771423339844
91810306,2022,2022-08-12,9740,2022-06-25,0930,019486,,6,1,9,4000,0,1,3,,2,011,"SR-46 W/B","APPLE RD",528.00,E,N,A,-,Y,SLO,,46,,R,12.480,H,,L,Y,3,0,1,2,A,-,09,21804,A,N,D,C,A,A,H,-,A,D,0,,,,,Y,,A,01,0,1,0,0,0,0,0,0,0,"- ","- ",35.536121368408203,-120.84210968017578,"SAN LUIS OBISPO",UNINCORPORATED,-120.84207916259766,35.536064147949219
91810569,2022,2022-07-05,9740,2022-06-19,0652,019648,,7,1,9,4000,0,1,2,,2,001,"US-101 SOUTHBOUND",SR-58,10560.00,N,N,A,-,Y,SLO,,101,,,39.947,H,,L,Y,4,0,1,1,A,-,01,23152,A,N,E,I,A,A,H,-,A,D,0,,,,,Y,Y,D,22,0,0,1,0,0,0,0,0,0,"- ","- ",35.41156005859375,-120.62653350830078,"SAN LUIS OBISPO",UNINCORPORATED,-120.62648010253906,35.411563873291016
91810640,2022,2022-07-05,9745,2022-05-26,2500,016542,,4,4,9,4000,0,1,2,,1,101,"US-101 SOUTHBOUND","OLD 101",1056.00,N,N,E,-,Y,SLO,,101,,R,33.658,H,,L,Y,1,1,0,1,A,-,08,22107,,N,E,I,A,A,H,-,D,D,0,,,,,Y,,A,07,0,0,0,0,0,0,0,0,0,"- ","- ",35.329841613769531,-120.62187957763672,"SAN LUIS OBISPO",UNINCORPORATED,-120.62179565429688,35.329887390136719
91811561,2022,2022-07-08,9745,2022-05-12,2320,017541,,4,3,9,4000,0,2,4,,1,051,"LOS BERROS RD.","W. EL CAMPO RD.",1584.00,S,N,A,-,N,,,,,,,,,,Y,1,1,0,2,A,-,03,22350,,F,C,G,A,A,H,-,D,D,0,,Y,,,Y,Y,A,07,0,0,0,0,0,1,0,0,0,"- ","- ",35.089241027832031,-120.55901336669922,"SAN LUIS OBISPO",UNINCORPORATED,-120.55908203125,35.089344024658203
91813309,2022,2022-07-08,9740,2022-06-30,2018,020710,,4,2,9,4000,0,1,3,,1,014,SR-1,"BURTON DRIVE",1000.00,N,N,A,-,Y,SLO,,1,,,49.157,H,,R,Y,2,0,1,1,A,-,01,23152,A,N,E,I,A,A,H,-,A,D,0,,,,,Y,Y,A,07,1,0,0,0,0,0,0,0,0,"- ","- ",35.555061340332031,-121.08542633056641,"SAN LUIS OBISPO",UNINCORPORATED,-121.08540344238281,35.554908752441406
91814658,2022,2022-07-11,9745,2022-07-02,1815,019070,,6,2,2,4005,0,1,2,,2,404,"US-101 SOUTHBOUND","SPYGLASS DRIVE",2640.00,S,N,A,-,Y,SLO,,101,,,19.271,H,,L,N,4,0,1,2,A,-,01,23152,A,M,B,C,A,A,H,-,A,D,0,,,,,Y,Y,A,01,0,0,1,0,0,0,0,0,0,"- ","- ",35.160488128662109,-120.67867279052734,"SAN LUIS OBISPO","PISMO BEACH",-120.67869567871094,35.160449981689453
91815168,2022,2022-07-12,9740,2022-07-03,1235,019486,,7,1,9,4000,0,1,3,,1,015,SR-1,"RAGGED POINT",0.00,,Y,A,-,Y,SLO,,1,,,72.947,H,,R,N,2,0,1,2,A,-,09,21804,A,N,D,C,A,A,H,-,A,A,0,,,Y,,Y,,A,07,1,0,0,0,0,0,0,0,1,"- ","- ",35.781589508056641,-121.3294677734375,"SAN LUIS OBISPO",UNINCORPORATED,-121.32949066162109,35.781589508056641
91815277,2022,2022-07-12,9740,2022-07-03,1745,022970,,7,2,9,4000,0,1,2,,2,004,"US-101 NORTHBOUND","CAMP ROBERTS O/C",5280.00,S,N,A,-,Y,,,,,,,,,,Y,3,0,3,2,A,-,03,22350,,N,C,C,A,A,H,-,A,A,0,,,,,Y,,A,01,0,1,2,0,0,0,0,0,0,"- ","- ",35.789119720458984,-120.73979949951172,"SAN LUIS OBISPO",UNINCORPORATED,,
91819823,2022,2022-07-18,9740,2022-07-07,0630,017498,,4,1,9,4000,0,1,2,,2,004,"US-101 NORTHBOUND","WELLSONA RD.",2112.00,N,N,A,-,Y,SLO,,101,,,62.307,H,,R,Y,2,0,1,1,A,-,08,22107,,N,F,A,A,A,H,-,A,D,0,,,,,Y,,D,22,1,0,0,0,0,0,0,0,0,"- ","- ",35.701999664306641,-120.69602203369141,"SAN LUIS OBISPO",UNINCORPORATED,-120.69627380371094,35.7020263671875
91821725,2022,2022-07-20,9745,2022-07-12,1535,018009,,2,2,4,4006,0,2,4,,1,058,"ORCHARD RD","DIVISION STREET",75.00,S,N,A,-,N,,,,,,,,,,N,4,0,2,2,A,-,08,22107,,N,D,C,A,A,H,-,A,B,0,,,,,Y,,A,01,0,0,2,0,0,0,0,0,0,"- ","- ",35.021770477294922,-120.48857879638672,"SAN LUIS OBISPO","SAN LUIS OBISPO",-120.4886474609375,35.021877288818359
91822324,2022,2022-07-21,9740,2022-07-11,1505,018069,,1,2,9,4000,0,1,3,,2,008,SR-46E,"DAVIS RD.",528.00,W,N,A,-,Y,SLO,,46,,,54.670,H,,R,Y,2,0,3,2,A,-,05,21460,A,N,B,C,A,A,H,-,A,D,0,,,,,Y,,D,22,2,1,0,0,0,0,0,0,0,"- ","- ",35.732280731201172,-120.29161834716797,"SAN LUIS OBISPO",UNINCORPORATED,-120.29158020019531,35.732250213623047
91823324,2022,2022-07-22,9740,2022-07-13,1740,020710,,3,2,9,4000,0,2,4,,2,012,"NACIMIENTO LAKE DR. (G-14)","FRAZIER RD.",1584.00,N,N,A,-,N,,,,,,,,,,Y,3,0,1,1,A,-,01,23152,A,N,E,I,A,A,H,-,A,D,0,,,,,Y,Y,D,22,0,1,0,0,0,0,0,0,0,"- ","- ",35.710540771484375,-120.82707214355469,"SAN LUIS OBISPO",UNINCORPORATED,-120.82710266113281,35.710472106933594
9182376,2020,2020-12-22,4008,2020-10-21,1435,2112,,3,5,4,4008,0,0,0,,0,,"SOLANO RD","EL CAMINO REAL",0.00,,Y,A,-,N,,,,,,,,,,N,4,0,1,2,A,-,12,22450,A,N,H,G,A,A,H,-,A,D,0,,Y,,,Y,,A,01,0,0,1,0,0,0,1,0,0,"- ","- ",35.471599578857422,-120.65322875976562,"SAN LUIS OBISPO",ATASCADERO,-120.65329742431641,35.471611022949219
91824203,2022,2022-07-25,9740,2022-07-13,0925,019486,,3,1,9,4000,0,1,3,,2,007,SR-41,"TAMARA LN.",670.00,N,N,A,-,Y,SLO,,41,,,22.350,H,,R,Y,3,0,1,2,A,-,03,22350,,N,C,C,A,A,H,-,A,D,0,,,Y,,Y,,C,02,0,1,0,0,0,0,0,0,1,"- ","- ",35.505348205566406,-120.60922241210938,"SAN LUIS OBISPO",UNINCORPORATED,-120.60922241210938,35.505344390869141
91825549,2022,2022-07-26,9745,2022-07-16,1940,020391,,6,2,9,4000,0,3,5,,2,005,"HUTTON RD","VISTA DEL RIO",638.00,S,N,A,-,N,,,,,,,,,,Y,4,0,1,2,A,-,03,22350,,N,C,C,A,A,H,-,A,D,0,,,,,Y,,E,22,0,0,1,0,0,0,0,0,0,"- ","- ",35.003559112548828,-120.44013977050781,"SAN LUIS OBISPO",UNINCORPORATED,,
9182586,2020,2020-11-24,4006,2020-09-27,0052,98539,,7,5,4,4006,0,0,0,,0,,"CALLE JOAQUIN","LOS OSOS VALLEY",395.00,S,N,A,-,N,,,,,,,,,,Y,3,0,1,1,A,-,01,23152,,N,E,I,A,A,H,-,C,D,0,,,,,Y,Y,A,01,0,1,0,0,0,0,0,0,0,"- ","- ",35.245800018310547,-120.68405914306641,"SAN LUIS OBISPO","SAN LUIS OBISPO",-120.68386840820312,35.245944976806641
9182587,2020,2020-11-24,4006,2020-09-28,1401,16380,,1,5,4,4006,0,0,0,,0,,CHORRO,ISLAY,39.00,S,N,A,-,N,,,,,,,,,,Y,4,0,1,3,A,-,03,22350,,N,B,E,A,A,H,-,A,D,0,,,,,Y,,A,01,0,0,1,0,0,0,0,0,0,"- ","- ",35.275688171386719,-120.65920257568359,"SAN LUIS OBISPO","SAN LUIS OBISPO",-120.65940093994141,35.275974273681641
91826035,2022,2022-07-27,9745,2022-07-20,2058,018253,,3,2,9,4000,0,2,4,,1,025,"LOS OSOS VALLEY ROAD","FOOTHILL ROAD",10560.00,W,N,A,-,N,,,,,,,,,,Y,4,0,1,1,C,-,18,,,N,H,H,A,A,H,-,D,D,0,,,,,Y,,-,"- ",0,0,1,0,0,0,0,0,0,"- ","- ",35.2943115234375,-120.75977325439453,"SAN LUIS OBISPO",UNINCORPORATED,-120.74387359619141,35.288528442382812
91826122,2022,2022-07-27,9745,2022-07-21,1539,017496,,4,2,9,4000,0,2,4,,1,048,"AVILA BEACH DRIVE","BABE LANE",1600.00,E,N,A,-,N,,,,,,,,,,N,3,0,1,3,A,-,17,22517,,N,B,C,A,A,H,-,A,D,0,,,Y,,Y,,A,08,0,1,0,0,0,0,0,0,1,"- ","- ",35.178489685058594,-120.74662017822266,"SAN LUIS OBISPO",UNINCORPORATED,-120.7469482421875,35.178363800048828
91826260,2022,2022-07-27,9740,2022-07-26,1410,020302,,2,2,9,4000,0,1,3,,2,011,SR-46W,"THEATRE DR.",220.00,W,N,A,-,Y,SLO,,46,,R,21.709,H,,R,Y,3,0,1,2,A,-,03,22350,,N,C,C,A,A,H,-,A,A,0,,,,,Y,,D,22,0,1,0,0,0,0,0,0,0,"- ","- ",35.588668823242188,-120.70018768310547,"SAN LUIS OBISPO",UNINCORPORATED,-120.70023345947266,35.588729858398438
91826535,2022,2022-07-27,9745,2022-07-24,1535,019070,,7,2,3,4001,0,1,2,,2,402,"US-101 NORTHBOUND","GRAND AVENUE",1000.00,N,N,A,-,Y,SLO,,101,,,13.400,H,,R,Y,3,0,1,2,A,-,07,21658,A,N,B,C,A,A,H,-,A,D,0,,,,,Y,,A,07,0,1,0,0,0,0,0,0,0,"- ","- ",35.122489929199219,-120.58740234375,"SAN LUIS OBISPO","ARROYO GRANDE",-120.58736419677734,35.122573852539062
91831257,2022,2022-08-02,9740,2022-07-31,1530,020841,,7,2,9,4000,0,1,2,,2,002,"US-101 NORTHBOUND","VINEYARD DR.",200.00,S,N,A,-,Y,SLO,,101,,,50.609,H,,R,Y,4,0,1,2,A,-,03,22350,,N,C,C,A,A,H,-,A,D,0,,,,,Y,,A,07,0,0,1,0,0,0,0,0,0,"- ","- ",35.543239593505859,-120.71417999267578,"SAN LUIS OBISPO",UNINCORPORATED,-120.71418762207031,35.543239593505859
91831321,2022,2022-08-02,9745,2022-07-29,1820,017496,,5,2,2,4005,0,1,2,,2,404,"US-101 SOUTHBOUND","SPYGLASS DRIVE",4200.00,S,N,A,-,Y,SLO,,101,,,19.004,H,,L,Y,3,0,1,2,A,-,03,22350,,N,C,C,A,A,H,-,A,D,0,,,,,Y,,A,07,0,1,0,0,0,0,0,0,0,"- ","- ",35.158870697021484,-120.67439270019531,"SAN LUIS OBISPO","PISMO BEACH",-120.6744384765625,35.158790588378906
91832203,2022,2022-08-03,9750,2022-07-31,1700,013267,,7,2,9,4000,0,1,3,,2,061,"RT 166","WINEMAN ROAD",690.00,W,N,A,-,Y,SLO,,166,,,9.881,H,,R,Y,2,0,1,1,A,-,03,22350,,N,F,A,A,A,H,-,A,D,0,,,Y,,Y,,C,02,1,0,0,0,0,0,0,0,1,"- ","- ",34.995121002197266,-120.41828918457031,"SAN LUIS OBISPO",UNINCORPORATED,-120.41830444335938,34.995208740234375
91832947,2022,2022-08-04,9745,2022-07-28,1545,017151,,4,2,9,4000,0,2,4,,1,024,"SOUTH BAY BLVD","TURRI RD.",3696.00,N,N,A,-,N,,,,,,,,,,Y,2,0,1,2,A,-,09,21804,A,N,D,G,A,A,H,-,A,D,0,,Y,,,Y,,L,04,1,0,0,0,0,0,1,0,0,"- ","- ",35.346599578857422,-120.82578277587891,"SAN LUIS OBISPO",UNINCORPORATED,-120.82573699951172,35.346408843994141
91833320,2022,2022-08-04,9740,2022-07-05,1903,020302,,2,2,3,4004,0,1,2,,2,003,"US-101 NORTHBOUND","S. SPRING ST.",4488.00,S,N,A,-,Y,SLO,,101,,,55.086,H,,R,Y,1,1,0,2,A,-,01,23152,A,N,B,2,A,A,H,-,A,D,0,,,,,Y,Y,A,01,0,0,0,0,0,0,0,0,0,"- ","- ",35.603031158447266,-120.6923828125,"SAN LUIS OBISPO","PASO ROBLES",-120.69240570068359,35.603031158447266
91833415,2022,2022-08-04,9745,2022-07-31,1510,017144,,7,2,9,4000,0,2,4,,1,038,"ORCUTT RD","AVOCADO LN",800.00,N,N,B,-,N,,,,,,,,,,N,3,0,1,2,A,-,08,22107,,N,B,G,A,A,H,-,A,D,0,,Y,,,Y,,L,04,0,1,0,0,0,0,1,0,0,"- ","- ",35.242950439453125,-120.61161041259766,"SAN LUIS OBISPO",UNINCORPORATED,-120.60594177246094,35.240020751953125
91834267,2022,2022-08-08,9745,2022-07-26,1248,017968,,2,1,9,4000,0,2,4,,1,046,"PRICE CANYON ROAD","W. ORMONDE ROAD",0.00,,Y,A,-,N,,,,,,,,,,Y,3,0,3,2,A,-,03,22350,,N,C,C,A,A,H,-,A,D,0,,,,,Y,,-,"- ",0,2,1,0,0,0,0,0,0,"- ","- ",35.178180694580078,-120.62093353271484,"SAN LUIS OBISPO",UNINCORPORATED,-120.62094116210938,35.178199768066406
91835159,2022,2022-08-08,9745,2022-07-29,2244,020773,,5,3,9,4000,0,2,4,,1,052,"THOMPSON AVE","SWALLOW LANE",1056.00,S,N,A,-,N,,,,,,,,,,Y,3,0,2,1,C,-,18,,,N,E,H,A,A,H,-,D,D,0,,,,,Y,,-,"- ",0,1,1,0,0,0,0,0,0,"- ","- ",35.026561737060547,-120.45834350585938,"SAN LUIS OBISPO",UNINCORPORATED,-120.45835113525391,35.026569366455078
91835518,2022,2022-08-08,9750,2022-07-28,2050,020907,,4,2,9,4000,0,1,2,,2,111,"US-101 N/B",SR-166,900.00,S,N,A,-,Y,SLO,,101,,,0.698,H,,R,N,4,0,2,2,A,-,07,21658,A,N,B,C,A,A,H,-,C,D,0,,,,,Y,,A,01,0,0,2,0,0,0,0,0,0,"- ","- ",34.994609832763672,-120.43433380126953,"SAN LUIS OBISPO",UNINCORPORATED,-120.43431854248047,34.994609832763672
91836345,2022,2022-08-09,9745,2022-08-02,1510,017151,,2,2,9,4000,0,3,5,,2,002,"WILLOW DRIVE","LOS OSOS VALLEY RD",205.00,N,N,A,-,N,,,,,,,,,,Y,3,0,1,2,A,-,08,22107,,N,A,C,A,A,H,-,A,D,0,,,,,Y,,A,07,0,1,0,0,0,0,0,0,0,"- ","- ",35.309280395507812,-120.82131958007812,"SAN LUIS OBISPO",UNINCORPORATED,-120.82139587402344,35.309059143066406
91838489,2022,2022-09-06,9745,2022-07-15,1730,018009,,5,2,9,4000,0,3,5,,2,005,"HUTTON RD","CUYAMA LANE",675.00,S,N,B,-,N,,,,,,,,,,Y,1,1,0,2,A,-,08,22107,,N,B,E,A,A,H,-,A,D,0,,,Y,,Y,,C,03,0,0,0,0,0,0,0,1,0,"- ","- ",34.994209289550781,-120.43531036376953,"SAN LUIS OBISPO",UNINCORPORATED,-120.43531799316406,34.994297027587891
91839196,2022,2022-08-12,9745,2022-08-02,1616,017968,,2,2,9,4000,0,1,3,,1,045,"RT 1","OLIVERA AVENUE",0.00,,Y,A,-,Y,SLO,,1,,,4.586,H,,R,Y,4,0,1,2,A,-,09,21804,A,N,D,C,A,A,H,-,A,D,0,,,,,Y,,A,01,0,0,1,0,0,0,0,0,0,"- ","- ",35.040180206298828,-120.56786346435547,"SAN LUIS OBISPO",UNINCORPORATED,-120.56785583496094,35.040180206298828
91839231,2022,2022-08-12,9745,2022-08-05,0612,017541,,5,1,9,4000,0,1,3,,1,043,SR-1,"WINTERHAVEN WAY",150.00,S,N,A,-,Y,SLO,,1,,,6.037,H,,R,Y,3,0,1,2,A,-,05,21460,A,N,A,C,A,A,H,-,D,D,0,,,,,Y,,A,01,0,1,0,0,0,0,0,0,0,"- ","- ",35.047088623046875,-120.58529663085938,"SAN LUIS OBISPO",UNINCORPORATED,-120.58530426025391,35.047260284423828
91839339,2022,2022-08-12,9745,2022-08-11,1813,020391,,4,2,9,4000,0,1,2,,2,404,"US-101 SOUTHBOUND","GRAND AVE",171.00,N,N,A,-,Y,SLO,,101,,,13.210,H,,L,N,3,0,2,3,A,-,03,22350,,N,C,C,A,A,H,-,A,D,0,,,,,Y,,D,22,0,1,1,0,0,0,0,0,0,"- ","- ",35.121551513671875,-120.58451843261719,"SAN LUIS OBISPO",UNINCORPORATED,-120.58453369140625,35.121513366699219
91841852,2022,2022-08-16,9740,2022-08-13,1050,019259,,6,1,9,4000,0,3,5,,2,024,"SANTA ROSA CREEK RD.","CYPRESS MOUNTAIN DR.",8976.00,W,N,A,-,N,,,,,,,,,,N,3,0,1,1,A,-,08,22107,,N,F,A,A,A,H,-,A,D,0,,,Y,,Y,,C,02,0,1,0,0,0,0,0,0,1,"- ","- ",35.567958831787109,-120.93943786621094,"SAN LUIS OBISPO",UNINCORPORATED,-120.93277740478516,35.56768798828125
91844570,2022,2022-08-19,9740,2022-08-16,0730,019259,,2,1,3,4004,0,1,2,,2,003,"US-101 SOUTHBOUND",SR-46W,40.00,N,N,A,-,Y,SLO,,101,,,54.127,H,,L,N,4,0,1,2,A,-,03,22350,,N,C,C,A,A,H,-,A,D,0,,,,,Y,,A,01,0,0,1,0,0,0,0,0,0,"- ","- ",35.58953857421875,-120.69570159912109,"SAN LUIS OBISPO","PASO ROBLES",-120.69566345214844,35.589534759521484
91845765,2022,2022-08-22,9750,2022-08-16,0756,016469,,2,1,9,4000,0,1,2,,2,111,"US-101 N/B",SR-166,1584.00,S,N,A,-,Y,SLO,,101,,,0.547,H,,R,N,4,0,1,2,A,-,03,22350,,N,C,C,A,A,H,-,A,D,0,,,,,Y,,A,07,0,0,1,0,0,0,0,0,0,"- ","- ",34.992401123046875,-120.43393707275391,"SAN LUIS OBISPO",UNINCORPORATED,-120.43399810791016,34.992393493652344
91846633,2022,2022-08-23,9740,2022-08-19,2058,020057,,5,2,9,4000,0,3,5,,2,023,"OLD CREEK RD.",SR-46W,13728.00,S,N,A,-,N,,,,,,,,,,Y,2,0,2,1,A,-,03,22350,,N,E,I,A,A,H,-,D,D,0,,,,,Y,,A,01,2,0,0,0,0,0,0,0,0,"- ","- ",35.504749298095703,-120.84616088867188,"SAN LUIS OBISPO",UNINCORPORATED,-120.84613037109375,35.504615783691406
91846973,2022,2022-09-14,9745,2022-08-09,1040,016390,,2,1,9,4000,0,1,3,,1,041,SR-1,"HALCYON RD.",0.00,,Y,A,-,Y,SLO,,1,,,10.992,H,,R,N,2,0,1,2,D,-,00,,,N,D,C,A,A,H,-,A,A,0,,,Y,,Y,,-,"- ",1,0,0,0,0,0,0,0,1,"- ","- ",35.098129272460938,-120.59239959716797,"SAN LUIS OBISPO",UNINCORPORATED,-120.59239959716797,35.098220825195312
91847049,2022,2022-08-23,9745,2022-08-13,1558,017709,,6,2,9,4000,0,2,4,,1,026,"PREFUMO CANYON RD.","CASTILLO CT",7920.00,S,N,A,-,N,,,,,,,,,,N,4,0,1,1,A,-,03,22350,,N,F,A,A,A,H,-,A,D,0,,,,,Y,,A,07,0,0,1,0,0,0,0,0,0,"- ","- ",35.26544189453125,-120.72817993164062,"SAN LUIS OBISPO",UNINCORPORATED,-120.69840240478516,35.263530731201172
91847650,2022,2022-08-24,9745,2022-08-13,1935,017817,,6,2,9,4000,0,2,4,,2,047,"LOPEZ DR.","GRIEB RANCH WAY",450.00,W,N,A,-,N,,,,,,,,,,Y,2,0,1,1,A,-,08,22107,,N,E,I,A,A,H,-,A,D,0,,,,,Y,,A,01,1,0,0,0,0,0,0,0,0,"- ","- ",35.184299468994141,-120.50160980224609,"SAN LUIS OBISPO",UNINCORPORATED,-120.50142669677734,35.1844482421875
9184767,2020,2021-02-04,4004,2020-11-05,1422,1349,,4,5,3,4004,0,0,0,,0,,"SPRING ST","5TH ST",0.00,,Y,A,-,N,,,,,,,,,,N,4,0,1,2,A,-,03,22350,,N,C,C,A,A,H,-,A,D,0,,,,,Y,,A,01,0,0,1,0,0,0,0,0,0,"- ","- ",35.619400024414062,-120.69082641601562,"SAN LUIS OBISPO","PASO ROBLES",-120.69078826904297,35.619419097900391