CASE_ID,ACCIDENT_YEAR,PROC_DATE,JURIS,COLLISION_DATE,COLLISION_TIME,OFFICER_ID,REPORTING_DISTRICT,DAY_OF_WEEK,CHP_SHIFT,POPULATION,CNTY_CITY_LOC,SPECIAL_COND,BEAT_TYPE,CHP_BEAT_TYPE,CITY_DIVISION_LAPD,CHP_BEAT_CLASS,BEAT_NUMBER,PRIMARY_RD,SECONDARY_RD,DISTANCE,DIRECTION,INTERSECTION,WEATHER_1,WEATHER_2,STATE_HWY_IND,CALTRANS_COUNTY,CALTRANS_DISTRICT,STATE_ROUTE,ROUTE_SUFFIX,POSTMILE_PREFIX,POSTMILE,LOCATION_TYPE,RAMP_INTERSECTION,SIDE_OF_HWY,TOW_AWAY,COLLISION_SEVERITY,NUMBER_KILLED,NUMBER_INJURED,PARTY_COUNT,PRIMARY_COLL_FACTOR,PCF_CODE_OF_VIOL,PCF_VIOL_CATEGORY,PCF_VIOLATION,PCF_VIOL_SUBSECTION,HIT_AND_RUN,TYPE_OF_COLLISION,MVIW,PED_ACTION,ROAD_SURFACE,ROAD_COND_1,ROAD_COND_2,LIGHTING,CONTROL_DEVICE,CHP_ROAD_TYPE,PEDESTRIAN_ACCIDENT,BICYCLE_ACCIDENT,MOTORCYCLE_ACCIDENT,TRUCK_ACCIDENT,NOT_PRIVATE_PROPERTY,ALCOHOL_INVOLVED,STWD_VEHTYPE_AT_FAULT,CHP_VEHTYPE_AT_FAULT,COUNT_SEVERE_INJ,COUNT_VISIBLE_INJ,COUNT_COMPLAINT_PAIN,COUNT_PED_KILLED,COUNT_PED_INJURED,COUNT_BICYCLIST_KILLED,COUNT_BICYCLIST_INJURED,COUNT_MC_KILLED,COUNT_MC_INJURED,PRIMARY_RAMP,SECONDARY_RAMP,LATITUDE,LONGITUDE,COUNTY,CITY,POINT_X,POINT_Y
92175247,2023,2023-09-20,9745,2023-09-15,"620 ",016542,,5,1,9,4000,0,1,3,,1,045,SR-1,"DIVISON STREET",0.13,S,N,B,-,N,,,,,,,,,,N,4,0,2,2,A,-,03,22350,,N,C,C,A,A,H,-,A,D,0,,,,,Y,,A,07,0,0,2,0,0,0,0,0,0,"- ","- ",34.98876953125,-120.570556640625,"SAN LUIS OBISPO",UNINCORPORATED,-120.570556640625,34.98876953125
92176042,2023,2023-09-21,9750,2023-09-16,1030,019070,,6,1,9,4000,0,2,S,,2,904,"BULL CANYON ROAD","STATE ROUTE 166",300.00,S,N,A,-,N,,,,,,,,,,N,2,0,1,2,A,-,06,21750,A,F,H,G,A,A,H,-,A,D,0,,Y,,,Y,,E,22,1,0,0,0,0,0,1,0,0,"- ","- ",34.996608734130859,-120.38041687011719,"SAN LUIS OBISPO",UNINCORPORATED,-120.38031005859375,34.996868133544922
92176516,2023,2023-10-02,9745,2023-09-20,"934 ",017541,,3,1,4,4006,0,1,2,,2,505,"US 101 SOUTHBOUND",SR-166,2640.00,N,N,A,-,Y,SLO,,101," "," ",1.324,H,,L,Y,4,0,1,2,A,-,01,23152,A,N,C,C,A,A,H,-,A,D,0,,,,,Y,Y,A,01,0,0,1,0,0,0,0,0,0,"- ","- ",35.002670288085938,-120.43900299072266,"SAN LUIS OBISPO","SAN LUIS OBISPO",-120.43901062011719,35.002662658691406
9217691,2021,2021-03-15,4006,2021-01-05,1907,98137,,2,5,4,4006,0,0,0,,0,,"SANTA ROSA",HIGUERA,0.00,,Y,A,-,N,,,,,,,,,,Y,4,0,1,2,A,-,12,21453,A,N,D,C,A,A,H,-,B,A,0,,,,,Y,,-,,0,0,1,0,0,0,0,0,0,"- ","- ",35.281990051269531,-120.65939331054688,"SAN LUIS OBISPO","SAN LUIS OBISPO",-120.65940093994141,35.281970977783203
92177430,2023,2023-09-22,9745,2023-09-18,"654 ",017709,,1,1,9,4000,0,1,2,,2,505,"US-101 NORTHBOUND","TEFFT STREET",10560.00,S,N,A,-,Y,SLO,,101," "," ",2.795,H,,R,N,4,0,1,2,A,-,03,22350,,M,D,C,A,A,H,-,A,D,0,,,,,Y,,A,01,0,0,1,0,0,0,0,0,0,"- ","- ",35.014930725097656,-120.46022033691406,"SAN LUIS OBISPO",UNINCORPORATED,-120.46019744873047,35.014957427978516
92178629,2023,2023-09-25,9745,2023-09-16,2224,018009,,6,3,9,4000,0,1,3,,1,045,"SR-1 SOUTHBOUND","OSO FLACO LAKE RD",450.00,N,N,A,-,Y,SLO,,1," "," ",2.412,H,,L,Y,2,0,2,2,A,-,01,23152,A,N,A,C,A,A,H,-,D,D,0,,,,,Y,Y,A,01,1,1,0,0,0,0,0,0,0,"- ","- ",35.011829376220703,-120.56709289550781,"SAN LUIS OBISPO",UNINCORPORATED,-120.56714630126953,35.011848449707031
92178973,2023,2023-09-25,9745,2023-09-21,2005,020391,,4,2,9,4000,0,1,2,,2,505,"US-101 NORTHBOUND","TEFFT ST",350.00,S,N,A,-,Y,SLO,,101," "," ",4.750,H,,R,Y,4,0,1,1,A,-,08,22107,,N,E,I,A,A,H,-,C,D,0,,,,,Y,,-,"- ",0,0,1,0,0,0,0,0,0,"- ","- ",35.035900115966797,-120.48329162597656,"SAN LUIS OBISPO",UNINCORPORATED,-120.48337554931641,35.035839080810547
92178989,2023,2023-09-25,9745,2023-09-22,1340,020773,,5,1,9,4000,0,1,2,,2,505,"US-101 SOUTHBOUND","HEMI ROAD",1000.00,S,N,A,-,Y,SLO,,101," "," ",9.720,H,,L,N,4,0,1,2,A,-,03,22350,,N,C,C,A,A,H,-,A,D,0,,,,,Y,,A,01,0,0,1,0,0,0,0,0,0,"- ","- ",35.089488983154297,-120.53885650634766,"SAN LUIS OBISPO",UNINCORPORATED,-120.53888702392578,35.089458465576172
92179009,2023,2023-09-25,9745,2023-09-24,1715,019070,,7,2,9,4000,0,1,2,,2,505,"US-101 NORTHBOUND","LOS BERROS ROAD",528.00,S,N,A,-,Y,SLO,,101," "," ",7.669,H,,R,Y,3,0,3,3,A,-,03,22350,,N,C,C,A,A,H,-,A,D,0,,,,,Y,,A,08,0,3,0,0,0,0,0,0,0,"- ","- ",35.069728851318359,-120.51419830322266,"SAN LUIS OBISPO",UNINCORPORATED,-120.51421356201172,35.069721221923828
92180020,2023,2023-09-26,9740,2023-09-18,1120,017498,,1,1,9,4000,0,1,2,,2,004,"US-101 SOUTHBOUND","EXLINE RD",0.00,,Y,B,-,Y,SLO,,101," "," ",60.982,H,,L,Y,3,0,1,2,A,-,09,21801,A,N,D,C,A,A,H,-,A,D,0,,,,,Y,,A,01,0,1,0,0,0,0,0,0,0,"- ","- ",35.682659149169922,-120.69698333740234,"SAN LUIS OBISPO",UNINCORPORATED,-120.69699096679688,35.682659149169922
92180077,2023,2023-09-26,9740,2023-09-21,1615,022034,,4,2,9,4000,0,1,2,,2,004,"US-101 NORTHBOUND","EXLINE ROAD",0.00,,Y,A,-,Y,SLO,,101," "," ",60.978,H,,R,Y,3,0,3,2,A,-,09,21802,A,N,D,C,A,D,H,-,A,D,0,,,,,Y,,A,07,0,3,0,0,0,0,0,0,0,"- ","- ",35.682640075683594,-120.69671630859375,"SAN LUIS OBISPO",UNINCORPORATED,-120.69674682617188,35.682640075683594
92181312,2023,2023-09-27,9745,2023-09-19,1900,018253,,2,2,9,4000,0,3,5,,2,004,"OSO FLACO LAKE ROAD",SR-1,10560.00,W,N,A,-,N,,,,,,,,,,Y,2,0,1,2,A,-,01,23152,A,F,B,C,A,A,H,-,D,D,0,,,,,Y,Y,A,01,1,0,0,0,0,0,0,0,0,"- ","- ",35.020168304443359,-120.60057067871094,"SAN LUIS OBISPO",UNINCORPORATED,-120.60090637207031,35.020229339599609
9218624,2020,2021-02-08,4006,2020-12-29,1916,68099,,2,5,4,4006,0,0,0,,0,,CALIFORNIA,"RT 101",0.00,,Y,A,-,N,,,,,,,,,,N,4,0,1,2,A,-,09,21802,,N,D,C,A,A,H,-,C,A,0,,,,,Y,Y,A,07,0,0,1,0,0,0,0,0,0,"- ","- ",35.289299011230469,-120.65811157226562,"SAN LUIS OBISPO","SAN LUIS OBISPO",-120.65944671630859,35.289958953857422
9218671,2020,2021-03-05,4001,2020-12-24,2012,P0148,463,4,5,3,4001,0,0,0,,0,OPERAT,"FAIR OAKS AV","ORCHARD ST",0.00,,Y,A,-,Y,SLO,5,101,-,-,12.930,R,4,S,Y,4,0,1,2,A,-,01,23152,A,N,C,C,A,A,H,-,C,A,0,,,,,Y,Y,A,01,0,0,1,0,0,0,0,0,0,"- ","- ",,,"SAN LUIS OBISPO","ARROYO GRANDE",-120.57987213134766,35.119915008544922
92187997,2023,2023-10-02,9740,2023-08-26,2109,020894,,6,2,9,4000,0,3,5,,2,024,"SAN SIMEON AVE.","HEARST DR.",350.00,W,N,A,-,N,,,,,,,,,,N,2,0,2,3,A,-,21,22106,,F,G,B,E,A,H,-,D,D,0,Y,,,,Y,Y,A,07,1,1,0,0,2,0,0,0,0,"- ","- ",35.612419128417969,-121.1456298828125,"SAN LUIS OBISPO",UNINCORPORATED,-121.14551544189453,35.612373352050781
92188241,2023,2023-11-07,9745,2023-09-13,"950 ",016542,,3,1,9,4000,0,2,4,,2,047,"LOPEZ DR","ORCUTT RD",1584.00,W,N,A,-,N,,,,,,,,,,N,3,0,1,1,A,-,08,22107,,N,E,A,A,A,H,-,A,D,0,,Y,,,Y,,L,04,0,1,0,0,0,0,1,0,0,"- ","- ",35.168258666992188,-120.53276062011719,"SAN LUIS OBISPO",UNINCORPORATED,-120.53241729736328,35.168670654296875
92189222,2023,2023-10-03,9740,2023-09-25,1125,017952,,1,1,9,4000,0,1,3,,1,009,"SR-46 (EAST)","CHOLAME VALLEY RD.",0.00,,Y,A,-,Y,SLO,,46," "," ",54.958,H,,R,Y,3,0,1,2,A,-,09,21802,A,N,D,C,A,A,H,-,A,A,0,,,,Y,Y,,A,01,0,1,0,0,0,0,0,0,0,"- ","- ",35.734088897705078,-120.28704071044922,"SAN LUIS OBISPO",UNINCORPORATED,-120.28701782226562,35.734024047851562
92192070,2023,2023-10-05,9740,2023-09-28,"745 ",019486,,4,1,9,4000,0,3,5,,2,021,"LAS TABLAS RD.","DUNCAN RD.",15.00,E,N,A,-,N,,,,,,,,,,Y,4,0,2,2,A,-,03,22350,,N,C,C,A,A,H,-,A,A,0,,,,,Y,,A,01,0,0,2,0,0,0,0,0,0,"- ","- ",35.554359436035156,-120.71302032470703,"SAN LUIS OBISPO",UNINCORPORATED,-120.71311950683594,35.554389953613281
92192306,2023,2023-10-05,9740,2023-09-29,"835 ",019486,,5,1,9,4000,0,2,4,,2,012,"NACIMIENTO LAKE DR. (G-14)","SAN MARCOS RD.",40.00,W,N,A,-,N,,,,,,,,,,Y,4,0,1,2,A,-,03,22350,,N,C,2,A,A,H,-,A,D,0,,,,,Y,,D,22,0,0,1,0,0,0,0,0,0,"- ","- ",35.688438415527344,-120.76441192626953,"SAN LUIS OBISPO",UNINCORPORATED,-120.76441955566406,35.688396453857422
92192470,2023,2023-10-05,9740,2023-09-29,1910,020757,,5,2,9,4000,0,3,5,,2,017,"CARMEL RD.","TORREON RD.",370.00,S,N,A,-,N,,,,,,,,,,N,2,0,1,1,A,-,03,22350,,N,F,A,A,A,H,-,D,D,0,,Y,,,Y,Y,L,04,1,0,0,0,0,0,1,0,0,"- ","- ",35.448448181152344,-120.62178802490234,"SAN LUIS OBISPO",UNINCORPORATED,-120.62190246582031,35.448448181152344
92193165,2023,2023-10-06,9750,2023-04-07,"804 ",015915,,5,1,9,4000,0,1,3,,1,063,"SR-166 (CUYAMA HIGHWAY)","SIERRA MADRE ROAD",5280.00,E,N,A,-,Y,SLO,,166," ",R,35.061,H,,R,Y,1,1,1,1,A,-,08,22107,,N,E,8,A,A,H,-,A,D,0,,,,,Y,,D,22,1,0,0,0,0,0,0,0,0,"- ","- ",35.109348297119141,-120.08206939697266,"SAN LUIS OBISPO",UNINCORPORATED,-120.08205413818359,35.109378814697266
92193759,2023,2023-10-09,9745,2023-09-26,"815 ",023476,,2,1,2,4005,0,1,2,,2,404,"US-101 NORTHBOUND","PRICE ST",250.00,S,N,A,-,Y,SLO,,101," "," ",16.205,H,,R,N,4,0,1,3,A,-,03,22350,,N,C,C,A,A,H,-,A,D,0,,,,,Y,,A,07,0,0,1,0,0,0,0,0,0,"- ","- ",35.138729095458984,-120.63256072998047,"SAN LUIS OBISPO","PISMO BEACH",-120.63255310058594,35.138751983642578
92193763,2023,2023-10-09,9745,2023-09-28,2142,017151,,4,2,9,4000,0,1,3,,1,043,"SR-1 SOUTHBOUND","RALCOA WAY",147.00,N,N,B,-,Y,SLO,,1," "," ",5.839,H,,L,Y,3,0,3,3,A,-,03,22350,,N,D,C,A,A,H,-,D,D,0,,,,,Y,Y,A,01,0,3,0,0,0,0,0,0,0,"- ","- ",35.047260284423828,-120.58186340332031,"SAN LUIS OBISPO",UNINCORPORATED,-120.58186340332031,35.047267913818359
92194633,2023,2023-10-09,9740,2023-10-03,1714,020757,,2,2,9,4000,0,1,2,,2,004,"US-101 NORTHBOUND","EXLINE RD.",40.00,N,N,A,-,Y,SLO,,101," "," ",60.996,H,,R,Y,4,0,2,2,A,-,03,22350,,N,C,C,A,A,H,-,A,D,0,,,,,Y,,D,22,0,0,2,0,0,0,0,0,0,"- ","- ",35.682899475097656,-120.69671630859375,"SAN LUIS OBISPO",UNINCORPORATED,-120.69674682617188,35.682899475097656
9219469,2021,2021-03-13,4004,2021-01-11,1246,1384,,1,5,3,4004,0,0,0,,0,,"NIBLICK RD","RIVER RD",228.00,W,N,A,-,N,,,,,,,,,,N,3,0,1,2,A,-,05,21650,1,N,D,G,A,A,H,-,A,D,0,,Y,,,Y,,L,04,0,1,0,0,0,0,1,0,0,"- ","- ",35.615009307861328,-120.68020629882812,"SAN LUIS OBISPO","PASO ROBLES",-120.68103790283203,35.615028381347656
92194702,2023,2023-10-09,9745,2023-09-30,"40  ",017151,,6,3,9,4000,0,3,5,,2,002,"SEE CANYON RD","BLACK WALNUT RD.",3696.00,N,N,B,-,N,,,,,,,,,,Y,3,0,1,1,A,-,01,23152,A,N,E,I,A,B,H,-,D,D,0,,,,,Y,Y,A,01,0,1,0,0,0,0,0,0,0,"- ","- ",35.235759735107422,-120.76368713378906,"SAN LUIS OBISPO",UNINCORPORATED,-120.75418853759766,35.233360290527344
92194743,2023,2023-10-09,9740,2023-10-06,2200,019800,,5,3,9,4000,0,1,3,,2,011,"SR-46 (WEST)","CAMINO DEL CAPITAN",4752.00,W,N,A,-,Y,SLO,,46," ",R,9.187,H,,R,Y,4,0,1,1,C,-,18,,,N,H,H,A,A,H,-,D,D,0,,,,,Y,,-,"- ",0,0,1,0,0,0,0,0,0,"- ","- ",35.541469573974609,-120.89594268798828,"SAN LUIS OBISPO",UNINCORPORATED,-120.89595794677734,35.541439056396484
92194753,2023,2023-10-09,9745,2023-10-05,"900 ",020619,,4,1,9,4000,0,1,2,,1,101,"US-101 SOUTHBOUND",SR-58,750.00,S,N,A,-,Y,SLO,,101," "," ",37.705,H,,L,Y,3,0,2,2,A,-,03,22350,,N,C,D,A,A,H,-,A,D,0,,,,,Y,,A,01,0,1,1,0,0,0,0,0,0,"- ","- ",35.381320953369141,-120.63214874267578,"SAN LUIS OBISPO",UNINCORPORATED,-120.63217926025391,35.381336212158203
92195743,2023,2023-10-10,9740,2023-10-10,"345 ",020302,,2,3,4,4008,0,1,2,,2,002,"US-101 NORTHBOUND","SAN ANSELMO RD.",1305.00,N,N,A,-,Y,SLO,,101," "," ",47.119,H,,R,N,4,0,1,1,C,-,18,,,N,H,H,A,A,H,-,D,D,0,,,,,Y,,-,"- ",0,0,1,0,0,0,0,0,0,"- ","- ",35.499439239501953,-120.68633270263672,"SAN LUIS OBISPO",ATASCADERO,-120.68634033203125,35.499431610107422
92196632,2023,2023-10-11,9745,2023-10-07,"357 ",019070,,6,3,3,4001,0,1,2,,2,402,"US-101 SOUTHBOUND","FAIR OAKS AVE",1056.00,S,N,A,-,Y,SLO,,101," "," ",12.545,H,,L,N,4,0,2,1,C,-,18,,,N,H,H,A,A,H,-,C,D,0,,,,,Y,,-,"- ",0,0,2,0,0,0,0,0,0,"- ","- ",35.116611480712891,-120.57437896728516,"SAN LUIS OBISPO","ARROYO GRANDE",-120.57437896728516,35.116615295410156
92196635,2023,2023-10-11,9745,2023-10-09,2220,017151,,1,3,9,4000,0,3,5,,2,004,"VALLEY RD.","SUNRISE TERRACE",528.00,E,N,A,-,N,,,,,,,,,,Y,4,0,1,1,A,-,08,22107,,N,F,A,A,A,H,-,D,D,0,,,,,Y,,-,"- ",0,0,1,0,0,0,0,0,0,"- ","- ",35.108840942382812,-120.58132934570312,"SAN LUIS OBISPO",UNINCORPORATED,-120.58151245117188,35.106708526611328
92196680,2023,2023-10-11,9740,2023-10-08,"6   ",023285,,7,3,9,4000,0,1,3,,1,014,SR-1,"HARMONY VALLEY RD.",0.00,,Y,E,-,Y,SLO,,1," "," ",44.093,H,,R,Y,3,0,1,1,A,-,08,22107,,N,E,I,A,A,H,-,D,D,0,,,,,Y,,D,22,0,1,0,0,0,0,0,0,0,"- ","- ",35.507381439208984,-121.02201843261719,"SAN LUIS OBISPO",UNINCORPORATED,-121.02214813232422,35.507228851318359
92197822,2023,2023-10-13,9745,2023-09-30,"308 ",017144,,6,3,2,4005,0,1,2,,2,404,"PRICE ST. ON-RAMP TO US-101 S/B","OCEAN VIEW AVE",190.00,S,N,B,C,Y,,,,,,,,,,N,3,0,1,1,A,-,01,23152,A,N,E,I,A,B,H,-,C,D,0,,,,,Y,Y,D,22,0,1,0,0,0,0,0,0,0,"- ","- ",35.139579772949219,-120.63703155517578,"SAN LUIS OBISPO","PISMO BEACH",-120.63710021972656,35.1396484375
92198448,2023,2023-10-13,9745,2023-10-06,1720,020391,,5,2,9,4000,0,3,5,,2,005,"DIVISION STREET","ORCHARD RD",82.00,E,N,A,-,N,,,,,,,,,,N,4,0,3,2,A,-,01,23152,A,M,D,C,A,A,H,-,A,A,0,,,,,Y,Y,A,07,0,0,3,0,0,0,0,0,0,"- ","- ",35.022159576416016,-120.48851776123047,"SAN LUIS OBISPO",UNINCORPORATED,-120.48858642578125,35.022182464599609
92198882,2023,2023-10-13,9745,2023-10-06,"755 ",016390,,5,1,9,4000,0,1,2,,2,505,"US-101 N/B","TOWER GROVE ROAD",220.00,S,N,A,-,Y,SLO,,101," "," ",9.615,H,,R,N,4,0,1,2,A,-,03,22350,,N,C,C,A,A,H,-,A,D,0,,,,,Y,,A,08,0,0,1,0,0,0,0,0,0,"- ","- ",35.08905029296875,-120.53681945800781,"SAN LUIS OBISPO",UNINCORPORATED,-120.53681945800781,35.089046478271484
92200213,2023,2023-10-16,9740,2023-10-07,2345,022634,,6,3,9,4000,0,3,5,,2,022,"CHIMNEY ROCK RD.","NACIMIENTO LAKE DR. (G-14)",19536.00,W,N,A,-,N,,,,,,,,,,Y,3,0,2,1,A,-,01,23152,A,N,F,A,A,A,H,-,D,D,0,,,,,Y,Y,A,07,0,2,0,0,0,0,0,0,0,"- ","- ",35.673759460449219,-120.85128021240234,"SAN LUIS OBISPO",UNINCORPORATED,-120.84953308105469,35.673873901367188
92200906,2023,2023-10-25,9745,2023-10-12,"753 ",017541,,4,1,9,4000,0,1,2,,2,404,"US 101 NORTHBOUND","FRADY LN",50.00,N,N,A,-,Y,SLO,,101," "," ",16.240,H,,R,Y,3,0,2,3,A,-,03,22350,,N,C,C,A,A,H,-,A,D,0,,,,,Y,,A,07,0,1,1,0,0,0,0,0,0,"- ","- ",35.138858795166016,-120.63311767578125,"SAN LUIS OBISPO",UNINCORPORATED,-120.63311767578125,35.138874053955078
92201093,2023,2023-10-17,9740,2023-10-12,1307,019486,,4,1,9,4000,0,3,5,,2,022,"ADELAIDA RD.","VINEYARD DR.",3168.00,W,N,A,-,N,,,,,,,,,,Y,4,0,1,1,A,-,08,22107,,N,E,I,A,A,H,-,A,D,0,,,,,Y,,A,07,0,0,1,0,0,0,0,0,0,"- ","- ",35.640979766845703,-120.8431396484375,"SAN LUIS OBISPO",UNINCORPORATED,-120.86145782470703,35.640129089355469
92201385,2023,2023-10-17,9745,2023-10-14,2103,019070,,6,2,9,4000,0,2,4,,1,052,"THOMPSON AVENUE","MEHLSCHAU ROAD",57.00,N,N,A,-,N,,,,,,,,,,N,2,0,1,2,A,-,11,21954,A,N,G,B,D,A,H,-,C,D,0,Y,,,,Y,Y,N,60,1,0,0,0,1,0,0,0,0,"- ","- ",35.052871704101562,-120.4869384765625,"SAN LUIS OBISPO",UNINCORPORATED,-120.48677062988281,35.052764892578125
9220260,2020,2021-02-26,4004,2020-12-24,1056,1351,,4,5,3,4004,0,0,0,,0,,"RT 46 E","AIRPORT RD",150.00,W,N,A,-,Y,SLO,5,46,-,-,32.330,H,-,E,Y,2,0,6,3,A,-,01,23152,F,N,A,C,A,A,H,-,A,A,0,,,,Y,Y,,A,01,3,2,1,0,0,0,0,0,0,"- ","- ",35.643280029296875,-120.64872741699219,"SAN LUIS OBISPO","PASO ROBLES",-120.64015960693359,35.644546508789062
92206040,2023,2023-10-23,9740,2023-10-20,1520,020057,,5,2,9,4000,0,1,3,,2,006,SR-41,SR-229,0.00,,Y,A,-,Y,SLO,,41," "," ",27.981,H,,R,Y,3,0,1,2,A,-,08,22107,,N,A,C,A,A,H,-,A,A,0,,,,,Y,,D,22,0,1,0,0,0,0,0,0,0,"- ","- ",35.534198760986328,-120.52606201171875,"SAN LUIS OBISPO",UNINCORPORATED,-120.52605438232422,35.534347534179688
92207127,2023,2023-10-24,9740,2023-10-23,1625,020757,,1,2,9,4000,0,1,2,,2,002,"US-101 NORTHBOUND","MAIN ST.",2285.00,S,N,A,-,Y,SLO,,101," "," ",51.997,H,,R,Y,4,0,2,2,A,-,03,22350,,N,C,C,A,A,H,-,A,D,0,,,,,Y,,A,01,0,0,2,0,0,0,0,0,0,"- ","- ",35.560558319091797,-120.70632171630859,"SAN LUIS OBISPO",UNINCORPORATED,-120.70629119873047,35.560543060302734
92208097,2023,2023-10-25,9745,2023-10-15,1150,017709,,7,1,2,4005,0,1,2,,2,404,"US-101 NORTHBOUND","HINDS AVE",3696.00,S,N,A,-,Y,SLO,,101," "," ",16.240,H,,R,N,4,0,2,2,A,-,01,23152,A,N,C,C,A,A,H,-,A,D,0,,,,,Y,Y,A,01,0,0,2,0,0,0,0,0,0,"- ","- ",35.138881683349609,-120.63311767578125,"SAN LUIS OBISPO","PISMO BEACH",-120.63311767578125,35.138874053955078
92208700,2023,2023-10-25,9750,2023-10-20,1430,020765,,5,2,9,4000,0,1,3,,2,061,SR-166,"BULL CANYON ROAD",2112.00,W,N,A,-,Y,SLO,,166," "," ",11.805,H,,R,Y,3,0,1,2,A,-,08,22107,,M,F,0,A,A,H,-,A,D,0,,,,Y,Y,Y,D,22,0,1,0,0,0,0,0,0,0,"- ","- ",34.998821258544922,-120.385986328125,"SAN LUIS OBISPO",UNINCORPORATED,-120.38599395751953,34.998794555664062
9221095,2021,2021-03-26,4006,2021-02-03,1713,89870,,3,5,4,4006,0,0,0,,0,,MORRO,MARSH,0.00,,Y,A,-,N,,,,,,,,,,N,3,0,1,2,B,-,22,,,N,H,A,A,A,H,-,B,A,0,,Y,,,Y,,-,"- ",0,1,0,0,0,0,1,0,0,"- ","- ",35.164699554443359,-120.39389801025391,"SAN LUIS OBISPO","SAN LUIS OBISPO",-120.66101837158203,35.279811859130859
9221440,2021,2021-02-18,4004,2021-01-15,1357,575,,5,5,3,4004,0,0,0,,0,,"RT 101","RT 46 E",0.00,,Y,A,-,Y,SLO,5,101,-,-,57.800,R,1,N,N,4,0,1,2,A,-,03,22350,,N,C,C,A,A,H,-,A,A,0,,,,,Y,,A,01,0,0,1,0,0,0,0,0,0,NF,"- ",35.642768859863281,-120.68425750732422,"SAN LUIS OBISPO","PASO ROBLES",-120.68431091308594,35.6409912109375
9221579,2021,2021-03-01,4006,2021-01-20,1145,89870,,3,5,4,4006,0,0,0,,0,,"RT 227",PERKINS,0.00,N,N,A,-,N,,,,,,,,,,Y,2,0,1,1,A,-,08,22107,,N,E,I,A,A,H,-,A,D,0,,,,,Y,,D,22,1,0,0,0,0,0,0,0,0,"- ","- ",35.154800415039062,-120.39060211181641,"SAN LUIS OBISPO","SAN LUIS OBISPO",-120.65151977539062,35.263404846191406
9222172,2021,2021-03-22,4008,2021-01-27,1705,3113,A,3,5,4,4008,0,0,0,,0,,"MORRO RD","OLD MORRO RD",1632.00,W,N,C,-,Y,SLO,5,41,-,-,12.280,H,-,S,Y,3,0,1,1,A,-,03,22350,,N,E,I,A,B,H,-,B,D,0,,,,,Y,,A,07,0,1,0,0,0,0,0,0,0,"- ","- ",35.451229095458984,-120.69732666015625,"SAN LUIS OBISPO",ATASCADERO,-120.70246124267578,35.451145172119141
92222912,2023,2023-10-30,9745,2023-10-20,"145 ",017144,,5,3,9,4000,0,1,3,,1,021,"CAYUCOS DR. ON-RAMP TO SR-1 N/B","CAYUCOS DR",10.00,N,N,B,-,Y,,,,,,,,,,N,3,0,1,1,A,-,08,22107,,N,E,8,A,A,H,-,C,D,0,,,,,Y,,A,01,0,1,0,0,0,0,0,0,0,"- ","- ",35.453601837158203,-120.90292358398438,"SAN LUIS OBISPO",UNINCORPORATED,,
92224669,2023,2023-10-31,9745,2023-10-26,"538 ",017541,,4,3,9,4000,0,2,4,,1,058,"ORCHARD RD","CHERRY BLOSSOM PL",1584.00,S,N,A,-,N,,,,,,,,,,Y,2,0,1,1,A,-,08,22107,,N,E,I,A,A,H,-,D,D,0,,,,,Y,,D,22,1,0,0,0,0,0,0,0,0,"- ","- ",35.004310607910156,-120.46011352539062,"SAN LUIS OBISPO",UNINCORPORATED,-120.45941925048828,35.003776550292969
92224708,2023,2023-10-31,9745,2023-10-26,1745,017151,,4,2,9,4000,0,3,5,,2,004,"21ST STREET","BEACH ST",0.00,,Y,A,-,N,,,,,,,,,,Y,3,0,1,2,A,-,09,21802,A,N,D,C,A,D,H,-,A,D,0,,,,,Y,,D,22,0,1,0,0,0,0,0,0,0,"- ","- ",35.099151611328125,-120.60906982421875,"SAN LUIS OBISPO",UNINCORPORATED,-120.60909271240234,35.09918212890625
92227507,2023,2023-11-03,9745,2023-10-17,"900 ",023476,,2,1,9,4000,0,2,4,,1,051,"LOS BERROS RD","QUAILWOOD LN",70.00,W,N,A,-,N,,,,,,,,,,Y,4,0,1,1,A,-,08,22107,,N,E,8,A,A,H,-,A,D,0,,,,,Y,,A,01,0,0,1,0,0,0,0,0,0,"- ","- ",35.076770782470703,-120.52490234375,"SAN LUIS OBISPO",UNINCORPORATED,-120.52480316162109,35.076732635498047
92227593,2023,2023-11-03,9745,2023-10-26,"900 ",020619,,4,1,2,4005,0,1,2,,2,404,"US-101 NORTHBOUND","SPYGLASS DR",1320.00,S,N,A,-,Y,SLO,,101," "," ",16.212,H,,R,Y,4,0,2,3,A,-,03,22350,,N,C,C,A,D,H,-,E,D,0,,,,,Y,,A,07,0,0,2,0,0,0,0,0,0,"- ","- ",35.138740539550781,-120.63268280029297,"SAN LUIS OBISPO","PISMO BEACH",-120.63266754150391,35.138778686523438