CASE_ID,ACCIDENT_YEAR,PROC_DATE,JURIS,COLLISION_DATE,COLLISION_TIME,OFFICER_ID,REPORTING_DISTRICT,DAY_OF_WEEK,CHP_SHIFT,POPULATION,CNTY_CITY_LOC,SPECIAL_COND,BEAT_TYPE,CHP_BEAT_TYPE,CITY_DIVISION_LAPD,CHP_BEAT_CLASS,BEAT_NUMBER,PRIMARY_RD,SECONDARY_RD,DISTANCE,DIRECTION,INTERSECTION,WEATHER_1,WEATHER_2,STATE_HWY_IND,CALTRANS_COUNTY,CALTRANS_DISTRICT,STATE_ROUTE,ROUTE_SUFFIX,POSTMILE_PREFIX,POSTMILE,LOCATION_TYPE,RAMP_INTERSECTION,SIDE_OF_HWY,TOW_AWAY,COLLISION_SEVERITY,NUMBER_KILLED,NUMBER_INJURED,PARTY_COUNT,PRIMARY_COLL_FACTOR,PCF_CODE_OF_VIOL,PCF_VIOL_CATEGORY,PCF_VIOLATION,PCF_VIOL_SUBSECTION,HIT_AND_RUN,TYPE_OF_COLLISION,MVIW,PED_ACTION,ROAD_SURFACE,ROAD_COND_1,ROAD_COND_2,LIGHTING,CONTROL_DEVICE,CHP_ROAD_TYPE,PEDESTRIAN_ACCIDENT,BICYCLE_ACCIDENT,MOTORCYCLE_ACCIDENT,TRUCK_ACCIDENT,NOT_PRIVATE_PROPERTY,ALCOHOL_INVOLVED,STWD_VEHTYPE_AT_FAULT,CHP_VEHTYPE_AT_FAULT,COUNT_SEVERE_INJ,COUNT_VISIBLE_INJ,COUNT_COMPLAINT_PAIN,COUNT_PED_KILLED,COUNT_PED_INJURED,COUNT_BICYCLIST_KILLED,COUNT_BICYCLIST_INJURED,COUNT_MC_KILLED,COUNT_MC_INJURED,PRIMARY_RAMP,SECONDARY_RAMP,LATITUDE,LONGITUDE,COUNTY,CITY,POINT_X,POINT_Y
94448187,2024,2024-10-28,9745,2024-10-22,"750 ",016390,,2,1,9,4000,0,3,5,,2,004,"WILLOW ROAD","VIA CONCHA ROAD",0.00,,Y,A,-,N,,,,,,,,,,Y,4,0,2,2,A,-,09,21802,A,N,D,C,A,A,H,-,A,A,0,,,,,Y,,A,01,0,0,2,0,0,0,0,0,0,"- ","- ",35.047401428222656,-120.55048370361328,"SAN LUIS OBISPO",UNINCORPORATED,-120.55050659179688,35.047351837158203
94448970,2024,2024-10-29,9740,2024-10-27,1550,017498,,7,2,3,4004,0,1,2,,2,003,"US-101 NORTHBOUND","SR-46 (WEST)",1056.00,N,N,A,-,Y,SLO,,101," "," ",54.442,H,,R,Y,4,0,1,2,A,-,03,22350,,N,C,C,A,A,H,-,A,D,0,,,,,Y,,A,01,0,0,1,0,0,0,0,0,0,"- ","- ",35.594081878662109,-120.69525909423828,"SAN LUIS OBISPO","PASO ROBLES",-120.69526672363281,35.594081878662109
94451226,2024,2024-10-30,9745,2024-05-02,2340,022786,,4,3,2,4005,0,1,2,,2,404,"US-101 SOUTHBOUND","MATTIE ROAD",1750.00,S,N,A,-,Y,SLO,,101," "," ",17.405,H,,L,Y,1,1,0,1,A,-,08,22107,,N,E,I,A,A,H,-,C,D,0,,,,,Y,,A,01,0,0,0,0,0,0,0,0,0,"- ","- ",35.148769378662109,-120.64901733398438,"SAN LUIS OBISPO","PISMO BEACH",-120.64904022216797,35.148731231689453
94456071,2024,2024-11-04,9745,2024-10-26,"40  ",022786,,6,3,4,4006,0,1,2,,2,202,"US-101 SOUTHBOUND","MADONNA RD.",1600.00,N,N,A,-,Y,SLO,,101," "," ",27.808,H,,L,Y,4,0,2,1,A,-,08,22107,,N,E,I,A,A,H,-,C,D,0,,,,,Y,,A,01,0,0,2,0,0,0,0,0,0,"- ","- ",35.270488739013672,-120.67298126220703,"SAN LUIS OBISPO","SAN LUIS OBISPO",-120.67279815673828,35.270450592041016
94456076,2024,2024-11-04,9745,2024-10-27,1905,022565,,7,2,9,4000,0,3,5,,2,005,"DIVISION STREET","ORCHARD RD",50.00,E,N,A,-,N,,,,,,,,,,N,4,0,1,2,A,-,21,22106,,N,C,C,A,A,H,-,C,A,0,,,,,Y,,D,22,0,0,1,0,0,0,0,0,0,"- ","- ",35.022098541259766,-120.48867034912109,"SAN LUIS OBISPO",UNINCORPORATED,-120.48867034912109,35.022125244140625
94456088,2024,2024-11-04,9745,2024-10-28,1155,016816,,1,1,9,4000,0,1,2,,1,101,"US-101 SOUTHBOUND","TV TOWER ROAD",1056.00,S,N,A,-,Y,SLO,,101," "," ",34.921,H,,L,N,3,0,1,3,A,-,03,22350,,N,C,C,A,A,H,-,A,D,0,,,,,Y,,D,22,0,1,0,0,0,0,0,0,0,"- ","- ",35.346080780029297,-120.62922668457031,"SAN LUIS OBISPO",UNINCORPORATED,-120.62928009033203,35.346065521240234
94457122,2024,2024-11-04,9740,2024-11-01,1405,021275,,5,2,4,4008,0,1,2,,2,002,"US-101 NORTHBOUND",SR-41,50.00,N,N,A,-,Y,SLO,,101," "," ",45.592,H,,R,N,4,0,1,2,A,-,07,21658,A,N,B,C,A,A,H,-,A,D,0,,,,,Y,,A,07,0,0,1,0,0,0,0,0,0,"- ","- ",35.485580444335938,-120.66541290283203,"SAN LUIS OBISPO",ATASCADERO,-120.66541290283203,35.485576629638672
94457222,2024,2024-11-04,9745,2024-10-30,"700 ",017541,,3,1,9,4000,0,2,4,,1,058,"JOSHUA ST","SANTA MARIA VISTA RD",30.00,E,N,A,-,N,,,,,,,,,,N,4,0,1,3,A,-,03,22350,,N,C,C,A,A,H,-,A,D,0,,,,,Y,,A,07,0,0,1,0,0,0,0,0,0,"- ","- ",35.004570007324219,-120.45458984375,"SAN LUIS OBISPO",UNINCORPORATED,-120.45458221435547,35.004524230957031
94458092,2024,2024-11-05,9745,2024-11-03,2130,023805,,7,2,9,4000,0,1,2,,2,505,"US-101 SOUTHBOUND","EL CAMPO RD",750.00,S,N,A,-,Y,SLO,,101," "," ",11.700,H,,L,Y,3,0,1,1,A,-,08,22107,,N,F,I,A,A,H,-,D,D,0,,,,,Y,,A,07,0,1,0,0,0,0,0,0,0,"- ","- ",35.110401153564453,-120.56156921386719,"SAN LUIS OBISPO",UNINCORPORATED,-120.56159973144531,35.110359191894531
94460416,2024,2024-11-06,9740,2024-09-12,"59  ",022634,,4,3,9,4000,0,1,3,,2,005,"STATE ROUTE 58 (SR-58)","STATE ROUTE 229 (SR-229)",2990.00,E,N,A,-,Y,SLO,,58," "," ",7.470,H,,R,Y,1,1,0,1,A,-,01,23152,A,N,E,8,A,A,H,-,D,D,0,,,,,Y,Y,D,22,0,0,0,0,0,0,0,0,0,"- ","- ",35.428291320800781,-120.53910827636719,"SAN LUIS OBISPO",UNINCORPORATED,-120.53912353515625,35.428306579589844
94462657,2024,2024-11-07,9740,2024-09-14,2100,017498,,6,2,9,4000,0,1,3,,1,014,SR-1,"CAMBRIA DR.",3170.00,S,N,A,-,Y,SLO,,1," "," ",49.648,H,,R,Y,1,1,0,1,A,-,08,22107,,N,E,8,A,A,H,-,D,D,0,,,,,Y,,E,22,0,0,0,0,0,0,0,0,0,"- ","- ",35.557540893554688,-121.09274291992188,"SAN LUIS OBISPO",UNINCORPORATED,-121.09287261962891,35.557472229003906
94467014,2024,2024-12-16,9745,2024-10-28,"627 ",017709,,1,1,9,4000,0,1,3,,1,011,"SR-41 NORTHBOUND","IRONWOOD AVE",2112.00,N,N,B,-,Y,SLO,,41," "," ",0.710,H,,R,Y,2,0,1,2,A,-,03,22350,,N,B,2,A,A,H,-,D,D,0,,,,,Y,,D,22,1,0,0,0,0,0,0,0,0,"- ","- ",35.386188507080078,-120.84593963623047,"SAN LUIS OBISPO",UNINCORPORATED,-120.84590911865234,35.386123657226562
94471273,2024,2024-11-15,9740,2024-11-07,1710,023820,,4,2,9,4000,0,3,5,,2,024,"MAIN ST.","CAMBRIA DR.",0.00,,Y,A,-,N,,,,,,,,,,N,3,0,1,2,A,-,09,21800,A,M,D,C,A,A,H,-,C,A,0,,,,,Y,,-,99,0,1,0,0,0,0,0,0,0,"- ","- ",35.564460754394531,-121.09597015380859,"SAN LUIS OBISPO",UNINCORPORATED,-121.09590911865234,35.564453125
94472495,2024,2024-11-18,9745,2024-11-02,"848 ",017709,,6,1,2,4005,0,1,2,,2,404,"US-101 SOUTHBOUND","4TH STREET",1584.00,N,N,A,-,Y,SLO,,101," "," ",15.936,H,,L,Y,2,0,4,2,A,-,07,21658,A,N,B,2,A,A,H,-,A,D,0,,,,,Y,,A,01,1,0,3,0,0,0,0,0,0,"- ","- ",35.137519836425781,-120.62796020507812,"SAN LUIS OBISPO","PISMO BEACH",-120.62796020507812,35.137523651123047
94472995,2024,2024-11-18,9745,2024-11-06,1550,017857,,3,2,9,4000,0,1,3,,2,023,"SR-1 SOUTHBOUND","COLONY DRIVE",400.00,N,N,A,-,Y,SLO,,1," "," ",19.859,H,,L,Y,3,0,3,4,A,-,03,22350,,N,C,C,A,A,H,-,A,A,0,,,,,Y,,A,01,0,1,2,0,0,0,0,0,0,"- ","- ",35.319919586181641,-120.69834136962891,"SAN LUIS OBISPO",UNINCORPORATED,-120.69834136962891,35.319908142089844
94474974,2024,2024-11-19,9745,2024-11-07,1057,017541,,4,1,9,4000,0,1,2,,2,505,"US-101 NORTHBOUND","SR-166 (CUYAMA HIGHWAY)",2112.00,N,N,A,-,Y,SLO,,101," "," ",1.141,H,,R,Y,3,0,1,1,C,-,18,,,N,E,I,A,A,H,-,A,D,0,,,,,Y,,-,"- ",0,1,0,0,0,0,0,0,0,"- ","- ",35.000740051269531,-120.43691253662109,"SAN LUIS OBISPO",UNINCORPORATED,-120.43699645996094,35.000690460205078
94480152,2024,2024-11-22,9745,2024-11-10,1105,016390,,7,1,3,4001,0,1,2,,2,402,"US-101 N/B","OAK PARK BLVD.",1100.00,S,N,A,-,Y,SLO,,101," "," ",14.370,H,,R,Y,3,0,3,3,A,-,08,22107,,N,E,9,A,A,H,-,A,D,0,,,,,Y,,D,22,0,3,0,0,0,0,0,0,0,"- ","- ",35.128990173339844,-120.60260009765625,"SAN LUIS OBISPO","ARROYO GRANDE",-120.60257720947266,35.129020690917969
94480608,2024,2024-11-22,9745,2024-11-11,1435,020765,,1,2,9,4000,0,2,4,,1,046,"PRICE CANYON RD",SR-227,130.00,W,N,B,C,N,,,,,,,,,,Y,4,0,1,3,A,-,01,23152,A,N,C,C,A,B,H,-,A,D,0,,,,,Y,Y,A,01,0,0,1,0,0,0,0,0,0,"- ","- ",35.200340270996094,-120.60916900634766,"SAN LUIS OBISPO",UNINCORPORATED,-120.60911560058594,35.200389862060547
94482062,2024,2024-11-25,9740,2024-11-10,"115 ",023820,,7,3,9,4000,0,3,5,,2,017,"EL CAMINO REAL","LINDEN AVE.",950.00,N,N,A,-,N,,,,,,,,,,Y,2,0,1,2,A,-,08,22107,,N,C,E,A,A,H,-,D,D,0,,,,,Y,,A,07,1,0,0,0,0,0,0,0,0,"- ","- ",35.414981842041016,-120.60505676269531,"SAN LUIS OBISPO",UNINCORPORATED,-120.60487365722656,35.414760589599609
94482216,2024,2024-11-25,9740,2024-11-21,1710,021275,,4,2,9,4000,0,1,3,,2,008,"SR-46 WESTBOUND","JARDINE RD.",0.00,,Y,A,-,Y,SLO,,46," "," ",34.640,H,,L,Y,4,0,1,2,A,-,09,21802,A,M,E,I,A,A,H,-,C,A,0,,,,,Y,,-,99,0,0,1,0,0,0,0,0,0,"- ","- ",35.659381866455078,-120.6026611328125,"SAN LUIS OBISPO",UNINCORPORATED,-120.60264587402344,35.659309387207031
94482668,2024,2024-11-25,9740,2024-11-22,1607,021275,,5,2,4,4008,0,1,2,,2,002,"US-101 NORTHBOUND","SAN RAMON RD.",900.00,S,N,A,-,Y,SLO,,101," "," ",49.141,H,,R,N,4,0,1,2,A,-,03,22350,,N,C,C,A,A,H,-,A,D,0,,,,,Y,,A,01,0,0,1,0,0,0,0,0,0,"- ","- ",35.524040222167969,-120.70408630371094,"SAN LUIS OBISPO",ATASCADERO,-120.70408630371094,35.524040222167969
94486858,2024,2024-11-28,9745,2024-11-17,"130 ",022733,,7,3,2,4005,0,1,2,,2,404,"US-101 SOUTHBOUND","SPYGLASS DRIVE",4752.00,S,N,A,-,Y,SLO,,101," "," ",18.940,H,,L,Y,3,0,2,2,A,-,03,22350,,N,C,2,A,A,H,-,D,D,0,,,,,Y,,D,22,0,2,0,0,0,0,0,0,0,"- ","- ",35.158390045166016,-120.67340850830078,"SAN LUIS OBISPO","PISMO BEACH",-120.67340850830078,35.158390045166016
9448696,2022,2022-06-06,4006,2022-04-23,1459,98539,,6,5,4,4006,0,0,0,,0,,"MADONNA RD","EL MERCADO ST",399.00,E,N,A,-,N,,,,,,,,,,N,4,0,4,2,A,-,09,21801,A,N,D,C,A,A,H,-,A,D,0,,,,,Y,,A,01,0,0,4,0,0,0,0,0,0,"- ","- ",35.262680053710938,-120.67867279052734,"SAN LUIS OBISPO","SAN LUIS OBISPO",-120.67752838134766,35.263286590576172
94487191,2024,2024-11-28,9745,2024-11-17,1610,020765,,7,2,9,4000,0,2,4,,1,048,"AVILA BEACH DRIVE","CAVE LANDING RD",380.00,W,N,A,-,N,,,,,,,,,,Y,3,0,1,1,A,-,08,22107,,N,E,8,A,A,H,-,A,D,0,,,,,Y,,A,01,0,1,0,0,0,0,0,0,0,"- ","- ",35.181610107421875,-120.72296142578125,"SAN LUIS OBISPO",UNINCORPORATED,-120.72386169433594,35.183742523193359
94487601,2024,2024-11-29,9745,2024-11-20,"700 ",016816,,3,1,9,4000,0,3,5,,2,002,"TURRI RD.","SOUTH BAY BLVD.",528.00,E,N,A,-,N,,,,,,,,,,N,3,0,1,2,A,-,03,22350,,N,C,G,A,A,H,-,A,D,0,,Y,,,Y,,A,01,0,1,0,0,0,0,1,0,0,"- ","- ",35.336151123046875,-120.82134246826172,"SAN LUIS OBISPO",UNINCORPORATED,-120.82161712646484,35.336284637451172
94489303,2024,2024-12-02,9745,2024-11-22,1705,020643,,5,2,9,4000,0,2,4,,1,024,"S. BAY BLVD","NIPOMO AVE",100.00,S,N,A,-,N,,,,,,,,,,N,4,0,1,2,A,-,03,22350,,N,C,C,A,A,H,-,B,A,0,,,,,Y,,D,22,0,0,1,0,0,0,0,0,0,"- ","- ",35.316108703613281,-120.82337188720703,"SAN LUIS OBISPO",UNINCORPORATED,-120.82347869873047,35.316276550292969
94492208,2024,2024-12-04,9750,2024-11-10,"115 ",023429,,7,3,9,4000,0,1,2,,2,111,"US-101 N/B (EL CAMINO REAL)",SR-166,3538.00,S,N,A,-,Y,SLO,,101," "," ",0.146,H,,R,Y,4,0,1,2,A,-,01,23152,A,M,D,C,A,A,H,-,D,D,0,,,,Y,Y,Y,A,01,0,0,1,0,0,0,0,0,0,"- ","- ",34.986598968505859,-120.43314361572266,"SAN LUIS OBISPO",UNINCORPORATED,-120.43315124511719,34.986598968505859
94492308,2024,2024-12-04,9740,2024-11-27,1650,020302,,3,2,9,4000,0,2,4,,2,012,"NACIMIENTO LAKE DR. (G-14)","CHIMNEY ROCK RD.",1100.00,N,N,B,-,N,,,,,,,,,,Y,2,0,1,2,A,-,01,23152,G,N,D,C,A,B,H,-,D,D,0,,,,,Y,Y,A,01,1,0,0,0,0,0,0,0,0,"- ","- ",35.691230773925781,-120.80062866210938,"SAN LUIS OBISPO",UNINCORPORATED,-120.80051422119141,35.691261291503906
94493628,2024,2024-12-05,9740,2024-12-04,"214 ",022634,,3,3,9,4000,0,1,3,,2,008,"SR-46 WESTBOUND","E. CENTRE ST.",1003.00,W,N,B,-,Y,SLO,,46," "," ",48.391,H,,L,Y,3,0,1,1,A,-,08,22107,,N,E,8,A,A,H,-,D,D,0,,,,,Y,,D,22,0,1,0,0,0,0,0,0,0,"- ","- ",35.663700103759766,-120.36225891113281,"SAN LUIS OBISPO",UNINCORPORATED,-120.36211395263672,35.663562774658203
94495260,2024,2024-12-06,9740,2024-12-01,1708,021275,,7,2,9,4000,0,1,2,,2,004,"US-101 SOUTHBOUND","WELLSONA RD.",0.00,,Y,A,-,Y,SLO,,101," "," ",61.879,H,,L,Y,3,0,2,2,A,-,09,21801,A,N,D,C,A,A,H,-,C,D,0,,,,,Y,,A,01,0,1,1,0,0,0,0,0,0,"- ","- ",35.695850372314453,-120.69680786132812,"SAN LUIS OBISPO",UNINCORPORATED,-120.69679260253906,35.695850372314453
9449645,2022,2022-05-31,4006,2022-04-20,1649,18380,,3,5,4,4006,0,0,0,,0,,"TANK FARM RD","LONG ST",23.00,S,N,A,-,N,,,,,,,,,,Y,4,0,1,2,A,-,09,21801,A,N,D,C,A,A,H,-,A,A,0,,,,,Y,,A,01,0,0,1,0,0,0,0,0,0,"- ","- ",35.246849060058594,-120.57122039794922,"SAN LUIS OBISPO","SAN LUIS OBISPO",-120.671142578125,35.246810913085938
94497476,2024,2024-12-13,9745,2024-11-27,1137,017709,,3,1,2,4005,0,1,2,,2,404,"US-101 NORTHBOUND","4TH STREET",2640.00,N,N,A,-,Y,SLO,,101," "," ",16.170,H,,R,Y,4,0,1,2,A,-,03,22350,,N,C,C,A,A,H,-,A,D,0,,,,,Y,,A,01,0,0,1,0,0,0,0,0,0,"- ","- ",35.138580322265625,-120.63197326660156,"SAN LUIS OBISPO","PISMO BEACH",-120.6319580078125,35.138603210449219
94499271,2024,2024-12-13,9740,2024-12-06,1425,024160,,5,2,9,4000,0,3,5,,2,022,"KILER CANYON RD.","ARIBA RD.",1000.00,W,N,A,-,N,,,,,,,,,,N,3,0,1,2,A,-,01,23152,A,N,A,C,A,A,H,-,A,D,0,,,,,Y,Y,A,01,0,1,0,0,0,0,0,0,0,"- ","- ",35.608310699462891,-120.70616149902344,"SAN LUIS OBISPO",UNINCORPORATED,-120.70603942871094,35.608303070068359
94500855,2024,2024-12-13,9745,2024-11-29,1630,023036,,5,2,9,4000,0,3,5,,2,004,"HI MOUNTAIN RD","SAUCELITO CREEK RD",2112.00,S,N,A,-,N,,,,,,,,,,Y,4,0,1,1,A,-,08,22107,,N,E,8,A,A,H,-,A,D,0,,,,,Y,,D,22,0,0,1,0,0,0,0,0,0,"- ","- ",35.203258514404297,-120.42707824707031,"SAN LUIS OBISPO",UNINCORPORATED,-120.42671203613281,35.203338623046875
94501946,2024,2024-12-13,9740,2024-12-09,1950,022634,,1,2,9,4000,0,2,4,,2,012,"NACIMIENTO LAKE DR. (G-14)","RESERVOIR RD.",1056.00,W,N,A,-,N,,,,,,,,,,Y,3,0,2,1,A,-,01,23152,A,N,E,8,A,A,H,-,D,D,0,,,,,Y,Y,D,22,0,2,0,0,0,0,0,0,0,"- ","- ",35.736461639404297,-120.86692047119141,"SAN LUIS OBISPO",UNINCORPORATED,-120.86716461181641,35.735904693603516
94504885,2024,2024-12-16,9745,2024-12-05,1555,020619,,4,2,4,4006,0,1,2,,2,202,"US-101 NORTHBOUND","MARSH ST",1320.00,N,N,A,-,Y,SLO,,101," "," ",28.206,H,,R,N,4,0,3,2,A,-,03,22350,,N,C,C,A,A,H,-,A,D,0,,,,,Y,,A,01,0,0,3,0,0,0,0,0,0,"- ","- ",35.276058197021484,-120.67067718505859,"SAN LUIS OBISPO","SAN LUIS OBISPO",-120.67074584960938,35.276073455810547
94505338,2024,2024-12-16,9745,2024-11-23,1730,020643,,6,2,9,4000,0,1,3,,1,011,"SR-41 (MORRO ROAD)","CERRO ALTO RD",2640.00,S,N,A,-,Y,SLO,,41," "," ",6.673,H,,R,Y,4,0,1,1,A,-,01,23152,A,M,E,I,A,A,H,-,D,D,0,,,,,Y,Y,A,01,0,0,1,0,0,0,0,0,0,"- ","- ",35.428108215332031,-120.76058959960938,"SAN LUIS OBISPO",UNINCORPORATED,-120.76056671142578,35.428073883056641
94506651,2024,2024-12-17,9745,2024-12-08,1823,023140,,7,2,9,4000,0,2,4,,1,058,"ORCHARD RD","SOUTHLAND ST",65.00,N,N,A,-,N,,,,,,,,,,Y,2,0,4,2,A,-,01,23152,A,F,C,2,A,A,H,-,D,D,0,,,,,Y,Y,A,01,1,3,0,0,0,0,0,0,0,"- ","- ",35.016681671142578,-120.48053741455078,"SAN LUIS OBISPO",UNINCORPORATED,-120.48056030273438,35.016708374023438
94509285,2024,2024-12-18,9740,2024-12-17,1750,020302,,2,2,9,4000,0,1,3,,2,008,"SR-46 (EAST)","BITTERWATER RD.",6864.00,W,N,A,-,Y,,,,,,,,,,Y,4,0,1,1,A,-,08,22107,,N,E,I,A,A,H,-,D,D,0,,,,,Y,,A,07,0,0,1,0,0,0,0,0,0,"- ","- ",35.699268341064453,-120.32991027832031,"SAN LUIS OBISPO",UNINCORPORATED,-120.32672119140625,35.697719573974609
94509320,2024,2024-12-18,9745,2024-12-03,"535 ",016816,,2,3,9,4000,0,1,2,,1,101,"US-101 SOUTHBOUND","FOX HOLLOW RD.",300.00,S,N,A,-,Y,SLO,,101," "," ",30.870,H,,L,Y,2,0,1,4,A,-,03,22350,,N,C,C,A,A,H,-,C,D,0,,,,,Y,,D,22,1,0,0,0,0,0,0,0,0,"- ","- ",35.295341491699219,-120.63513946533203,"SAN LUIS OBISPO",UNINCORPORATED,-120.63513946533203,35.295356750488281
94509341,2024,2024-12-18,9745,2024-12-03,"526 ",024166,,2,3,9,4000,0,1,2,,1,101,"US-101 SOUTHBOUND","MONTEREY ST",3100.00,N,N,E,-,Y,SLO,,101," "," ",30.641,H,,L,Y,2,0,3,4,C,-,18,,,N,D,C,A,A,H,-,D,D,0,,,,,Y,,-,"- ",1,0,2,0,0,0,0,0,0,"- ","- ",35.295051574707031,-120.63907623291016,"SAN LUIS OBISPO",UNINCORPORATED,-120.63908386230469,35.295070648193359
94513987,2024,2024-12-23,9745,2024-12-05,1253,016816,,4,1,9,4000,0,3,5,,2,002,"ONTARIO ROAD","CASTILLO ROAD",300.00,N,N,A,-,N,,,,,,,,,,N,2,0,1,1,A,-,03,22350,,N,E,J,A,A,H,-,A,D,0,,Y,,,Y,,M,91,1,0,0,0,0,0,1,0,0,"- ","- ",35.206390380859375,-120.69725036621094,"SAN LUIS OBISPO",UNINCORPORATED,-120.69715881347656,35.206325531005859
94516369,2024,2024-12-26,9745,2024-12-13,1440,022733,,5,2,3,4001,0,1,2,,2,402,"US-101 NORTHBOUND","OAK PARK BLVD",100.00,S,N,A,-,Y,SLO,,101," "," ",14.586,H,,R,Y,3,0,1,1,A,-,08,22107,,N,F,0,A,A,H,-,A,D,0,,,Y,,Y,,C,02,0,1,0,0,0,0,0,0,1,"- ","- ",35.130161285400391,-120.60614013671875,"SAN LUIS OBISPO","ARROYO GRANDE",-120.60614776611328,35.130126953125
94516905,2024,2024-12-26,9740,2024-12-17,1330,019697,,2,1,9,4000,0,3,5,,2,021,"SANTA RITA RD.","SALT CREEK RD.",950.00,E,N,A,-,N,,,,,,,,,,Y,4,0,1,1,A,-,08,22107,,N,F,A,A,D,H,-,A,D,0,,,,,Y,,A,01,0,0,1,0,0,0,0,0,0,"- ","- ",35.525051116943359,-120.78994750976562,"SAN LUIS OBISPO",UNINCORPORATED,-120.78974914550781,35.524421691894531
94517352,2024,2025-02-04,9745,2024-12-14,1910,021120,,6,2,2,4005,0,1,2,,2,404,"US-101 SOUTHBOUND","FRADY LANE",900.00,N,N,A,-,Y,SLO,,101," "," ",16.387,H,,L,Y,2,0,2,1,A,-,03,22350,,N,E,8,A,A,H,-,C,D,0,,,,,Y,Y,A,01,2,0,0,0,0,0,0,0,0,"- ","- ",35.13909912109375,-120.63556671142578,"SAN LUIS OBISPO","PISMO BEACH",-120.63552093505859,35.139186859130859
94517363,2024,2024-12-27,9745,2024-12-15,"133 ",019648,,7,3,9,4000,0,1,2,,2,505,"US-101 S/B","TEFFT STREET",1584.00,N,N,A,-,Y,SLO,,101," "," ",5.686,H,,R,Y,4,0,1,1,A,-,08,22107,,N,E,I,A,A,H,-,D,D,0,,,,,Y,,A,01,0,0,1,0,0,0,0,0,0,"- ","- ",35.046821594238281,-120.49308013916016,"SAN LUIS OBISPO",UNINCORPORATED,-120.49329376220703,35.04669189453125
94517818,2024,2024-12-27,9740,2024-12-23,1240,020302,,1,1,9,4000,0,1,3,,1,014,SR-1,"BURTON DR.",1742.00,N,N,A,-,Y,SLO,,1," "," ",49.325,H,,R,Y,4,0,3,3,A,-,03,22350,,N,C,C,A,A,H,-,A,D,0,,,,,Y,,D,22,0,0,3,0,0,0,0,0,0,"- ","- ",35.554840087890625,-121.08837127685547,"SAN LUIS OBISPO",UNINCORPORATED,-121.08836364746094,35.554862976074219
9451821,2022,2022-05-31,4006,2022-04-10,0943,98137,,7,5,4,4006,0,0,0,,0,,"HIGUERA ST","HIND LN",345.00,S,N,A,-,N,,,,,,,,,,N,3,0,1,2,A,-,05,21650,1,N,D,G,A,A,H,-,A,D,0,,Y,,,Y,,L,04,0,1,0,0,0,0,1,0,0,"- ","- ",35.249198913574219,-120.67292785644531,"SAN LUIS OBISPO","SAN LUIS OBISPO",-120.67279052734375,35.248298645019531
9451838,2022,2022-05-31,4006,2022-04-14,1014,89870,,4,5,4,4006,0,0,0,,0,,"JOHNSON AV","MARSH ST",0.00,,Y,A,-,N,,,,,,,,,,Y,3,0,1,2,A,-,12,21453,A,N,D,C,A,A,H,-,A,A,0,,,,,Y,,A,07,0,1,0,0,0,0,0,0,0,"- ","- ",35.283138275146484,-120.65573883056641,"SAN LUIS OBISPO","SAN LUIS OBISPO",-120.65594482421875,35.282997131347656
9451839,2022,2022-05-31,4006,2022-04-01,1523,89870,,5,5,4,4006,0,0,0,,0,,"FIERO LN","BROAD ST",27.00,W,N,A,-,N,,,,,,,,,,N,4,0,1,2,A,-,08,22107,,N,D,C,A,A,H,-,A,A,0,,,,,Y,,A,01,0,0,1,0,0,0,0,0,0,"- ","- ",35.244838714599609,-120.64128112792969,"SAN LUIS OBISPO","SAN LUIS OBISPO",-120.64124298095703,35.244647979736328
9451840,2022,2022-05-31,4006,2022-04-02,1632,67850,,6,5,4,4006,0,0,0,,0,,"HIGUERA ST",HIGH,17.00,N,N,A,-,N,,,,,,,,,,Y,4,0,1,2,A,-,12,21453,A,F,D,C,A,A,H,-,A,A,0,,,Y,,Y,,C,02,0,0,1,0,0,0,0,0,0,"- ","- ",35.272159576416016,-120.65969848632812,"SAN LUIS OBISPO","SAN LUIS OBISPO",-120.66979217529297,35.272247314453125
94518525,2024,2024-12-27,9745,2024-12-16,"738 ",017709,,1,1,3,4001,0,1,2,,2,402,"US-101 SOUTHBOUND","OAK PARK BLVD",2640.00,S,N,A,-,Y,SLO,,101," "," ",14.147,H,,L,N,4,0,1,2,A,-,03,22350,,N,C,C,A,A,H,-,A,D,0,,,,,Y,,A,07,0,0,1,0,0,0,0,0,0,"- ","- ",35.127128601074219,-120.59931182861328,"SAN LUIS OBISPO","ARROYO GRANDE",-120.59931182861328,35.127124786376953
94518554,2024,2024-12-27,9740,2024-12-27,"620 ",020335,,5,1,9,4000,0,1,3,,2,008,"SR-46 WESTBOUND","E. CENTRE ST.",1008.00,W,N,B,-,Y,SLO,,46," "," ",48.390,H,,L,Y,3,0,1,1,A,-,08,22107,,N,E,8,A,B,H,-,D,D,0,,,,,Y,,A,01,0,1,0,0,0,0,0,0,0,"- ","- ",35.663688659667969,-120.36225891113281,"SAN LUIS OBISPO",UNINCORPORATED,-120.36212158203125,35.663555145263672